tree
version=v4
num_class=1
num_tree_per_iteration=1
label_index=0
max_feature_idx=6
objective=regression
feature_names=ride hour day_of_week month attendance temp rain
feature_infos=-1:19:3:8:10:22:6:24:4:9:11:20:1:25:5:2:0:7:17:18:14:12:21:15:16:13 [9:22] [0:6] [1:12] [-4108:80642] [-4.9579166666666667:32.950833333333328] [0:36.209999999999994]
tree_sizes=2973 3062 3039 3047 3054 3049 3021 3023 3035 3030 3026 3039 2998 3038 3001 2997 2993 2996 2950 2981 2994 2989 2974 2967 2950 2966 2955 2985 2963 2972 2955 2955 2975 2952 2919 2934 2966 2959 2934 2941 2951 2940 2934 2938 2936 2964 2950 2957 2933 2933 2933 2907 2942 2973 2913 2946 2941 2954 2952 2976 2955 2933 2925 2975 2947 2966 2976 2956 2921 2929 2970 2929 2925 2943 2951 2963 2961 2970 2945 2957 2959 2979 2932 2974 2978 2963 2953 3018 2983 2974 2951 2924 2951 2958 2979 2942 2952 2955 2979 2961 2912 2929 2938 3023 2919 2895 2935 2952 2995 2984 2952 2943 2971 2998 2875 2978 3011 2931 2864 2999 2954 2986 2948 2915 2970 2995 2957 2963

Tree=0
num_leaves=31
num_cat=10
split_feature=0 4 0 0 4 1 4 0 4 0 1 1 0 4 4 1 1 4 0 1 3 4 0 4 1 5 0 0 1 1
split_gain=1.54753e+08 3.56664e+07 3.3715e+07 9.79756e+06 7.02591e+06 6.96696e+06 6.62019e+06 5.03661e+06 2.8236e+06 2.8171e+06 2.60125e+06 3.40302e+06 3.32459e+06 2.24769e+06 2.12993e+06 2.08678e+06 2.73477e+06 2.3073e+06 1.9697e+06 1.84833e+06 1.61425e+06 1.30145e+06 1.27941e+06 1.18796e+06 1.13605e+06 1.13388e+06 1.129e+06 1.10409e+06 1.08903e+06 996048
threshold=0 26925.500000000004 1 2 47677.000000000007 18.500000000000004 48480.500000000007 3 14238.000000000002 4 10.500000000000002 18.500000000000004 5 46901.000000000007 52924.500000000007 10.500000000000002 16.500000000000004 30825.500000000004 6 9.5000000000000018 9.5000000000000018 49875.000000000007 7 57706.000000000007 10.500000000000002 16.117500000000003 8 9 19.500000000000004 10.500000000000002
decision_type=1 8 1 1 10 2 10 1 10 1 2 2 1 10 10 2 2 8 1 2 2 10 1 10 2 2 1 1 2 2
left_child=1 8 4 13 15 6 9 14 -1 20 -6 12 23 -3 -4 -2 17 -17 -8 -11 -5 -7 -10 -12 -15 -24 -23 -18 -26 -16
right_child=2 3 7 5 10 21 18 -9 22 19 11 -13 -14 24 29 16 27 -19 -20 -21 -22 26 25 -25 28 -27 -28 -29 -30 -31
leaf_value=22.274263217795603 21.983218382052609 23.017702552124636 21.880443831394658 24.775426418421002 22.170626169466978 22.905615774107076 25.12268303593029 21.60936659019638 22.449405615795992 22.629754890679095 23.137081763050272 22.35652099549031 22.652392987132004 22.749135364051735 21.687478363745477 22.296156193453573 22.292321159719755 22.675635573820994 24.417336378367175 23.870202684361768 23.705467317954319 22.061800797207958 23.28589513923373 23.694711766021737 24.100316457139343 22.684593022946963 23.936032001267311 21.920397154458634 22.992767765304777 22.364212507618369
leaf_weight=33730 41505 30214 182439 14184 14709 11549 20649 195228 12536 3191 24130 22717 28773 2517 6348 79716 45975 80512 19814 50986 4691 905 19495 15808 12141 13114 7273 35285 2716 37901
leaf_count=33730 41505 30214 182439 14184 14709 11549 20649 195228 12536 3191 24130 22717 28773 2517 6348 79716 45975 80512 19814 50986 4691 905 19495 15808 12141 13114 7273 35285 2716 37901
internal_value=22.4453 23.5075 22.1052 23.8946 22.4408 24.1145 24.2654 21.7956 22.6204 23.9812 22.7878 22.887 23.0624 23.2781 21.9559 22.3107 22.367 22.4868 24.7784 23.7969 24.5084 23.2474 22.8789 23.3576 23.7314 23.0439 23.73 22.1307 23.8978 22.2671
internal_weight=1.07075e+06 259705 811046 180830 389130 133242 113515 421916 78875 73052 106137 91428 68711 47588 226688 282993 241488 160228 40463 54177 18875 19727 45145 39938 17374 32609 8178 81260 14857 44249
internal_count=1070751 259705 811046 180830 389130 133242 113515 421916 78875 73052 106137 91428 68711 47588 226688 282993 241488 160228 40463 54177 18875 19727 45145 39938 17374 32609 8178 81260 14857 44249
cat_boundaries=0 1 2 3 4 5 6 7 8 9 10
cat_threshold=5252480 53248098 9216 133649 1048576 34078818 1048832 9216 128 52953120
is_linear=0
shrinkage=1


Tree=1
num_leaves=31
num_cat=9
split_feature=0 4 0 0 4 4 1 0 0 0 4 1 1 1 0 4 1 0 4 3 1 1 1 4 0 4 5 1 1 1
split_gain=1.39667e+08 3.21898e+07 3.05527e+07 8.84278e+06 6.6533e+06 6.3206e+06 4.57705e+06 3.24505e+06 2.86477e+06 2.832e+06 2.5483e+06 2.53291e+06 2.14631e+06 2.84631e+06 2.09909e+06 2.0431e+06 2.0231e+06 1.48154e+06 1.46362e+06 1.37104e+06 1.32171e+06 1.30124e+06 1.29871e+06 1.25676e+06 1.15466e+06 1.12312e+06 1.03204e+06 965171 948642 1.1959e+06
threshold=0 26925.500000000004 1 2 47228.000000000007 51342.500000000007 18.500000000000004 3 4 5 14238.000000000002 18.500000000000004 10.500000000000002 18.500000000000004 6 49583.500000000007 9.5000000000000018 7 50979.500000000007 9.5000000000000018 10.500000000000002 17.500000000000004 9.5000000000000018 30825.500000000004 8 5494.5000000000009 14.298333333333337 10.500000000000002 10.500000000000002 16.500000000000004
decision_type=1 8 1 1 10 10 2 1 1 1 10 2 2 2 1 10 2 1 10 2 2 2 2 8 1 8 2 2 2 2
left_child=1 10 14 15 9 6 8 12 19 22 -1 17 -6 -14 18 -3 -10 -7 -2 -5 -11 23 -4 -22 -12 -24 -26 -17 -9 -30
right_child=2 3 4 5 7 11 -8 28 16 20 24 -13 13 -15 -16 27 -18 -19 -20 -21 21 -23 25 -25 26 -27 -28 -29 29 -31
leaf_value=-0.16248280526055733 -0.629313310616889 0.56628672954478099 -0.5736393629367359 2.2391067275843044 -0.23945304007736273 2.6334250062182472 0.47013933270840491 -0.407677753677815 0.16782597399809784 -0.71680964560265192 0.0039026404955009707 1.2661201511941709 0.92660375120370697 0.058265509128819809 -0.79413678319956171 0.30354052180094843 1.3951795249516052 1.9504092935089006 -0.24757379893662754 1.3039457817120041 -0.36262423824932621 -0.55580504430545619 -0.5026176398500779 -0.0080400628376134965 0.82041573605013918 0.013520871688122696 0.25433439819845022 1.4322151135219023 0.26407393842441956 -0.16852377805696592
leaf_weight=33730 108200 32332 11216 15649 7567 16659 12494 10544 3570 20265 12536 7233 31957 13392 195228 2216 56409 15999 32697 5229 52453 32976 11248 47727 18117 167397 14492 13040 42626 25553
leaf_count=33730 108200 32332 11216 15649 7567 16659 12494 10544 3570 20265 12536 7233 31957 13392 195228 2216 56409 15999 32697 5229 52453 32976 11248 47727 18117 167397 14492 13040 42626 25553
internal_value=2.07705e-06 1.00913 -0.323139 1.37681 -0.0649599 1.5858 1.3608 0.23725 1.49842 -0.180851 0.16631 2.11272 0.539996 0.670175 -0.687915 0.791166 1.32191 2.30022 -0.540687 2.00393 -0.340602 -0.283372 -0.0517405 -0.193696 0.411967 -0.0189767 0.568665 1.26827 0.033678 0.101939
internal_weight=1.07075e+06 259705 811046 180830 474921 133242 93351 131639 80857 343282 78875 39891 52916 45349 336125 47588 59979 32658 140897 20878 153421 133156 189861 100180 45145 178645 32609 15256 78723 68179
internal_count=1070751 259705 811046 180830 474921 133242 93351 131639 80857 343282 78875 39891 52916 45349 336125 47588 59979 32658 140897 20878 153421 133156 189861 100180 45145 178645 32609 15256 78723 68179
cat_boundaries=0 1 2 3 4 5 6 7 8 9
cat_threshold=5252480 86557 9216 34078754 1048576 53215264 529 1048832 9216
is_linear=0
shrinkage=0.05


Tree=2
num_leaves=31
num_cat=11
split_feature=0 4 0 0 4 1 4 0 4 0 1 1 0 4 1 1 4 4 0 1 3 0 0 1 0 4 1 1 1 0
split_gain=1.26052e+08 2.90889e+07 2.76996e+07 7.76006e+06 5.76692e+06 5.69151e+06 5.12757e+06 4.04353e+06 2.72876e+06 2.22051e+06 2.03186e+06 2.62498e+06 2.67887e+06 1.86296e+06 1.83137e+06 1.91211e+06 1.7979e+06 1.7339e+06 1.61901e+06 1.50539e+06 1.45297e+06 1.30846e+06 1.24132e+06 1.20829e+06 1.15692e+06 1.21614e+06 1.11864e+06 986399 981538 966815
threshold=0 28399.500000000004 1 2 49583.500000000007 18.500000000000004 48480.500000000007 3 15703.000000000002 4 10.500000000000002 18.500000000000004 5 30825.500000000004 18.500000000000004 10.500000000000002 40401.000000000007 49583.500000000007 6 10.500000000000002 10.500000000000002 7 8 10.500000000000002 9 49960.000000000007 17.500000000000004 16.500000000000004 10.500000000000002 10
decision_type=1 8 1 1 10 2 10 1 10 1 2 2 1 8 2 2 10 10 1 2 2 1 1 2 1 10 2 2 2 1
left_child=1 8 4 17 13 6 9 16 -1 20 -6 12 -12 -2 15 -15 -4 -3 -8 29 -5 -10 -17 -18 -7 -26 -23 -25 -20 -11
right_child=2 3 7 5 10 24 18 -9 21 19 11 -13 -14 14 -16 22 23 -19 28 -21 -22 26 -24 27 25 -27 -28 -29 -30 -31
leaf_value=-0.11454636699130377 -0.25113899814967072 0.55413226235233159 -0.5536469091403714 2.0763797261498529 -0.23915119749194333 -0.39010936100620874 2.4215058391164259 -0.75443192685063432 0.016879331336454136 1.583552996663913 0.86267867817152699 -0.063372223250867651 0.19908723688791052 -0.34119472394579131 -0.381256496406217 0.59342286740685557 -0.72165562521822468 1.2048567233735126 0.99658160089040193 1.3544894443333286 0.843928755432933 0.74302810976279166 0.097838058269157174 -0.034896953328475304 0.51708840919546195 1.3662128780673468 -0.096307992561685707 -0.40837576256274355 1.9404487574236979 0.33051719582738054
leaf_weight=38945 133477 31116 141036 15169 13415 2047 20649 195228 12244 2012 36418 20755 26145 22638 26032 14550 12308 15256 3306 43137 2839 27908 95700 43613 10246 7166 4628 29731 16508 6529
leaf_count=38945 133477 31116 141036 15169 13415 2047 20649 195228 12244 2012 36418 20755 26145 22638 26032 14550 12308 15256 3306 43137 2839 27908 95700 43613 10246 7166 4628 29731 16508 6529
internal_value=3.7498e-06 0.958682 -0.306982 1.32372 -0.002715 1.52235 1.66173 -0.587599 0.191538 1.40178 0.331937 0.423888 0.585534 -0.113427 0.00223686 0.077361 -0.443893 0.76805 2.10942 1.23417 1.88104 0.457739 0.163304 -0.263222 0.734155 0.866053 0.623447 -0.186292 1.78206 0.627935
internal_weight=1.07075e+06 259705 811046 175980 389130 129608 110149 421916 83725 69686 96733 83318 62563 292397 158920 132888 226688 46372 40463 51678 18008 44780 110250 85652 19459 17412 32536 73344 19814 8541
internal_count=1070751 259705 811046 175980 389130 129608 110149 421916 83725 69686 96733 83318 62563 292397 158920 132888 226688 46372 40463 51678 18008 44780 110250 85652 19459 17412 32536 73344 19814 8541
cat_boundaries=0 1 2 3 4 5 6 7 8 9 10 11
cat_threshold=5252480 53248098 9216 133649 1048576 34078818 1048832 9216 524288 128 128
is_linear=0
shrinkage=0.05


Tree=3
num_leaves=31
num_cat=10
split_feature=0 4 0 4 4 0 1 0 0 1 0 0 4 1 0 1 1 1 0 1 4 1 1 0 1 4 1 4 1 4
split_gain=1.13763e+08 2.62757e+07 2.50925e+07 7.24176e+06 5.53649e+06 4.35331e+06 3.56337e+06 3.494e+06 2.73459e+06 2.42719e+06 2.35517e+06 2.22183e+06 2.09216e+06 1.90451e+06 2.55583e+06 1.78869e+06 1.77953e+06 1.77589e+06 1.69158e+06 1.61305e+06 1.57441e+06 1.43007e+06 1.79161e+06 1.23213e+06 1.5004e+06 1.15624e+06 1.08559e+06 1.08351e+06 1.07927e+06 993009
threshold=0 26925.500000000004 1 48480.500000000007 52924.500000000007 2 16.500000000000004 3 4 19.500000000000004 5 6 14238.000000000002 10.500000000000002 7 10.500000000000002 10.500000000000002 16.500000000000004 8 18.500000000000004 23473.000000000004 10.500000000000002 18.500000000000004 9 19.500000000000004 59765.000000000007 9.5000000000000018 55559.000000000007 9.5000000000000018 30825.500000000004
decision_type=1 8 1 10 10 1 2 1 1 2 1 1 10 2 1 2 2 2 1 2 8 2 2 1 2 10 2 10 2 8
left_child=1 12 18 5 8 -3 10 9 26 13 -7 21 -1 14 -5 -10 -12 28 27 20 -17 -6 -23 -8 -25 -15 -4 -2 -9 -28
right_child=2 3 4 7 11 6 23 17 15 -11 16 -13 -14 25 -16 19 -18 -19 -20 -21 -22 22 -24 24 -26 -27 29 -29 -30 -31
leaf_value=-0.14863135139347713 -0.56010199775744318 0.50360773463137187 -0.4794832366328996 2.7071662388829871 -0.17051010984426085 1.9345211130085513 -0.1258591170982285 0.040322871822452706 -0.63411088475896749 0.95917900080709373 0.58795362215595659 0.090443670529527218 0.37187330253203588 2.0780111428100145 0.54237677606992474 -0.3671070010000656 1.3770917719909985 0.62799756015029551 -0.73268515027903247 -0.54182730379948918 -0.026042899338175697 0.9706014681006967 0.14206953518147203 1.106065929801934 0.15677641859580344 2.7750861277995784 -0.11085408005243108 -0.19286665706935699 1.6063437306717718 0.13997641137047503
leaf_weight=33730 141992 31548 10797 2109 5209 15481 3918 1178 27952 5192 8989 53682 45145 19128 3872 50600 34805 8594 170738 29687 102134 21954 9284 14954 5768 8634 66420 23395 16660 97202
leaf_count=33730 141992 31548 10797 2109 5209 15481 3918 1178 27952 5192 8989 53682 45145 19128 3872 50600 34805 8594 170738 29687 102134 21954 9284 14954 5768 8634 66420 23395 16660 97202
internal_value=5.87684e-06 0.910755 -0.291633 1.24295 -0.0576585 1.00487 1.19312 1.66348 -0.140282 1.96509 1.40333 0.295082 0.149285 2.12045 1.31115 -0.261644 1.21484 1.21799 -0.62221 -0.204586 -0.139036 0.596302 0.72436 0.687907 0.841424 2.2948 0.00611182 -0.508124 1.50293 0.0381554
internal_weight=1.07075e+06 259705 811046 180830 474921 115463 83915 65367 384792 38935 59275 90129 78875 33743 5981 210373 43794 26432 336125 182421 152734 36447 31238 24640 20722 27762 174419 165387 17838 163622
internal_count=1070751 259705 811046 180830 474921 115463 83915 65367 384792 38935 59275 90129 78875 33743 5981 210373 43794 26432 336125 182421 152734 36447 31238 24640 20722 27762 174419 165387 17838 163622
cat_boundaries=0 1 2 3 4 5 6 7 8 9 10
cat_threshold=5252480 86557 9216 5243136 36438048 1048576 34078754 1048576 66065 128
is_linear=0
shrinkage=0.05


Tree=4
num_leaves=31
num_cat=11
split_feature=0 4 0 0 1 4 4 4 0 1 1 1 1 0 0 4 1 0 1 4 1 1 5 0 4 0 0 4 3 0
split_gain=1.02966e+08 2.3774e+07 1.83747e+07 1.18614e+07 4.27936e+06 4.05599e+06 3.35161e+06 3.28556e+06 2.9116e+06 2.31937e+06 2.63813e+06 2.08628e+06 2.3764e+06 2.51791e+06 2.06185e+06 1.87021e+06 1.64058e+06 1.52668e+06 1.4038e+06 1.25934e+06 1.24759e+06 1.48332e+06 1.13046e+06 1.10839e+06 1.09308e+06 1.05566e+06 1.01831e+06 986547 924890 883236
threshold=0 34548.500000000007 1 2 18.500000000000004 40401.000000000007 51342.500000000007 20726.000000000004 3 19.500000000000004 10.500000000000002 10.500000000000002 16.500000000000004 4 5 56147.500000000007 16.500000000000004 6 9.5000000000000018 5494.5000000000009 10.500000000000002 16.500000000000004 15.718750000000002 7 3016.0000000000005 8 9 52924.500000000007 10.500000000000002 10
decision_type=1 8 1 1 2 10 10 10 1 2 2 2 2 1 1 10 2 1 2 8 2 2 2 1 10 1 1 10 2 1
left_child=1 7 17 4 6 19 14 24 16 10 -5 -7 13 -13 28 -12 22 27 -16 -4 -21 -22 26 -8 -1 -6 -9 -2 -3 -14
right_child=2 3 5 9 25 11 23 8 -10 -11 15 12 29 -15 18 -17 -18 -19 -20 20 21 -23 -24 -25 -26 -27 -28 -29 -30 -31
leaf_value=-0.46316816239642544 -0.54271145784312613 1.9871867145545643 -0.59255818853954145 0.023952894107354572 -0.3850554983255764 -0.35068760788585451 2.2695132171564536 1.5343404471704802 0.065411377866256434 -0.080921358666397991 0.7356964366343316 0.69564066471538455 0.18558297696235562 0.12559209336830068 0.088724700857467323 1.4896671385523499 0.20566874427773177 -0.6960530413231576 1.2572036965797042 -0.45941694451670145 -0.045827318274354628 -0.33133898946058815 0.4774881354277411 1.6788091362271969 0.075435991273146874 0.8586690237954242 0.8043230378042181 -0.23405599422922829 0.86302672826300586 -0.23357370131426236
leaf_weight=11479 133256 14306 20358 10814 1910 21537 16659 9752 24380 10077 42646 31951 19959 49215 2728 10190 9603 170738 44496 35030 142430 66839 8329 15999 52518 15873 9545 32131 2098 33905
leaf_count=11479 133256 14306 20358 10814 1910 21537 16659 9752 24380 10077 42646 31951 19959 49215 2728 10190 9603 170738 44496 35030 142430 66839 8329 15999 52518 15873 9545 32131 2098 33905
internal_value=7.87967e-06 0.762195 -0.315402 1.11837 1.43784 -0.0953937 1.56958 0.229734 0.490366 0.623809 0.735479 0.106326 0.179219 0.350093 1.35824 0.881108 0.76843 -0.591101 1.18945 -0.214732 -0.183246 -0.137018 0.964328 1.98134 -0.0211722 0.725352 1.17446 -0.482717 1.84229 -0.0782665
internal_weight=1.07075e+06 313402 757349 187796 114069 421224 96286 125606 61609 73727 63650 156567 135030 81166 63628 52836 37229 336125 47224 264657 244299 209269 27626 32658 63997 17783 19297 165387 16404 53864
internal_count=1070751 313402 757349 187796 114069 421224 96286 125606 61609 73727 63650 156567 135030 81166 63628 52836 37229 336125 47224 264657 244299 209269 27626 32658 63997 17783 19297 165387 16404 53864
cat_boundaries=0 1 2 3 4 5 6 7 8 9 10 11
cat_threshold=5776768 86557 5243264 5243264 33554530 1048576 66065 1048832 128 1048704 50331680
is_linear=0
shrinkage=0.05


Tree=5
num_leaves=31
num_cat=10
split_feature=0 4 0 4 4 1 0 0 0 4 1 1 1 4 1 0 0 1 4 1 1 0 3 0 1 0 4 1 1 5
split_gain=9.29389e+07 2.15524e+07 2.07645e+07 5.73088e+06 4.44739e+06 3.69448e+06 2.98488e+06 2.90543e+06 2.85092e+06 2.0429e+06 1.99837e+06 1.73674e+06 2.30417e+06 2.04644e+06 1.72351e+06 2.25802e+06 1.61728e+06 1.51267e+06 1.44296e+06 1.36775e+06 1.68179e+06 1.88533e+06 1.25522e+06 1.21757e+06 1.17759e+06 1.07641e+06 1.01785e+06 952264 915870 872241
threshold=0 28399.500000000004 1 48480.500000000007 52924.500000000007 18.500000000000004 2 3 4 15703.000000000002 19.500000000000004 18.500000000000004 10.500000000000002 32485.500000000004 10.500000000000002 5 6 16.500000000000004 55559.000000000007 10.500000000000002 18.500000000000004 7 9.5000000000000018 8 10.500000000000002 9 59765.000000000007 17.500000000000004 10.500000000000002 15.718750000000002
decision_type=1 8 1 10 10 2 1 1 1 10 2 2 2 8 2 1 1 2 10 2 2 1 2 1 2 1 10 2 2 2
left_child=1 9 4 5 11 6 -3 18 10 -1 14 12 -2 -14 15 -5 22 28 -4 -6 21 -21 -8 -15 -18 -11 -16 29 -10 -27
right_child=2 3 7 8 19 -7 16 -9 17 25 -12 -13 13 23 26 -17 24 -19 -20 20 -22 -23 -24 -25 -26 27 -28 -29 -30 -31
leaf_value=-0.10197270771507919 -0.35825949440074489 0.57348118619565047 -0.43596779215390297 2.4641011584755836 -0.18746193881320616 0.18957427808251182 1.8473822194494529 -0.64796945139433593 0.6513660553899322 -0.0066286410141072928 0.86828658312031048 -0.37936752791174422 -0.12636543300743852 0.34189348683133991 1.8844509380542769 0.43002245019447677 0.52395847077469349 0.56163051777786099 -0.074046263550582372 0.15990504901631131 -0.0090473497180701308 0.81817164546733645 0.86926321687732644 0.020330053124280715 1.1665571332176128 0.85951570338498395 2.5384796445482976 -0.12059399283804201 1.5479542975621272 0.27396621548539157
leaf_weight=38945 46002 25889 194608 2109 10212 15038 13695 195228 3558 12244 5192 42449 109018 56414 19128 3872 8541 8594 32080 16874 15907 30690 4313 61564 43137 18104 8634 4628 14280 9804
leaf_count=38945 46002 25889 194608 2109 10212 15038 13695 195228 3558 12244 5192 42449 109018 56414 19128 3872 8541 8594 32080 16874 15907 30690 4313 61564 43137 18104 8634 4628 14280 9804
internal_value=1.07056e-05 0.823196 -0.263588 1.1374 -0.000149824 0.91806 1.03268 -0.50655 1.50857 0.162866 1.78102 -0.0818449 -0.0355825 0.0298098 1.92199 1.15211 1.20302 1.10616 -0.384733 0.349598 0.436007 0.584848 1.61222 0.174124 1.06015 0.393196 2.08785 0.543493 1.36912 0.653814
internal_weight=1.07075e+06 259705 811046 175980 389130 110613 95575 421916 65367 83725 38935 315447 272998 226996 33743 5981 69686 26432 226688 73683 63471 47564 18008 117978 51678 44780 27762 32536 17838 27908
internal_count=1070751 259705 811046 175980 389130 110613 95575 421916 65367 83725 38935 315447 272998 226996 33743 5981 69686 26432 226688 73683 63471 47564 18008 117978 51678 44780 27762 32536 17838 27908
cat_boundaries=0 1 2 3 4 5 6 7 8 9 10
cat_threshold=5252480 53248098 9216 133649 5243136 1048576 1048576 19136512 34078754 9216
is_linear=0
shrinkage=0.05


Tree=6
num_leaves=31
num_cat=12
split_feature=0 4 0 0 1 4 4 4 0 1 1 1 1 4 0 4 1 0 1 1 0 1 0 5 0 1 0 0 0 4
split_gain=8.42623e+07 1.95534e+07 1.50318e+07 9.58299e+06 3.51096e+06 3.39508e+06 2.77308e+06 2.70174e+06 2.43261e+06 1.96034e+06 2.25472e+06 1.71706e+06 2.04366e+06 1.75065e+06 1.69492e+06 1.59493e+06 1.42969e+06 1.22928e+06 1.22393e+06 1.1305e+06 1.24289e+06 1.40466e+06 1.04892e+06 992675 958358 940931 1.50368e+06 1.10258e+06 924731 921293
threshold=0 34548.500000000007 1 2 18.500000000000004 55162.500000000007 51677.500000000007 20077.000000000004 3 19.500000000000004 10.500000000000002 10.500000000000002 16.500000000000004 29639.000000000004 4 57338.000000000007 16.500000000000004 5 9.5000000000000018 10.500000000000002 6 19.500000000000004 7 15.925625000000002 8 10.500000000000002 9 10 11 3016.0000000000005
decision_type=1 8 1 1 2 10 10 10 1 2 2 2 2 8 1 10 2 1 2 2 1 2 1 2 1 2 1 1 1 10
left_child=1 7 17 4 6 11 14 29 16 10 -5 24 13 -13 -3 -12 23 -2 -16 -7 -21 -22 -15 -9 -4 26 -8 -27 -6 -1
right_child=2 3 5 9 28 19 25 8 -10 -11 15 12 -14 22 18 -17 -18 -19 -20 20 21 -23 -24 -25 -26 27 -28 -29 -30 -31
leaf_value=-0.43425782733908491 -0.43742073456902819 1.6663060539108301 0.048085495489106046 0.012857240475502347 -0.38477906488503022 -0.27860162272986438 2.085894781707641 1.052593777183582 0.052701317988610885 -0.079908100008251798 0.68074012809579076 -0.18312717235927359 -0.28192228472147846 0.29078695762393236 0.056257660109559876 1.4112316157556344 0.16647880368433304 -0.62885584102122205 1.1402960930604553 0.029855332497338127 0.6938999165068539 -0.11022797378839232 -0.0096463808237739999 0.41128177844163788 -0.51404698008947702 1.3503770310082313 0.4542335429934708 2.1109124353227688 0.77910406131268972 0.062468382063304496
leaf_weight=11479 165387 16561 9253 10814 1910 8526 2648 20218 25368 10077 43828 84735 103272 49279 2764 9008 9967 170738 44921 20003 26449 6834 70770 8601 42103 6483 3053 19856 15873 49973
leaf_count=11479 165387 16561 9253 10814 1910 8526 2648 20218 25368 10077 43828 84735 103272 49279 2764 9008 9967 170738 44921 20003 26449 6834 70770 8601 42103 6483 3053 19856 15873 49973
internal_value=1.21169e-05 0.689507 -0.285316 1.01252 1.29968 -0.0863249 1.419 0.206618 0.433574 0.567987 0.67065 -0.145195 -0.100573 -0.00911914 1.22951 0.805281 0.682495 -0.534678 1.07724 0.255966 0.3415 0.528629 0.113702 0.861195 -0.412856 1.79897 1.21656 1.92503 0.654318 -0.0303182
internal_weight=1.07075e+06 313402 757349 187796 114069 421224 96286 125606 64154 73727 63650 359412 308056 204784 64246 52836 38786 336125 47685 61812 53286 33283 120049 28819 51356 32040 5701 26339 17783 61452
internal_count=1070751 313402 757349 187796 114069 421224 96286 125606 64154 73727 63650 359412 308056 204784 64246 52836 38786 336125 47685 61812 53286 33283 120049 28819 51356 32040 5701 26339 17783 61452
cat_boundaries=0 1 2 3 4 5 6 7 8 9 10 11 12
cat_threshold=5776768 86557 5243264 5243264 1048576 66065 2492416 33554530 2359296 1048704 128 128
is_linear=0
shrinkage=0.05


Tree=7
num_leaves=31
num_cat=12
split_feature=0 4 0 0 1 4 0 4 0 1 0 4 1 1 1 1 1 0 4 1 0 0 4 4 0 4 4 5 0 0
split_gain=7.60489e+07 1.76479e+07 1.35663e+07 8.64953e+06 3.20395e+06 3.14953e+06 2.49591e+06 2.44338e+06 2.30682e+06 3.02104e+06 2.1385e+06 1.91153e+06 1.77723e+06 2.24533e+06 1.76451e+06 1.57652e+06 1.89158e+06 1.94358e+06 1.27127e+06 1.26756e+06 1.11407e+06 1.10835e+06 1.03011e+06 1.01779e+06 995464 861795 861403 851464 908190 759286
threshold=0 34548.500000000007 1 2 16.500000000000004 40401.000000000007 3 20726.000000000004 4 10.500000000000002 5 57423.000000000007 18.500000000000004 10.500000000000002 19.500000000000004 10.500000000000002 16.500000000000004 6 57338.000000000007 16.500000000000004 7 8 51342.500000000007 49218.000000000007 9 3016.0000000000005 59765.000000000007 15.718750000000002 10 11
decision_type=1 8 1 1 2 10 1 10 1 2 1 10 2 2 2 2 2 1 10 2 1 1 10 10 1 10 10 2 1 1
left_child=1 7 20 4 8 21 -6 25 -3 24 19 -11 13 -5 22 -7 17 -17 -15 27 23 -4 -8 -2 -10 -1 -19 28 -9 -18
right_child=2 3 5 12 6 15 14 10 9 11 -12 -13 -14 18 -16 16 29 26 -20 -21 -22 -23 -24 -25 -26 -27 -28 -29 -30 -31
leaf_value=-0.41254492410650834 -0.48122663157077988 1.8757850280062049 -0.083819487382404079 0.01221438041560139 -0.086975704369296344 -0.30152959066194973 1.0376464160495924 1.3535723244606888 1.3657362569494447 1.2909927472864504 0.056853113367858789 2.1487533118328979 0.051552892944259181 0.69379498322369726 0.48547278478060579 0.035286101020684767 0.17402299860203843 0.41189559137156312 1.3806882275157868 0.16468365405619573 -0.58533208377065604 -0.28849035338489348 1.7823473702623795 -0.17641538287207589 0.28797431413917529 0.06569473446879566 0.93491779751810844 0.40902573011416588 0.66476304233198957 -0.21461026417313644
leaf_weight=11479 103680 20274 131035 10814 5978 21537 13327 9752 2802 37679 24380 7848 14884 39926 9955 35690 19959 35348 8103 9603 195228 133622 7127 37217 9079 52518 10128 8329 9545 33905
leaf_count=11479 103680 20274 131035 10814 5978 21537 13327 9752 2802 37679 24380 7848 14884 39926 9955 35690 19959 35348 8103 9603 195228 133622 7127 37217 9079 52518 10128 8329 9545 33905
internal_value=1.47286e-05 0.655045 -0.271051 0.961917 1.23473 -0.0820088 0.847654 0.196287 1.4162 1.25335 0.421047 1.43885 0.539588 0.663125 1.03108 0.0957466 0.159111 0.311562 0.809681 0.659352 -0.507946 -0.187169 1.29713 -0.400684 0.543544 -0.0200861 0.528262 0.831541 1.01391 -0.0706119
internal_weight=1.07075e+06 313402 757349 187796 114069 421224 36387 125606 77682 57408 61609 45527 73727 58843 30409 156567 135030 81166 48029 37229 336125 264657 20454 140897 11881 63997 45476 27626 19297 53864
internal_count=1070751 313402 757349 187796 114069 421224 36387 125606 77682 57408 61609 45527 73727 58843 30409 156567 135030 81166 48029 37229 336125 264657 20454 140897 11881 63997 45476 27626 19297 53864
cat_boundaries=0 1 2 3 4 5 6 7 8 9 10 11 12
cat_threshold=5776768 86557 5243264 128 1048576 5243264 2492416 529 52690976 128 1048704 50331680
is_linear=0
shrinkage=0.05


Tree=8
num_leaves=31
num_cat=9
split_feature=0 4 0 4 4 1 0 0 0 4 1 1 4 1 1 4 1 0 1 0 1 0 3 4 5 1 1 1 0 4
split_gain=6.87213e+07 1.60169e+07 1.53912e+07 4.29137e+06 3.38905e+06 2.56905e+06 2.18941e+06 2.10025e+06 1.9565e+06 1.82433e+06 1.61515e+06 2.04961e+06 1.82061e+06 1.59048e+06 1.31548e+06 1.38015e+06 1.28591e+06 1.80742e+06 1.23e+06 998002 1.01697e+06 993533 977717 923097 890373 878699 867076 990960 1.32475e+06 814538
threshold=0 30577.500000000004 1 47228.000000000007 55559.000000000007 18.500000000000004 2 3 4 14238.000000000002 18.500000000000004 10.500000000000002 35058.500000000007 19.500000000000004 10.500000000000002 57706.000000000007 10.500000000000002 5 16.500000000000004 6 17.500000000000004 7 10.500000000000002 64652.000000000007 15.718750000000002 9.5000000000000018 10.500000000000002 19.500000000000004 8 3016.0000000000005
decision_type=1 8 1 10 10 2 1 1 1 10 2 2 8 2 2 10 2 1 2 1 2 1 2 8 2 2 2 2 1 10
left_child=1 9 4 5 10 8 18 14 22 -1 11 -2 29 16 -4 -16 17 -8 -5 -11 24 -14 -3 -18 -21 -10 -6 28 -28 -13
right_child=2 3 7 6 26 -7 13 -9 25 19 -12 12 21 -15 15 -17 23 -19 -20 20 -22 -23 -24 -25 -26 -27 27 -29 -30 -31
leaf_value=-0.12463430776715134 -0.30996168220247461 1.3079827107024324 -0.61578979329271355 1.1838644769341051 -0.13058112886992249 0.15026460014114137 0.37454531599224444 -0.55606698453891024 -0.088996632347091487 -0.0058026148024633573 -0.33108781066528792 -0.48341889147991923 0.33459059697085647 0.73551770176716069 -0.32871333714857087 0.096280906598327373 1.6753455216132236 2.1458682695047266 0.47531507253865074 0.75558705972785523 -0.13808564663464626 0.045447960343914739 0.53358147673291711 2.4770501710702293 0.21981681413932019 0.753639499944048 0.1496038968055878 -0.058841722397167555 0.77142492388276251 -0.048093074132648996
leaf_weight=33730 48787 27636 34658 18812 7427 13773 4087 195228 3290 15081 46810 11917 57191 5479 170517 21513 25168 2226 9082 22888 5862 61842 4781 4188 11728 51894 13079 7871 24908 109298
leaf_count=33730 48787 27636 34658 18812 7427 13773 4087 195228 3290 15081 46810 11917 57191 5479 170517 21513 25168 2226 9082 22888 5862 61842 4781 4188 11728 51894 13079 7871 24908 109298
internal_value=1.61176e-05 0.707871 -0.226652 0.992124 0.000153738 0.78506 1.29616 -0.435828 0.884865 0.165429 -0.0586215 -0.0144948 0.0455054 1.52829 -0.332257 -0.281101 1.6505 1.00312 0.952826 0.341526 0.470817 0.184402 1.1934 1.78972 0.574067 0.703275 0.370603 0.451773 0.557573 -0.0908912
internal_weight=1.07075e+06 259705 811046 170416 389130 101374 69042 421916 87601 89289 335845 289035 240248 41148 226688 192030 35669 6313 27894 55559 40478 119033 32417 29356 34616 55184 53285 45858 37987 121215
internal_count=1070751 259705 811046 170416 389130 101374 69042 421916 87601 89289 335845 289035 240248 41148 226688 192030 35669 6313 27894 55559 40478 119033 32417 29356 34616 55184 53285 45858 37987 121215
cat_boundaries=0 1 2 3 4 5 6 7 8 9
cat_threshold=5252480 53248098 9344 133649 1048832 4194560 9216 34078754 19136512
is_linear=0
shrinkage=0.05


Tree=9
num_leaves=31
num_cat=10
split_feature=0 4 0 0 1 4 0 4 0 1 0 4 1 1 1 4 1 1 0 4 1 1 1 0 0 4 4 4 5 0
split_gain=6.22322e+07 1.44745e+07 1.10906e+07 7.09413e+06 2.74529e+06 2.64757e+06 2.15421e+06 2.0282e+06 1.9368e+06 2.54879e+06 1.70499e+06 1.60377e+06 1.50545e+06 1.76045e+06 1.43524e+06 1.25956e+06 1.18805e+06 1.42315e+06 1.57199e+06 1.10838e+06 1.07115e+06 932604 1.25977e+06 908561 866584 818454 764002 708527 690344 790730
threshold=0 34548.500000000007 1 2 16.500000000000004 45010.000000000007 3 21451.000000000004 4 10.500000000000002 5 55559.000000000007 19.500000000000004 10.500000000000002 19.500000000000004 55559.000000000007 10.500000000000002 16.500000000000004 6 8687.0000000000018 16.500000000000004 10.500000000000002 16.500000000000004 7 8 51342.500000000007 3016.0000000000005 49218.000000000007 15.718750000000002 9
decision_type=1 8 1 1 2 10 1 10 1 2 1 10 2 2 2 10 2 2 1 8 2 2 2 1 1 10 10 10 2 1
left_child=1 7 23 4 8 19 -6 26 -3 24 20 -11 13 -5 25 -15 -7 18 -18 -4 28 -21 -23 27 -10 -8 -1 -2 29 -9
right_child=2 3 5 12 6 16 14 10 9 11 -12 -13 -14 15 -16 -17 17 -19 -20 21 -22 22 -24 -25 -26 -27 -28 -29 -30 -31
leaf_value=-0.38314965991779576 -0.43727947153964986 1.7066159853091702 -0.43610437513617734 -0.0032699782101274508 -0.10896654101605008 -0.26666807399239667 0.93830690865138033 1.261913015063483 1.251428515578529 1.1516045052952497 0.058318024115571458 1.8745076424047888 -0.079767352469850297 0.57274290981279641 0.43758043339643449 1.1768294032467617 0.047358522910481676 -0.042079718073810841 0.53733862161647616 -0.35529916887789181 0.14506511521994012 -0.0024994703626266871 -0.25639665931047678 -0.54034831248743742 0.24595586008465334 1.6021059712487853 0.065236226858686727 -0.20160615288770822 0.38130527198336883 0.604527701062891
leaf_weight=11479 122238 20274 31849 10814 5978 17686 13327 9336 2802 35759 23361 9768 10077 41974 9955 10862 29258 45185 37178 37216 9249 150518 72334 170738 9079 7127 55109 43149 7965 9107
leaf_count=11479 122238 20274 31849 10814 5978 17686 13327 9336 2802 35759 23361 9768 10077 41974 9955 10862 29258 45185 37178 37216 9249 150518 72334 170738 9079 7127 55109 43149 7965 9107
internal_value=1.68315e-05 0.592563 -0.245192 0.870479 1.11755 -0.0742669 0.759245 0.177093 1.28552 1.13631 0.390509 1.30671 0.488003 0.577968 0.929654 0.696931 0.114077 0.174405 0.321642 -0.157698 0.60796 -0.123603 -0.0849102 -0.459383 0.484346 1.1696 -0.0120603 -0.37577 0.770313 0.938314
internal_weight=1.07075e+06 313402 757349 187796 114069 421224 36387 125606 77682 57408 59018 45527 73727 63650 30409 52836 129307 111621 66436 291917 35657 260068 222852 336125 11881 20454 66588 165387 26408 18443
internal_count=1070751 313402 757349 187796 114069 421224 36387 125606 77682 57408 59018 45527 73727 63650 30409 52836 129307 111621 66436 291917 35657 260068 222852 336125 11881 20454 66588 165387 26408 18443
cat_boundaries=0 1 2 3 4 5 6 7 8 9 10
cat_threshold=5776768 86557 5243264 128 1048576 5243264 2492416 66065 128 1048704
is_linear=0
shrinkage=0.05


Tree=10
num_leaves=31
num_cat=10
split_feature=0 4 0 0 1 4 4 0 0 0 1 4 1 1 4 0 1 1 1 1 4 4 0 1 4 4 4 0 1 0
split_gain=5.61657e+07 1.30893e+07 1.00465e+07 6.04768e+06 2.33635e+06 2.29125e+06 2.12339e+06 1.87261e+06 1.84305e+06 1.67788e+06 2.22352e+06 1.41576e+06 1.3301e+06 1.72533e+06 1.27716e+06 1.27328e+06 1.22229e+06 1.10917e+06 1.07934e+06 1.3027e+06 986570 985031 752059 736345 698568 697546 646617 643719 642386 678468
threshold=0 35912.500000000007 1 2 16.500000000000004 57706.000000000007 21733.500000000004 3 4 5 10.500000000000002 57423.000000000007 18.500000000000004 10.500000000000002 23473.000000000004 6 19.500000000000004 16.500000000000004 19.500000000000004 10.500000000000002 57423.000000000007 64652.000000000007 7 16.500000000000004 3016.0000000000005 51342.500000000007 39905.500000000007 8 10.500000000000002 9
decision_type=1 8 1 1 2 10 10 1 1 1 2 10 2 2 8 1 2 2 2 2 10 10 1 2 10 10 10 1 2 1
left_child=1 6 5 4 9 14 24 -6 17 -3 22 26 13 -5 -2 20 25 -8 19 -16 -4 -15 -11 -21 -1 -9 -12 -26 -7 -30
right_child=2 3 15 12 7 28 8 16 -10 10 11 -13 -14 21 18 -17 -18 -19 -20 23 -22 -23 -24 -25 27 -27 -28 -29 29 -31
leaf_value=-0.36399216489281083 -0.25087665445865931 1.6349122253345503 -0.36105499018156356 0.0060871723153855554 -0.087292499882169083 -0.18832383636931349 0.76114868490222087 0.90176068101997253 0.063813156269802648 1.198534214439045 0.88181910929350293 1.8624052656349273 0.050698261690300256 0.66271861999554882 -0.28241643121794385 -0.50225347675761123 0.44013324851231711 0.16252841102479215 -0.36965404581382533 0.1160012853506866 -0.001346219187677779 1.6313720344281581 0.24075835669527251 -0.10420336060469236 0.28149373236106062 1.5220006945889935 1.3105553271380797 -0.067748943884160112 0.0457695640025369 0.53100706058586078
leaf_weight=11479 91318 19361 166701 10316 5750 5618 29434 12455 26193 2682 15792 7848 14337 43034 34159 195228 9657 10498 21499 133598 21523 2795 8663 53034 21184 7127 19847 34950 10228 24443
leaf_count=11479 91318 19361 166701 10316 5750 5618 29434 12455 26193 2682 15792 7848 14337 43034 34159 195228 9657 10498 21499 133598 21523 2795 8663 53034 21184 7127 19847 34950 10228 24443
internal_value=1.83592e-05 0.562943 -0.232932 0.841749 1.07483 -0.0485075 0.188437 0.738126 0.389897 1.23377 1.09163 1.25445 0.480463 0.590291 -0.0915224 -0.412756 0.900171 0.603622 -0.0314624 0.00146816 -0.319906 0.721794 0.468449 0.0534272 -0.00858993 1.1275 1.12058 0.0640873 0.30766 0.388028
internal_weight=1.07075e+06 313402 757349 179664 109182 373897 133738 34989 66125 74193 54832 43487 70482 56145 333608 383452 29239 39932 242290 220791 188224 45829 11345 186632 67613 19582 35639 56134 40289 34671
internal_count=1070751 313402 757349 179664 109182 373897 133738 34989 66125 74193 54832 43487 70482 56145 333608 383452 29239 39932 242290 220791 188224 45829 11345 186632 67613 19582 35639 56134 40289 34671
cat_boundaries=0 1 2 3 4 5 6 7 8 9 10
cat_threshold=5776768 52854882 5243264 128 5243264 1048576 2577 128 8576 2490368
is_linear=0
shrinkage=0.05


Tree=11
num_leaves=31
num_cat=8
split_feature=0 4 0 4 4 1 0 0 0 1 4 4 1 1 2 1 1 1 0 1 1 0 3 1 1 4 4 4 0 2
split_gain=5.07953e+07 1.19798e+07 1.14864e+07 3.8444e+06 2.62116e+06 2.19659e+06 1.65981e+06 1.64295e+06 1.49901e+06 1.13204e+06 1.16635e+06 1.0648e+06 1.05492e+06 1.16256e+06 1.0863e+06 1.02472e+06 1.01043e+06 1.22291e+06 1.34564e+06 938363 932450 865226 879714 814597 793938 756676 747815 694902 661468 658855
threshold=0 26925.500000000004 1 47228.000000000007 47228.000000000007 18.500000000000004 2 3 4 10.500000000000002 35425.500000000007 12055.500000000002 18.500000000000004 10.500000000000002 4.5000000000000009 19.500000000000004 19.500000000000004 10.500000000000002 5 9.5000000000000018 18.500000000000004 6 9.5000000000000018 9.5000000000000018 16.500000000000004 61136.000000000007 64652.000000000007 29639.000000000004 7 5.5000000000000009
decision_type=1 8 1 10 10 2 1 1 1 2 10 10 2 2 2 2 2 2 1 2 2 1 2 2 2 10 10 8 1 2
left_child=1 11 4 5 12 6 -3 15 9 -4 -11 28 13 -2 27 -5 17 -6 25 -9 26 22 -8 -23 -12 -19 -21 -15 -1 -16
right_child=2 3 8 7 16 -7 21 19 -10 10 24 -13 -14 14 29 -17 -18 18 -20 20 -22 23 -24 -25 -26 -27 -28 -29 -30 -31
leaf_value=0.22736053159473371 -0.284430804872639 0.39870687226129536 -0.55107956665610891 1.5483898529528812 -0.14028141034207103 0.081486011478192233 1.3631503368781477 -0.0456305993194994 -0.47714208743928305 -0.35498090115854825 0.013259538156216083 0.22809998894886491 -0.33441251447884945 -0.16093857279241286 0.4380219917003132 0.61621823658590047 -0.16154580235113475 0.40407163937663243 0.10360550102638016 1.0101128626506399 0.50280846959170145 -0.027327607736266531 0.56463266135799683 0.80976648071393387 -0.292257888084622 0.8627116293974938 1.7063467706953253 0.050015688518762938 -0.31505868936565895 0.062550464096266842
leaf_weight=7905 41301 26363 34658 23602 14913 14672 13671 2327 195228 103156 53645 51571 35377 79942 19454 3369 15558 33099 31592 27310 7943 3088 4613 49381 35229 12348 4491 76295 19399 29251
leaf_count=7905 41301 26363 34658 23602 14913 14672 13671 2327 195228 103156 53645 51571 35377 79942 19454 3369 15558 33099 31592 27310 7943 3088 4613 49381 35229 12348 4491 76295 19399 29251
internal_value=1.89995e-05 0.608589 -0.194856 0.832892 0.00107744 0.651712 0.737861 1.12624 -0.37556 -0.288059 -0.240603 0.094427 -0.0791018 -0.0424221 0.00634882 1.43142 0.211105 0.274157 0.354382 0.93004 0.987399 0.864053 1.16105 0.760355 -0.107845 0.528568 1.10844 -0.0579236 -0.158051 0.212523
internal_weight=1.07075e+06 259705 811046 180830 389130 111788 97116 69042 421916 226688 192030 78875 281620 246243 204942 26971 107510 91952 77039 42071 39744 70753 18284 52469 88874 45447 31801 156237 27304 48705
internal_count=1070751 259705 811046 180830 389130 111788 97116 69042 421916 226688 192030 78875 281620 246243 204942 26971 107510 91952 77039 42071 39744 70753 18284 52469 88874 45447 31801 156237 27304 48705
cat_boundaries=0 1 2 3 4 5 6 7 8
cat_threshold=5252480 53248098 9216 1048832 133649 34078818 1048576 8320
is_linear=0
shrinkage=0.05


Tree=12
num_leaves=31
num_cat=12
split_feature=0 4 0 0 4 1 0 4 0 0 1 4 4 4 1 1 1 1 1 1 0 0 4 0 4 0 0 3 0 5
split_gain=4.59953e+07 1.07849e+07 8.213e+06 4.91869e+06 2.07025e+06 1.9671e+06 2.07439e+06 1.74174e+06 1.66352e+06 1.60364e+06 1.88491e+06 1.37779e+06 1.22284e+06 1.16639e+06 1.04841e+06 997733 969595 1.14117e+06 911985 1.05636e+06 842882 667349 643585 628864 627543 613905 609803 786841 1.0221e+06 590960
threshold=0 35912.500000000007 1 2 57706.000000000007 16.500000000000004 3 20077.000000000004 4 5 10.500000000000002 41956.500000000007 23473.000000000004 61282.500000000007 17.500000000000004 19.500000000000004 19.500000000000004 10.500000000000002 19.500000000000004 10.500000000000002 6 7 57706.000000000007 8 64652.000000000007 9 10 5.5000000000000009 11 16.117500000000003
decision_type=1 8 1 1 10 2 1 10 1 1 2 10 8 10 2 2 2 2 2 2 1 1 10 1 10 1 1 2 1 2
left_child=1 7 21 13 12 9 15 26 14 -5 23 -12 -4 18 29 -7 17 25 19 -3 -19 -2 -23 -11 -13 -14 27 28 -1 -9
right_child=2 3 4 5 -6 6 -8 8 -10 10 11 24 16 -15 -16 -17 -18 20 -20 -21 -22 22 -24 -25 -26 -27 -28 -29 -30 -31
leaf_value=1.5472900310904949 -0.48218538004192707 -0.12095403901097401 -0.24964498301493399 1.484118585936484 0.25521964742935321 1.0211465694530899 -0.19162122251755342 0.76636205322653961 0.039408285955475839 1.0962289429889691 0.8089968537421881 1.2514328551906813 0.14648380199492603 0.97818969933175248 -0.020710869540611347 0.40012194572111687 -0.34948316440638028 0.14468504451791453 -0.16294799949703226 0.51590370279565678 -0.057625357797046285 -0.36933332547303188 -0.084951964670342925 0.23441174984941698 2.0140543829354032 -0.36519806982059438 0.078454848154441412 -0.39724884852967574 -0.37813992800725371 0.32079240555662891
leaf_weight=1276 133106 7869 102361 19361 45401 19582 6194 26041 28613 2682 22600 24986 7222 7642 7213 9657 24160 89132 8329 37739 121861 180662 22357 9999 3024 31087 42629 16065 1482 10419
leaf_count=1276 133106 7869 102361 19361 45401 19582 6194 26041 28613 2682 22600 24986 7222 7642 7213 9657 24160 89132 8329 37739 121861 180662 22357 9999 3024 31087 42629 16065 1482 10419
internal_value=1.80158e-05 0.509433 -0.210789 0.76251 -0.0637003 0.951433 0.639834 0.169487 0.335857 1.08513 0.962693 1.09943 -0.102229 0.400007 0.529949 0.815757 -0.0470488 -0.0177397 0.318162 0.406023 0.0278429 -0.39511 -0.338 0.417733 1.33377 -0.268793 -0.0262145 -0.263164 0.516907 0.639034
internal_weight=1.07075e+06 313402 757349 179664 421224 118085 35433 133738 72286 82652 63291 50610 375823 61579 43673 29239 273462 249302 53937 45608 210993 336125 203019 12681 28010 38309 61452 18823 2758 36460
internal_count=1070751 313402 757349 179664 421224 118085 35433 133738 72286 82652 63291 50610 375823 61579 43673 29239 273462 249302 53937 45608 210993 336125 203019 12681 28010 38309 61452 18823 2758 36460
cat_boundaries=0 1 2 3 4 5 6 7 8 9 10 11 12
cat_threshold=5776768 86557 525312 5243136 5243264 1048576 50331682 4108 128 2359296 1049600 1048576
is_linear=0
shrinkage=0.05


Tree=13
num_leaves=31
num_cat=9
split_feature=0 4 0 0 4 4 1 4 0 0 1 0 1 1 0 1 4 1 1 4 4 1 1 1 0 5 4 5 0 3
split_gain=4.15116e+07 9.75041e+06 7.43608e+06 4.7142e+06 1.98533e+06 1.74863e+06 1.66554e+06 1.36697e+06 1.37463e+06 1.25232e+06 1.42612e+06 1.21636e+06 1.14784e+06 1.39247e+06 1.06368e+06 995241 1.01468e+06 885767 862014 820411 818246 821603 1.1523e+06 703347 683224 636484 574545 706300 572690 600628
threshold=0 34548.500000000007 1 2 59765.000000000007 52924.500000000007 16.500000000000004 18409.500000000004 3 4 10.500000000000002 5 9.5000000000000018 18.500000000000004 6 10.500000000000002 40401.000000000007 17.500000000000004 19.500000000000004 64652.000000000007 4129.0000000000009 16.500000000000004 10.500000000000002 18.500000000000004 7 15.925625000000002 39905.500000000007 16.215000000000003 8 2.5000000000000004
decision_type=1 8 1 1 10 10 2 10 1 1 2 1 2 2 1 2 10 2 2 10 8 2 2 2 1 2 10 2 1 2
left_child=1 7 5 4 6 20 9 28 17 -3 -11 15 -5 19 -8 -4 -17 25 -16 -14 -2 22 -22 -18 -23 -9 -12 -28 29 -1
right_child=2 3 11 12 -6 -7 14 8 -10 10 26 -13 13 -15 18 16 23 -19 -20 -21 21 24 -24 -25 -26 -27 27 -29 -30 -31
leaf_value=0.49521679756254527 -0.44108636846644117 1.3334633953478898 -0.50774027915987807 -0.36767014363367606 1.4405019500197074 0.2118378381923689 -0.13386166129224661 0.71315488714532593 0.016259026262747358 0.31691672234578278 0.76758148595623876 -0.43145048343228504 0.52026771869231048 0.02257978707754596 0.85442376376024187 -0.30697777695817496 0.011119187957993559 -0.054348368617828879 0.23688311399882994 1.3520447056265836 -0.25074643014154491 -0.042320577957654232 0.062116581063602273 -0.36444100230984638 -0.34381013961744816 0.24603043318116616 1.4140182118084517 0.8430376891292154 0.066745865253226941 -0.38992299758641141
leaf_weight=2194 14808 17622 34658 4564 15453 63444 5080 24559 27179 10271 17832 195228 51132 14884 17724 118686 57420 6670 8296 3147 36925 36454 145003 15924 38799 10372 11726 10065 39476 15156
leaf_count=2194 14808 17622 34658 4564 15453 63444 5080 24559 27179 10271 17832 195228 51132 14884 17724 118686 57420 6670 8296 3147 36925 36454 145003 15924 38799 10372 11726 10065 39476 15156
internal_value=1.86545e-05 0.483967 -0.20025 0.712066 0.913471 -0.0245335 0.830979 0.142972 0.292901 0.970439 0.841787 -0.339945 0.400277 0.451011 0.52822 -0.261123 -0.216627 0.473521 0.65728 0.568493 -0.0796703 -0.0588606 -0.00138363 -0.0704201 -0.197814 0.574452 0.978055 1.15029 -0.0384972 -0.277832
internal_weight=1.07075e+06 313402 757349 187796 114069 335433 98616 125606 68780 67516 49894 421916 73727 69163 31100 226688 192030 41601 26020 54279 271989 257181 181928 73344 75253 34931 39623 21791 56826 17350
internal_count=1070751 313402 757349 187796 114069 335433 98616 125606 68780 67516 49894 421916 73727 69163 31100 226688 192030 41601 26020 54279 271989 257181 181928 73344 75253 34931 39623 21791 56826 17350
cat_boundaries=0 1 2 3 4 5 6 7 8 9
cat_threshold=5776768 52723810 5243264 5243264 1048576 133649 128 52428832 1049600
is_linear=0
shrinkage=0.05


Tree=14
num_leaves=31
num_cat=10
split_feature=0 4 0 4 4 1 0 1 0 1 0 1 1 2 1 1 0 4 4 4 4 0 1 0 2 1 1 4 0 0
split_gain=3.75762e+07 9.08739e+06 8.48987e+06 3.17935e+06 2.03706e+06 1.76813e+06 1.51763e+06 1.33606e+06 1.12631e+06 1.09067e+06 1.043e+06 872800 962499 945983 840922 1.02831e+06 1.15305e+06 769519 764893 677760 667393 605919 593931 662466 548882 525697 534582 508721 490244 482660
threshold=0 39727.000000000007 1 24522.000000000004 47228.000000000007 18.500000000000004 2 18.500000000000004 3 9.5000000000000018 4 18.500000000000004 9.5000000000000018 4.5000000000000009 19.500000000000004 10.500000000000002 5 61136.000000000007 60160.500000000007 64652.000000000007 5494.5000000000009 6 21.500000000000004 7 5.5000000000000009 18.500000000000004 10.500000000000002 59765.000000000007 8 9
decision_type=1 10 1 8 10 2 1 2 1 2 1 2 2 2 2 2 1 10 10 10 10 1 2 1 2 2 2 10 1 1
left_child=1 3 4 20 11 6 27 10 18 -8 -5 12 -2 21 15 -6 -17 -18 -4 -11 -1 -14 23 -7 -15 26 -22 -3 -28 -12
right_child=2 5 8 7 14 22 9 -9 -10 19 29 -13 13 24 -16 16 17 -19 -20 -21 25 -23 -24 -25 -26 -27 28 -29 -30 -31
leaf_value=-0.3085792747597273 -0.4285465788353337 1.1830089642767188 -0.2379977800962379 0.26852782509184364 -0.13650584631803511 0.87902060792975956 -0.047786676795774252 -0.030168359396974195 -0.37855764103648071 0.83520518908060049 0.89990440070282196 -0.30205611370225482 0.013909526505098435 0.36330496372236154 -0.15394971344022812 -0.048081926959937182 0.3110815873430417 0.71428510294002057 0.20479994928774647 1.4829049296485706 -0.19407163966113597 -0.17276512204248612 -0.27335959557264106 0.21512371099358615 0.040742490541101128 -0.41823139392885067 0.38451124547963955 1.6834820736817706 0.046835812735460308 0.57731290977482064
leaf_weight=11603 14717 23960 122962 23521 14913 8143 3254 11174 288361 40126 15753 35377 99145 21958 15558 16886 43961 16192 10593 4491 9215 77401 2404 7011 33022 4386 22813 6443 20339 45069
leaf_count=11603 14717 23960 122962 23521 14913 8143 3254 11174 288361 40126 15753 35377 99145 21958 15558 16886 43961 16192 10593 4491 9215 77401 2404 7011 33022 4386 22813 6443 20339 45069
internal_value=1.79405e-05 0.523444 -0.167593 0.297286 0.000856444 0.91023 1.01195 0.483595 -0.322948 0.835774 0.551659 -0.0698268 -0.0364631 -0.0115403 0.18601 0.24353 0.317096 0.419546 -0.202862 0.900401 0.0369475 -0.0679411 0.456765 0.572591 0.169568 0.10759 0.15163 1.28865 0.225453 0.660999
internal_weight=1.07075e+06 259705 811046 163873 389130 95832 78274 95517 421916 47871 84343 281620 246243 231526 107510 91952 77039 60153 133555 44617 68356 176546 17558 15154 54980 56753 52367 30403 43152 60822
internal_count=1070751 259705 811046 163873 389130 95832 78274 95517 421916 47871 84343 281620 246243 231526 107510 91952 77039 60153 133555 44617 68356 176546 17558 15154 54980 56753 52367 30403 43152 60822
cat_boundaries=0 1 2 3 4 5 6 7 8 9 10
cat_threshold=5252480 53248098 1048832 133632 9216 2359296 36438048 4194560 4194688 1048576
is_linear=0
shrinkage=0.05


Tree=15
num_leaves=31
num_cat=10
split_feature=0 4 0 0 1 4 4 1 4 1 0 0 1 4 4 1 1 0 4 4 0 4 1 1 1 0 0 5 0 1
split_gain=3.39643e+07 8.06724e+06 6.06687e+06 3.66796e+06 1.92501e+06 1.68024e+06 1.64267e+06 1.38968e+06 1.31231e+06 1.18305e+06 1.0959e+06 898964 781646 775800 692094 642510 760036 617933 562522 537677 535973 545385 517403 509971 508544 1.19143e+06 475519 472761 469120 760554
threshold=0 35912.500000000007 1 2 16.500000000000004 59765.000000000007 40401.000000000007 9.5000000000000018 22387.500000000004 19.500000000000004 3 4 16.500000000000004 4129.0000000000009 39727.000000000007 10.500000000000002 16.500000000000004 5 55559.000000000007 3016.0000000000005 6 55559.000000000007 19.500000000000004 18.500000000000004 10.500000000000002 7 8 13.569375000000003 9 10.500000000000002
decision_type=1 8 1 1 2 10 10 2 10 2 1 1 2 8 10 2 2 1 10 10 1 10 2 2 2 1 1 2 1 2
left_child=1 8 20 4 7 9 13 -3 19 14 12 15 28 -4 -5 -8 -17 -15 26 -1 -2 -22 -13 -21 25 -16 -9 -28 -10 -30
right_child=2 3 6 5 -6 -7 11 18 10 -11 -12 22 -14 17 24 16 -18 -19 -20 23 21 -23 -24 -25 -26 -27 27 -29 29 -31
leaf_value=-0.31819338097198879 -0.41758056300012192 -0.24046406064049042 -0.44220994098045047 0.67595427957796606 0.11035414083630768 1.4365221402555512 -0.18690661548173415 0.76132980849163112 0.81562931065671995 0.22822030268675433 0.051971002282373668 0.02684841548548221 0.099425742529574632 -0.18569185085522999 1.5059072386801269 0.51145808185454289 0.093311440535118209 -0.027215483321927345 0.95888401241888599 0.098571914840436842 -0.32155024053181186 -0.085868404383210306 -0.34506780113865032 -0.45332535712583888 1.0890337310802605 0.13325697301213255 0.60991597993931679 0.17164245211745927 -0.25007687785430921 0.61217232740893313
leaf_weight=11479 133106 4605 18579 26749 30100 12169 7343 20451 14128 7998 25173 95123 10107 124087 2433 23555 20175 121991 12516 54202 174453 28566 10371 4536 32338 4502 15673 10130 3355 10758
leaf_count=11479 133106 4605 18579 26749 30100 12169 7343 20451 14128 7998 25173 95123 10107 124087 2433 23555 20175 121991 12516 54202 174453 28566 10371 4536 32338 4502 15673 10130 3355 10758
internal_value=1.8296e-05 0.437768 -0.181132 0.656648 0.439549 0.891945 -0.0547136 0.59597 0.143757 0.802537 0.30843 0.0736599 0.476641 -0.130659 0.87211 0.245825 0.318545 -0.107137 0.661509 -0.00521285 -0.339551 -0.288374 -0.00971334 0.055952 1.00571 0.617186 0.581042 0.437685 0.611809 0.406907
internal_weight=1.07075e+06 313402 757349 179664 93475 86189 421224 63375 133738 74020 63521 156567 38348 264657 66022 51073 43730 246078 58770 70217 336125 203019 105494 58738 39273 6935 46254 25803 28241 14113
internal_count=1070751 313402 757349 179664 93475 86189 421224 63375 133738 74020 63521 156567 38348 264657 66022 51073 43730 246078 58770 70217 336125 203019 105494 58738 39273 6935 46254 25803 28241 14113
cat_boundaries=0 1 2 3 4 5 6 7 8 9 10
cat_threshold=5776768 86557 533632 5243264 33554466 165954 4108 1048576 8320 1048704
is_linear=0
shrinkage=0.05


Tree=16
num_leaves=31
num_cat=11
split_feature=0 4 0 4 4 1 1 0 1 1 4 1 0 0 1 4 0 1 5 4 4 4 0 1 0 4 0 1 0 0
split_gain=3.06715e+07 7.50471e+06 6.95043e+06 2.60607e+06 1.76408e+06 1.47805e+06 1.20421e+06 1.1906e+06 1.03853e+06 1.19456e+06 1.12191e+06 982020 932982 932786 892589 872926 669220 660470 623824 633824 559521 557675 535181 528595 578979 489658 480526 479609 507331 467052
threshold=0 39905.500000000007 1 24522.000000000004 57706.000000000007 18.500000000000004 19.500000000000004 2 18.500000000000004 9.5000000000000018 30825.500000000004 10.500000000000002 3 4 10.500000000000002 30825.500000000004 5 16.500000000000004 15.718750000000002 5494.5000000000009 64652.000000000007 8272.5000000000018 6 21.500000000000004 7 60160.500000000007 8 9.5000000000000018 9 10
decision_type=1 10 1 8 10 2 2 1 2 2 8 2 1 1 2 10 1 2 2 10 10 10 1 2 1 10 1 2 1 1
left_child=1 3 4 21 8 7 12 -3 9 -2 18 22 -5 14 -4 -16 -12 25 -11 -20 -13 -1 -9 24 -7 -17 -10 -6 -29 -14
right_child=2 5 13 6 27 23 -8 11 26 10 16 20 29 -15 15 17 -18 -19 19 -21 -22 -23 -24 -25 -26 -27 -28 28 -30 -31
leaf_value=-0.21133094171501987 -0.39181769718292037 1.1671748850539529 -0.45650596787359776 0.22436488110785069 -0.37676324789106957 -0.48166741266270496 -0.2321841530001863 0.9106004398545271 -0.11269421320389494 -0.20240565697683577 0.24355494801113178 0.80486832519218121 0.81298412614989535 -0.37210925930923627 -0.29559048405940008 -0.038246735930636211 0.033279821127029013 -0.24061128965706713 -0.30326544719881654 0.12073982829683677 1.4302144252229601 0.11636524258074261 0.015150091477264628 -0.2768463382010849 0.61702661918628576 0.35788950875662923 -0.42803705758807181 0.17259753514905379 0.53170069967536882 0.50449318472130111
leaf_weight=17425 18328 30103 34658 25183 2411 1309 6296 2315 28094 62121 58936 35089 16547 195228 88936 53933 105701 40041 11173 41743 3983 50931 5923 2404 13745 9120 21217 19992 19414 48452
leaf_count=17425 18328 30103 34658 25183 2411 1309 6296 2315 28094 62121 58936 35089 16547 195228 88936 53933 105701 40041 11173 41743 3983 50931 5923 2404 13745 9120 21217 19992 19414 48452
internal_value=1.86156e-05 0.472915 -0.151412 0.269023 0.00100218 0.827219 0.436368 0.92094 -0.0359379 -0.000767061 0.0248598 0.763855 0.483043 -0.291978 -0.222955 -0.180814 0.10857 -0.0818004 -0.0949432 0.0312128 0.868616 0.0328304 0.267909 0.411636 0.521581 0.0190505 -0.248486 0.30781 0.349694 0.58314
internal_weight=1.07075e+06 259705 811046 164834 389130 94871 96478 77413 347313 298002 279674 47310 90182 421916 226688 192030 164637 103094 115037 52916 39072 68356 8238 17458 15054 63053 49311 41817 39406 64999
internal_count=1070751 259705 811046 164834 389130 94871 96478 77413 347313 298002 279674 47310 90182 421916 226688 192030 164637 103094 115037 52916 39072 68356 8238 17458 15054 63053 49311 41817 39406 64999
cat_boundaries=0 1 2 3 4 5 6 7 8 9 10 11
cat_threshold=5252480 53248098 1048832 9216 133649 34078752 8320 128 52953120 19169344 1048576
is_linear=0
shrinkage=0.05


Tree=17
num_leaves=31
num_cat=11
split_feature=0 4 0 0 1 4 4 4 0 1 1 1 0 1 1 4 0 0 0 1 4 5 0 0 1 5 4 3 0 4
split_gain=2.77369e+07 6.64706e+06 4.96375e+06 2.82799e+06 1.52925e+06 1.38349e+06 1.36679e+06 1.31874e+06 1.19208e+06 1.10894e+06 925710 1.45009e+06 1.07986e+06 835353 822998 726712 685016 663664 549998 1.4273e+06 583152 533904 504454 503796 499992 537050 495126 465413 445277 469108
threshold=0 38917.500000000007 1 2 16.500000000000004 30825.500000000004 59765.000000000007 22387.500000000004 3 9.5000000000000018 10.500000000000002 16.500000000000004 4 19.500000000000004 16.500000000000004 56748.000000000007 5 6 7 10.500000000000002 40120.500000000007 16.215000000000003 8 9 16.500000000000004 10.644791666666668 8272.5000000000018 10.500000000000002 10 61136.000000000007
decision_type=1 8 1 1 2 8 10 10 1 2 2 2 1 2 2 10 1 1 1 2 10 2 1 1 2 2 10 2 1 10
left_child=1 7 28 6 9 17 13 23 14 -5 22 12 15 18 -9 -12 -13 -4 24 -20 -21 27 -7 -1 -3 -26 -25 -22 -2 -30
right_child=2 3 5 4 -6 10 -8 8 -10 -11 11 16 -14 -15 -16 -17 -18 -19 19 20 21 -23 -24 26 25 -27 -28 -29 29 -31
leaf_value=0.24610151361890337 -0.37809900609336622 1.1571036333587972 -0.066451293985428248 -0.22095196473781648 0.11015172984515192 -0.007852864383295256 1.3168585916336546 0.57959558147405321 0.051563613467306119 0.62152454825287251 0.23229715664043679 0.074264110626900276 0.037141842783103368 0.23557298165514801 0.11004680271652156 0.68887924794051236 -0.21242380048843237 -0.27973023531744018 0.030032882742390316 0.55178542800606578 1.4508087947901571 0.72143048912641006 -0.37327811835781766 -0.3162048022679409 -0.23951352993633482 0.93792692734937266 0.018114331463977198 0.77251105304251955 -0.28236504456640915 0.0019947369282208405
leaf_weight=15562 133106 15173 72507 4210 27822 16958 12169 34336 30723 54094 49879 33181 87398 7290 12815 10560 55987 73431 6702 12082 7498 10064 21323 15432 1442 2949 39223 3816 187298 15721
leaf_count=15562 133106 15173 72507 4210 27822 16958 12169 34336 30723 54094 49879 33181 87398 7290 12815 10560 55987 73431 6702 12082 7498 10064 21323 15432 1442 2949 39223 3816 187298 15721
internal_value=1.9478e-05 0.395608 -0.163684 0.613566 0.415101 -0.0493343 0.829269 0.152332 0.294013 0.560691 0.0166417 0.0534909 0.149542 0.740855 0.451883 0.31202 -0.105758 -0.17379 0.802528 0.69587 0.829445 0.986366 -0.211499 -0.00479772 1.0206 0.551257 -0.0762677 1.22203 -0.306978 -0.260333
internal_weight=1.07075e+06 313402 757349 165311 86126 421224 79185 148091 77874 58304 275286 237005 147837 67016 47151 60439 89168 145938 59726 40162 33460 21378 38281 70217 19564 4391 54655 11314 336125 203019
internal_count=1070751 313402 757349 165311 86126 421224 79185 148091 77874 58304 275286 237005 147837 67016 47151 60439 89168 145938 59726 40162 33460 21378 38281 70217 19564 4391 54655 11314 336125 203019
cat_boundaries=0 1 2 3 4 5 6 7 8 9 10 11
cat_threshold=5776768 86557 5243136 5243264 33554530 50331680 19169312 1048576 35913760 8320 4108
is_linear=0
shrinkage=0.05


Tree=18
num_leaves=31
num_cat=13
split_feature=0 4 0 4 4 1 1 0 1 1 4 1 0 0 4 0 2 4 3 0 0 0 1 0 3 0 4 0 1 0
split_gain=2.50512e+07 6.22489e+06 5.64751e+06 2.10328e+06 1.5117e+06 1.25869e+06 1.01352e+06 1.00893e+06 949725 998071 947199 817388 793060 737657 604313 572750 509869 509046 502638 1.01858e+06 791462 480219 462716 519374 426406 441423 424189 410415 397311 406230
threshold=0 39727.000000000007 1 24522.000000000004 57842.000000000007 18.500000000000004 19.500000000000004 2 19.500000000000004 9.5000000000000018 32485.500000000004 10.500000000000002 3 4 57423.000000000007 5 4.5000000000000009 64652.000000000007 5.5000000000000009 6 7 8 21.500000000000004 9 4.5000000000000009 10 58118.500000000007 11 9.5000000000000018 12
decision_type=1 10 1 8 10 2 2 1 2 2 8 2 1 1 10 1 2 10 2 1 1 1 2 1 2 1 10 1 2 1
left_child=1 3 4 18 8 7 13 -3 9 -2 16 21 14 -5 -4 -12 27 24 19 -1 -20 -9 23 26 25 -13 -7 -11 -6 -30
right_child=2 5 12 6 28 22 -8 11 -10 10 15 17 -14 -15 -16 -17 -18 -19 20 -21 -22 -23 -24 -25 -26 -27 -28 -29 29 -31
leaf_value=1.4065511749431174 -0.3648288070358367 1.0589587240396885 -0.20064255785180732 0.20347139648317081 -0.34783318645494304 0.43111948597024208 -0.22409667234013453 0.84382619439040207 -0.30911243591188015 -0.049047754597549613 0.21179986075257895 1.3397213624490032 -0.3102068743676093 0.52421814255723653 0.13607149083612499 0.022002729312112401 0.12341873288445576 1.3207332815596156 -0.27071136868640139 0.11081054106472753 0.11156304786142004 0.0014625840308975535 -0.27952518761777839 -0.13156143472456064 0.63819757816340195 0.48472563111556283 1.0938623913449308 -0.24655053376188643 0.50129567827231969 0.17020839523128678
leaf_weight=1870 18468 30403 118542 24903 2271 8916 6244 2350 28507 61425 62442 4847 288361 64370 15013 109367 23506 3983 21213 7880 37393 5987 2404 2927 28457 2247 3311 46016 18284 18844
leaf_count=1870 18468 30403 118542 24903 2271 8916 6244 2350 28507 61425 62442 4847 288361 64370 15013 109367 23506 3983 21213 7880 37393 5987 2404 2927 28457 2247 3311 46016 18284 18844
internal_value=1.80798e-05 0.427397 -0.136836 0.240217 0.000550884 0.74752 0.391752 0.833342 -0.0325265 -0.00798086 0.0137867 0.689687 -0.263545 0.434826 -0.16278 0.0909959 -0.0875156 0.78471 0.02847 0.360883 -0.026832 0.239919 0.36492 0.467153 0.724656 1.07148 0.610087 -0.133664 0.294167 0.333436
internal_weight=1.07075e+06 259705 811046 163873 389130 95832 95517 78274 349731 321224 302756 47871 421916 89273 133555 171809 130947 39534 68356 9750 58606 8337 17558 15154 35551 7094 12227 107441 39399 37128
internal_count=1070751 259705 811046 163873 389130 95832 95517 78274 349731 321224 302756 47871 421916 89273 133555 171809 130947 39534 68356 9750 58606 8337 17558 15154 35551 7094 12227 107441 39399 37128
cat_boundaries=0 1 2 3 4 5 6 7 8 9 10 11 12 13
cat_threshold=5252480 53248098 1048832 133632 9216 34078752 1048576 1049600 8320 4195584 4195328 19660832 34078754
is_linear=0
shrinkage=0.05


Tree=19
num_leaves=31
num_cat=9
split_feature=0 4 0 0 4 1 4 0 1 1 4 1 0 1 1 4 1 1 5 4 0 0 1 1 1 0 2 0 3 3
split_gain=2.26469e+07 5.49231e+06 4.03956e+06 2.03424e+06 1.88323e+06 1.2867e+06 1.20299e+06 1.06749e+06 1.02737e+06 797166 771430 722905 646615 715294 941141 624171 537297 563547 517993 509573 504804 494224 483972 450879 664927 463374 460852 445759 420512 394280
threshold=0 40401.000000000007 1 2 25414.000000000004 18.500000000000004 40401.000000000007 3 16.500000000000004 20.500000000000004 59765.000000000007 9.5000000000000018 4 10.500000000000002 16.500000000000004 3016.0000000000005 18.500000000000004 10.500000000000002 16.215000000000003 3016.0000000000005 5 6 10.500000000000002 10.500000000000002 16.500000000000004 7 4.5000000000000009 8 4.5000000000000009 1.5000000000000002
decision_type=1 10 1 1 8 2 10 1 2 2 10 2 1 2 2 8 2 2 2 10 1 1 2 2 2 1 2 1 2 2
left_child=1 4 -2 9 16 7 15 29 11 10 28 -5 13 -8 -15 -4 17 -1 -13 -19 -20 -10 -9 25 26 -17 -25 -21 -3 -6
right_child=2 3 6 8 5 -7 12 22 21 -11 -12 18 -14 14 -16 23 -18 19 20 27 -22 -23 -24 24 -26 -27 -28 -29 -30 -31
leaf_value=-0.23290476994999199 -0.27717006328502625 1.1274811434823129 -0.40322040237168272 -0.15294262723081081 0.12712606236162527 -0.10144759490154309 -0.2062731464967604 -0.18130975361876989 0.4545280610823268 0.16014638945735771 1.2702385476927078 0.83164249469388651 -0.04853084250764448 0.37494524645485156 0.019915760053957773 0.13363058019666468 -0.41243317501683441 -0.22912132711974623 1.1356966004672153 0.33393731915668051 0.33236693890148833 -0.054604876144506001 0.27563089556325154 -0.050481743561804564 -0.19146127825580439 -0.33834915410070382 0.1612187918365923 0.049327917594478188 0.72191672987332334 0.56877593912084456
leaf_weight=13735 336125 7967 16956 3070 5564 14914 11782 7051 7709 3868 11261 18163 69561 40850 34374 6324 6579 9011 2267 24809 14156 12462 32527 111095 67610 29225 33447 30897 32319 55073
leaf_count=13735 336125 7967 16956 3070 5564 14914 11782 7051 7709 3868 11261 18163 69561 40850 34374 6324 6579 9011 2267 24809 14156 12462 32527 111095 67610 29225 33447 30897 32319 55073
internal_value=1.99693e-05 0.357473 -0.147902 0.635764 0.200046 0.33185 -0.0447458 0.396333 0.428054 0.852285 0.904387 0.582374 0.0651124 0.155957 0.212713 -0.109738 0.0215876 0.0579846 0.647644 0.119721 0.444151 0.140175 0.194176 -0.089648 -0.0620342 -0.254444 -0.00149427 0.176149 0.802122 0.528163
internal_weight=1.07075e+06 313402 757349 113242 200160 115129 421224 100215 57827 55415 51547 37656 156567 87006 75224 264657 85031 78452 34586 64717 16423 20171 39578 247701 212152 35549 144542 55706 40286 60637
internal_count=1070751 313402 757349 113242 200160 115129 421224 100215 57827 55415 51547 37656 156567 87006 75224 264657 85031 78452 34586 64717 16423 20171 39578 247701 212152 35549 144542 55706 40286 60637
cat_boundaries=0 1 2 3 4 5 6 7 8 9
cat_threshold=5776768 86557 5243136 5243264 50331746 8192 1024 2359296 4194688
is_linear=0
shrinkage=0.05


Tree=20
num_leaves=31
num_cat=10
split_feature=0 4 0 0 4 1 4 1 1 0 1 1 2 4 0 1 2 4 5 0 1 1 0 0 1 3 4 0 0 1
split_gain=2.04392e+07 5.00921e+06 3.66819e+06 2.45096e+06 1.55998e+06 1.44582e+06 1.20897e+06 937580 866072 842667 794939 1.13415e+06 942171 787482 770393 763584 601178 598546 567509 525430 476476 636105 687977 453651 1.2394e+06 765963 423879 413564 394622 981896
threshold=0 34548.500000000007 1 2 59765.000000000007 16.500000000000004 55559.000000000007 9.5000000000000018 18.500000000000004 3 10.500000000000002 17.500000000000004 4.5000000000000009 12055.500000000002 4 19.500000000000004 5.5000000000000009 35058.500000000007 15.718750000000002 5 11.500000000000002 18.500000000000004 6 7 10.500000000000002 10.500000000000002 57338.000000000007 8 9 16.500000000000004
decision_type=1 8 1 1 10 2 10 2 2 1 2 2 2 10 1 2 2 10 2 1 2 2 1 1 2 2 10 1 1 2
left_child=1 8 -2 6 9 7 15 -5 13 -4 -11 12 17 27 18 23 -14 -12 28 -20 -6 22 -22 25 -25 -3 -9 -1 29 -15
right_child=2 3 4 5 20 -7 -8 26 -10 10 11 -13 16 14 -16 -17 -18 -19 19 -21 21 -23 -24 24 -26 -27 -28 -29 -30 -31
leaf_value=0.13802112749023651 -0.28083905463708131 0.96248664204528289 -0.0041098193014210893 -0.2094928475151735 -0.077545075808234123 0.049942160614705529 1.0329963945839002 0.45542216649923883 -0.32583448956512218 -0.37861496641320458 -0.19446217190530976 -0.30409695448899737 0.36964520278773144 0.79282242164532268 0.026460485296193516 0.10658561123728259 -0.012380992161261616 0.057311414972302403 -0.37806320499090418 0.26142460233627823 0.73950761537162557 -0.042771495344238616 0.18738661144788449 -0.048221372357398415 0.67680622416300551 0.057130148556692788 0.80610800597789734 -0.2382349219022534 0.28658714331382096 -0.25596922879082357
leaf_weight=12412 288361 17762 192374 4823 8811 31371 20116 51210 11132 31556 75000 54714 19204 14108 33106 7230 22206 34448 4294 12659 11788 8029 10858 7082 35152 2690 10360 17719 17525 2651
leaf_count=12412 288361 17762 192374 4823 8811 31371 20116 51210 11132 31556 75000 54714 19204 14108 33106 7230 22206 34448 4294 12659 11788 8029 10858 7082 35152 2690 10360 17719 17525 2651
internal_value=1.97724e-05 0.339603 -0.140507 0.503094 -0.0542192 0.329636 0.691337 0.461842 0.0951912 -0.0818698 -0.144948 -0.109086 -0.0383584 0.136134 0.214516 0.593134 0.164785 -0.115218 0.335955 0.0993809 0.246532 0.339619 0.475193 0.649251 0.555099 0.842995 0.51443 -0.0832753 0.453036 0.626547
internal_weight=1.07075e+06 313402 757349 187796 468988 97764 90032 66393 125606 429502 237128 205572 150858 114474 84343 69916 41410 109448 51237 16953 39486 30675 22646 62686 42234 20452 61570 30131 34284 16759
internal_count=1070751 313402 757349 187796 468988 97764 90032 66393 125606 429502 237128 205572 150858 114474 84343 69916 41410 109448 51237 16953 39486 30675 22646 62686 42234 20452 61570 30131 34284 16759
cat_boundaries=0 1 2 3 4 5 6 7 8 9 10
cat_threshold=5776768 86045 5243136 52690976 5243264 1048576 33587810 1048576 532608 1048704
is_linear=0
shrinkage=0.05


Tree=21
num_leaves=31
num_cat=9
split_feature=0 4 0 4 4 1 1 1 0 4 0 0 1 1 1 2 4 3 3 2 0 1 0 1 0 1 0 3 4 4
split_gain=1.84992e+07 4.71769e+06 4.21696e+06 1.59401e+06 1.19351e+06 1.01218e+06 907834 804628 1.49981e+06 764037 755514 648055 669845 637378 604852 612463 595891 594604 586004 551627 461223 452363 450077 449075 789483 1.21766e+06 681599 448544 481552 430342
threshold=0 39905.500000000007 1 18409.500000000004 49218.000000000007 18.500000000000004 19.500000000000004 10.500000000000002 2 64652.000000000007 3 4 10.500000000000002 19.500000000000004 9.5000000000000018 4.5000000000000009 23473.000000000004 4.5000000000000009 4.5000000000000009 5.5000000000000009 5 19.500000000000004 6 16.500000000000004 7 10.500000000000002 8 1.5000000000000002 1199.0000000000002 60160.500000000007
decision_type=1 10 1 8 10 2 2 2 1 10 1 1 2 2 2 2 10 2 2 2 1 2 1 2 1 2 1 2 8 8
left_child=1 3 4 22 13 7 10 8 -3 17 -5 -4 -13 14 -2 27 -14 20 -6 -17 -9 29 -1 24 -12 -26 -25 -16 -29 -18
right_child=2 5 11 6 18 -7 -8 9 -10 -11 23 12 16 -15 15 19 21 -19 -20 -21 -22 -23 -24 26 25 -27 -28 28 -30 -31
leaf_value=0.12730669855685958 -0.33657473278712863 1.0912379925312694 -0.30225139195684403 0.13006252866865098 0.42040854390273702 0.3042864873017288 -0.23912275491628565 0.40770383983599595 0.0014490168626400813 1.3132871372408008 0.66801949140326899 -0.37778634669165972 -0.25455048354220916 -0.32312270979339119 -0.31055331640042438 0.30749098597254898 -0.085630536949750785 0.65991559190297844 0.096075330560204175 0.0036732459160804679 1.2100582580799661 -0.35364257703237217 -0.18014770049174775 -0.4690844442151611 -0.26496219374213281 0.48084553726708767 0.34364807373231404 -0.37804073234062519 -0.013187547012891888 0.19858410034852636
leaf_weight=22196 15178 4836 170738 30708 16762 17458 7193 2247 9069 6534 30351 35332 76950 19903 15854 24804 110022 45179 82344 37570 9548 13721 25647 3114 7119 23668 14838 9561 167154 15153
leaf_count=22196 15178 4836 170738 30708 16762 17458 7193 2247 9069 6534 30351 35332 76950 19903 15854 24804 110022 45179 82344 37570 9548 13721 25647 3114 7119 23668 14838 9561 167154 15153
internal_value=1.91272e-05 0.36728 -0.117585 0.205621 0.00113371 0.648194 0.305053 0.725751 0.381251 0.801179 0.340703 -0.227075 -0.175964 -0.0500543 -0.0299341 -0.0116783 -0.142936 0.742448 0.15093 0.124491 1.05858 -0.0810997 -0.0375202 0.422417 0.487031 0.308289 0.2026 -0.0557842 -0.0329276 -0.0512251
internal_weight=1.07075e+06 259705 811046 164834 389130 94871 116991 77413 13905 63508 109798 421916 251178 290024 270121 254943 215846 56974 99106 62374 11795 138896 47843 79090 61138 30787 17952 192569 176715 125175
internal_count=1070751 259705 811046 164834 389130 94871 116991 77413 13905 63508 109798 421916 251178 290024 270121 254943 215846 56974 99106 62374 11795 138896 47843 79090 61138 30787 17952 192569 176715 125175
cat_boundaries=0 1 2 3 4 5 6 7 8 9
cat_threshold=5252480 53248098 1048704 9216 20492 128 8576 1048704 128
is_linear=0
shrinkage=0.05


Tree=22
num_leaves=31
num_cat=11
split_feature=0 4 0 0 0 4 1 4 1 0 1 1 0 1 1 3 0 0 1 1 4 0 1 2 0 1 0 2 2 3
split_gain=1.68437e+07 4.43049e+06 2.51424e+06 2.04183e+06 1.56018e+06 1.38637e+06 1.02812e+06 1.13255e+06 935070 925608 764753 742243 757309 875705 651824 645461 775990 668050 631477 921668 613395 543306 485290 597342 469447 441333 599738 488200 493652 419953
threshold=0 40401.000000000007 1 2 3 24522.000000000004 18.500000000000004 52924.500000000007 11.500000000000002 4 10.500000000000002 16.500000000000004 5 10.500000000000002 20.500000000000004 5.5000000000000009 6 7 9.5000000000000018 16.500000000000004 59765.000000000007 8 19.500000000000004 4.5000000000000009 9 10.500000000000002 10 4.5000000000000009 5.5000000000000009 4.5000000000000009
decision_type=1 10 1 1 1 8 2 10 2 1 2 2 1 2 2 2 1 1 2 2 10 1 2 2 1 2 1 2 2 2
left_child=1 4 14 -2 5 15 7 25 -9 29 -6 12 -7 -14 20 17 -17 -1 -4 -20 -3 -13 23 -12 -21 26 -5 -27 -29 -10
right_child=3 2 18 6 10 11 -8 8 9 -11 22 21 13 -15 -16 16 -18 -19 19 24 -22 -23 -24 -25 -26 27 -28 28 -30 -31
leaf_value=1.3004494634762089 -0.25427348040905956 0.69562802160622872 -0.19715143422033168 0.13193896568399593 -0.28153966210065057 0.67723500143798088 -0.28799235260286588 -0.1739485432777611 1.0677046140398005 0.083040887171758684 0.020995976146737452 0.23504629807213637 -0.17866797521044228 0.44762584549482415 0.11383606837686795 -0.39985238547753665 0.091993082564234413 0.21344077310641296 0.47658907612793255 0.33954106541939222 1.1130508888847632 -0.46398346497424542 -0.30193709773769589 0.32607453339310005 -0.036092642824970045 -0.1035913789188298 -0.33207019431066109 0.2435852739594902 -0.053619048089250033 0.44031804446440503
leaf_weight=1870 288361 40286 5684 8774 20177 25377 50437 15670 3301 24804 71865 16704 7088 26258 3868 10198 37393 5750 52973 15734 11261 3325 8678 20657 17636 170557 33718 23103 35350 13894
leaf_count=1870 288361 40286 5684 8774 20177 25377 50437 15670 3301 24804 71865 16704 7088 26258 3868 10198 37393 5750 52973 15734 11261 3325 8678 20657 17636 170557 33718 23103 35350 13894
internal_value=1.95884e-05 0.255397 0.473631 -0.153973 0.129391 0.247027 -0.0777772 -0.0455695 0.155666 0.278646 -0.000463299 0.381724 0.471371 0.314407 0.73971 0.0549417 -0.0134663 0.482187 0.313293 0.346933 0.786819 0.118887 0.0555769 0.0891096 0.14111 -0.0883133 -0.236306 -0.0608538 0.0638482 0.560434
internal_weight=1.07075e+06 402782 147442 667969 255340 133963 379608 329171 57669 41999 121377 78752 58723 33346 55415 55211 47591 7620 92027 86343 51547 20029 101200 92522 33370 271502 42492 229010 58453 17195
internal_count=1070751 402782 147442 667969 255340 133963 379608 329171 57669 41999 121377 78752 58723 33346 55415 55211 47591 7620 92027 86343 51547 20029 101200 92522 33370 271502 42492 229010 58453 17195
cat_boundaries=0 1 2 3 4 5 6 7 8 9 10 11
cat_threshold=39331232 5243136 86045 5251456 33346 1048704 1048576 1048576 5243136 33555456 2359296
is_linear=0
shrinkage=0.05


Tree=23
num_leaves=31
num_cat=9
split_feature=0 4 0 0 1 0 4 1 4 1 1 4 4 4 1 1 0 5 0 0 1 3 1 3 0 1 4 1 0 3
split_gain=1.52017e+07 4.0003e+06 3.30078e+06 1.84276e+06 1.13655e+06 1.00855e+06 968002 909911 814771 812062 903590 759377 741863 633334 597730 761597 755764 654587 586691 585828 794571 574758 572817 560443 494289 478056 448267 436474 424966 362175
threshold=0 30577.500000000004 1 2 16.500000000000004 3 61136.000000000007 9.5000000000000018 55559.000000000007 16.500000000000004 11.500000000000002 5494.5000000000009 55559.000000000007 35058.500000000007 18.500000000000004 10.500000000000002 4 11.577708333333335 5 6 9.5000000000000018 10.500000000000002 19.500000000000004 10.500000000000002 7 21.500000000000004 51342.500000000007 12.500000000000002 8 9.5000000000000018
decision_type=1 8 1 1 2 1 10 2 10 2 2 10 10 8 2 2 1 2 1 1 2 2 2 2 1 2 10 2 1 2
left_child=1 11 4 -2 12 -6 9 -4 22 10 18 -1 19 -12 15 16 17 -13 -5 21 -21 -3 -9 25 -17 26 -7 -14 -15 -22
right_child=3 2 7 6 5 23 -8 8 -10 -11 13 14 27 28 -16 24 -18 -19 -20 20 29 -23 -24 -25 -26 -27 -28 -29 -30 -31
leaf_value=-0.28168488503291378 -0.24156024901489484 0.93297942226357555 -0.27306792522849832 0.068959210327579942 -0.25573127484026226 0.43123325049045413 0.20835136775156105 0.20695074329249463 0.47061601278147508 -0.21573994803311553 -0.081713113656668057 1.1266291657554586 0.67706116549276696 0.31348295078940985 -0.30205730838532119 0.32295904064537329 -0.33578404121105931 -0.19473828671088814 -0.25519818781666254 -0.21738087035172723 0.46118450555209639 0.13158081017910045 -0.13860305445044238 -0.0069114047368256564 0.074601055660861698 -0.34662908136039167 0.87618769593055412 1.1873027352004155 0.051379222163663175 0.7835861820177723
leaf_weight=18093 288361 15421 9877 17860 6387 17212 28128 92837 26821 101510 81613 1845 8084 20151 10044 31459 15567 1905 63895 3740 35781 2617 13772 5999 55189 1480 8434 8704 66451 11514
leaf_count=18093 288361 15421 9877 17860 6387 17212 28128 92837 26821 101510 81613 1845 8084 20151 10044 31459 15567 1905 63895 3740 35781 2617 13772 5999 55189 1480 8434 8704 66451 11514
internal_value=1.93493e-05 0.242629 0.353957 -0.146275 0.541318 0.319441 -0.0738885 0.189992 0.224284 -0.0964775 -0.0480464 0.019596 0.643486 0.0182266 0.0665844 0.101526 -0.182371 0.454163 -0.184406 0.571029 0.484099 0.816258 0.162311 0.430291 0.164817 0.527138 0.577562 0.941604 0.112409 0.539673
internal_weight=1.07075e+06 402782 268680 667969 125373 39512 379608 143307 133430 351480 249970 134102 85861 168215 116009 105965 19317 3750 81755 69073 51035 18038 106609 33125 86648 27126 25646 16788 86602 47295
internal_count=1070751 402782 268680 667969 125373 39512 379608 143307 133430 351480 249970 134102 85861 168215 116009 105965 19317 3750 81755 69073 51035 18038 106609 33125 86648 27126 25646 16788 86602 47295
cat_boundaries=0 1 2 3 4 5 6 7 8 9
cat_threshold=39331232 5243264 86045 128 1048704 2359296 1048576 4194688 66
is_linear=0
shrinkage=0.05


Tree=24
num_leaves=31
num_cat=11
split_feature=0 4 0 0 1 4 4 4 1 1 1 5 0 1 1 0 1 4 0 0 0 4 1 4 0 0 3 0 1 2
split_gain=1.37678e+07 3.52363e+06 2.46319e+06 1.52054e+06 831409 821046 788433 741295 674406 710176 618171 616025 604069 510173 753565 509136 550493 521864 488241 485811 471482 451967 390911 361388 359400 330332 475743 857482 336454 308949
threshold=0 38917.500000000007 1 2 19.500000000000004 21451.000000000004 64652.000000000007 60022.500000000007 18.500000000000004 10.500000000000002 17.500000000000004 10.644791666666668 3 16.500000000000004 10.500000000000002 4 10.500000000000002 23473.000000000004 5 6 7 1199.0000000000002 16.500000000000004 56748.000000000007 8 9 5.5000000000000009 10 9.5000000000000018 4.5000000000000009
decision_type=1 8 1 1 2 10 10 10 2 2 2 2 1 2 2 1 2 10 1 1 1 8 2 10 1 1 2 1 2 2
left_child=1 4 7 10 5 25 8 13 9 18 23 24 29 14 19 -4 -17 -18 -5 -2 -15 -16 -19 -3 -12 26 27 -1 -27 -7
right_child=2 3 15 6 -6 12 -8 -9 -10 -11 11 -13 -14 20 21 16 17 22 -20 -21 -22 -23 -24 -25 -26 28 -28 -29 -30 -31
leaf_value=1.271643867439703 0.12862866909243206 0.68021474526176728 -0.2623494686693631 0.56343217781416055 -0.43035927823307935 0.41982456252819073 0.80659705713417029 0.23657988455845241 0.024836670612467922 0.4226390534612014 0.135196819348611 0.5999243766974407 0.063128989614372563 -0.019163011101943919 -0.36836127750890835 -0.33337549288467933 -0.22492518201176215 -0.00084553238836247713 -0.10901842317153286 -0.26733615961503876 -0.24638263889008441 0.068324738419619765 -0.17653104354882776 1.047481284354143 -0.9249746166414321 -0.46848518473960676 -0.27779289469174884 -0.38192124113440518 0.10681728696705384 0.10546908729250529
leaf_weight=1464 9994 30362 170738 3499 6998 36416 8218 27091 18592 71519 3064 8702 29612 44674 6144 35332 76950 90069 11690 34394 46701 166435 48827 8594 1071 2703 16766 1670 42510 9952
leaf_count=1464 9994 30362 170738 3499 6998 36416 8218 27091 18592 71519 3064 8702 29612 44674 6144 35332 76950 90069 11690 34394 46701 166435 48827 8594 1071 2703 16766 1670 42510 9952
internal_value=1.82597e-05 0.278725 -0.115317 0.437416 0.1016 0.127985 0.334884 -0.0141845 0.298101 0.356695 0.66195 0.361162 0.239642 -0.0362172 0.00552058 -0.195717 -0.150415 -0.120473 0.0461892 -0.178216 -0.135322 0.0527782 -0.0626054 0.761237 -0.141307 -0.00230696 -0.172009 0.393355 0.0724076 0.352278
internal_weight=1.07075e+06 313402 757349 165311 148091 141093 113518 335433 105300 86708 51793 12837 75980 308342 216967 421916 251178 215846 15189 44388 91375 172579 138896 38956 4135 65113 19900 3134 45213 46368
internal_count=1070751 313402 757349 165311 148091 141093 113518 335433 105300 86708 51793 12837 75980 308342 216967 421916 251178 215846 15189 44388 91375 172579 138896 38956 4135 65113 19900 3134 45213 46368
cat_boundaries=0 1 2 3 4 5 6 7 8 9 10 11
cat_threshold=5776768 52723810 1048832 5243264 20492 8320 2359296 52428832 256 1049600 1048576
is_linear=0
shrinkage=0.05


Tree=25
num_leaves=31
num_cat=9
split_feature=0 4 0 0 4 0 1 4 1 0 1 1 4 1 0 1 1 4 4 5 0 1 1 3 0 1 0 1 1 1
split_gain=1.24617e+07 3.45266e+06 1.74631e+06 1.50999e+06 1.31056e+06 1.29743e+06 863144 951007 737496 563917 899893 506711 501769 487702 574139 467233 656628 460515 458279 455205 421006 409203 438030 405456 393775 381435 365643 362282 425551 356296
threshold=0 43723.000000000007 1 2 22387.500000000004 3 19.500000000000004 61136.000000000007 16.500000000000004 4 10.500000000000002 21.500000000000004 35058.500000000007 11.500000000000002 5 9.5000000000000018 16.500000000000004 64652.000000000007 5494.5000000000009 16.743750000000002 6 10.500000000000002 16.500000000000004 4.5000000000000009 7 9.5000000000000018 8 10.500000000000002 17.500000000000004 20.500000000000004
decision_type=1 10 1 1 8 1 2 10 2 1 2 2 8 2 1 2 2 10 10 2 1 2 2 2 1 2 1 2 2 2
left_child=1 4 11 -2 18 21 7 12 9 10 -7 17 26 -9 -15 -4 -17 23 -1 -14 -10 -6 -23 -3 -18 -11 -5 -20 -29 -22
right_child=3 2 15 6 5 8 -8 13 20 25 -12 -13 19 14 -16 16 24 -19 27 -21 29 22 -24 -25 -26 -27 -28 28 -30 -31
leaf_value=-0.26409210608563338 -0.21869225840275988 0.9556241960192482 -0.17827408697634878 -0.042480786039227218 -0.16270781500229603 -0.21277740420522059 -0.3361338963505458 -0.12667588598644 -0.3960944797339831 1.2511492879749606 0.42531715482073695 -0.31321887115252695 0.050571578506459547 0.71098632446929466 0.14452259094785005 0.43845673897459436 0.32935072350517869 1.1148934687685177 -0.23633424184925422 -0.1200361984983096 0.26369699993619283 0.20188118856024154 -0.036446259855640477 0.56105751606581566 -0.035293783518334718 0.53428288643880417 -0.19791915192963491 0.13254259253343367 -0.21713570356977036 -0.39790865635700179
leaf_weight=18093 288361 8081 5000 64776 15733 7182 27607 6277 3598 1984 23954 1278 111303 7742 10617 46281 14039 5756 11659 60268 18207 53078 30277 33511 15655 28672 91018 47817 10636 2291
leaf_count=18093 288361 8081 5000 64776 15733 7182 27607 6277 3598 1984 23954 1278 111303 7742 10617 46281 14039 5756 11659 60268 18207 53078 30277 33511 15655 28672 91018 47817 10636 2291
internal_value=1.73246e-05 0.219678 0.432219 -0.132438 0.118853 0.194477 -0.0669128 -0.0458 0.336696 0.428229 0.278041 0.669073 -0.0683455 0.253786 0.383867 0.289869 0.320716 0.695728 -0.0397404 -0.00935807 0.102109 0.0711627 0.115314 0.637719 0.137205 0.580488 -0.133306 0.0181554 0.0689158 0.189659
internal_weight=1.07075e+06 402782 129601 667969 273181 184976 379608 352001 85888 61792 31136 48626 327365 24636 18359 80975 75975 47348 88205 171571 24096 99088 83355 41592 29694 30656 155794 70112 58453 20498
internal_count=1070751 402782 129601 667969 273181 184976 379608 352001 85888 61792 31136 48626 327365 24636 18359 80975 75975 47348 88205 171571 24096 99088 83355 41592 29694 30656 155794 70112 58453 20498
cat_boundaries=0 1 2 3 4 5 6 7 8 9
cat_threshold=39331232 5243136 86045 34087968 4194560 33346 128 33555456 19169280
is_linear=0
shrinkage=0.05


Tree=26
num_leaves=31
num_cat=10
split_feature=0 4 0 4 4 1 1 0 1 4 1 1 4 3 0 0 1 4 0 0 0 1 4 4 1 0 1 0 1 1
split_gain=1.12987e+07 3.0509e+06 2.54833e+06 993555 800137 727528 650716 1.20364e+06 622690 558140 544033 608195 550160 505742 476191 435359 502131 486523 366238 356580 353286 340140 367250 323854 323516 425779 321946 311337 306830 299483
threshold=0 39905.500000000007 1 17680.000000000004 40401.000000000007 18.500000000000004 10.500000000000002 2 19.500000000000004 64652.000000000007 19.500000000000004 9.5000000000000018 64652.000000000007 4.5000000000000009 3 4 10.500000000000002 60160.500000000007 5 6 7 19.500000000000004 1199.0000000000002 22387.500000000004 21.500000000000004 8 10.500000000000002 9 9.5000000000000018 16.500000000000004
decision_type=1 10 1 8 8 2 2 1 2 10 2 2 10 2 1 1 2 10 1 1 1 2 10 8 2 1 2 1 2 2
left_child=1 3 4 19 21 6 7 -3 14 13 11 -6 20 18 26 -4 -17 23 -8 -1 -13 22 -2 -18 25 -7 -5 -14 -9 -16
right_child=2 5 15 8 10 24 9 28 -10 -11 -12 12 27 -15 29 16 17 -19 -20 -21 -22 -23 -24 -25 -26 -27 -28 -29 -30 -31
leaf_value=0.18671342891088766 -0.3384380789246384 0.9049340797948382 -0.25183640873272767 -0.26168863829353661 -0.26249586466149655 0.43781488816068059 0.30860796179152006 -0.39445710404917872 -0.21745911758038061 1.0842244912350547 -0.14882173783645999 0.16177110090183913 -0.02647525202120813 0.52021166450502365 0.3787878213057968 -0.30635471785794932 -0.23963585980789107 0.12071545233616487 1.0228092847203907 -0.12605883134689785 0.0026008935262414219 -0.35698477360813707 -0.038483599358855675 -0.10226661516237504 -0.31724265624541242 -0.23369685480606406 0.1684453115491637 0.56780111166600911 0.19044154376349398 0.14840397482630804
leaf_weight=12528 10843 4836 133106 5224 10644 12127 2247 4058 7199 6534 24423 90179 2819 45179 62288 40249 57236 19965 9548 33349 56838 9901 173291 171360 2404 2927 26010 10192 5011 18236
leaf_count=12528 10843 4836 133106 5224 10644 12127 2247 4058 7199 6534 24423 90179 2819 45179 62288 40249 57236 19965 9548 33349 56838 9901 173291 171360 2404 2927 26010 10192 5011 18236
internal_value=1.65964e-05 0.287037 -0.0918927 0.157035 0.000395505 0.51294 0.578694 0.268889 0.233269 0.646525 0.0718981 0.103483 0.127825 0.596328 0.262303 -0.177007 -0.142513 -0.115988 0.88788 -0.0406344 0.100246 -0.0714977 -0.0561469 -0.136661 0.221374 0.307386 0.096473 0.43946 -0.0711977 0.326573
internal_weight=1.07075e+06 259705 811046 164834 389130 94871 77413 13905 118957 63508 195095 170672 160028 56974 111758 421916 288810 248561 11795 45877 147017 194035 184134 228596 17458 15054 31234 13011 9069 80524
internal_count=1070751 259705 811046 164834 389130 94871 77413 13905 118957 63508 195095 170672 160028 56974 111758 421916 288810 248561 11795 45877 147017 194035 184134 228596 17458 15054 31234 13011 9069 80524
cat_boundaries=0 1 2 3 4 5 6 7 8 9 10
cat_threshold=5252480 53248098 1048704 9216 4108 128 8320 34078818 4195584 2359296
is_linear=0
shrinkage=0.05


Tree=27
num_leaves=31
num_cat=8
split_feature=0 4 0 0 4 1 0 1 4 3 1 1 0 1 1 0 4 4 2 1 3 4 1 3 0 1 1 2 0 2
split_gain=1.02409e+07 2.73488e+06 1.52147e+06 1.13076e+06 1.08977e+06 922413 1.14709e+06 1.26531e+06 843959 689458 495428 545581 479252 417542 435033 767599 394290 370247 364786 361383 359868 349637 349568 338691 324180 306941 395329 298982 338466 287348
threshold=0 45010.000000000007 1 2 22387.500000000004 16.500000000000004 3 10.500000000000002 40401.000000000007 4.5000000000000009 16.500000000000004 10.500000000000002 4 21.500000000000004 9.5000000000000018 5 64652.000000000007 64652.000000000007 4.5000000000000009 20.500000000000004 4.5000000000000009 1855.5000000000002 9.5000000000000018 1.5000000000000002 6 18.500000000000004 10.500000000000002 4.5000000000000009 7 5.5000000000000009
decision_type=1 10 1 1 8 2 1 2 10 2 2 2 1 2 2 1 10 10 2 2 2 10 2 2 1 2 2 2 1 2
left_child=1 4 -2 13 21 6 22 -8 27 -10 11 -5 19 14 15 -3 20 -11 23 -7 -16 -1 -6 -9 -12 26 -23 28 -4 -29
right_child=2 3 8 10 5 12 7 18 9 17 24 -13 -14 -15 16 -17 -18 -19 -20 -21 -22 25 -24 -25 -26 -27 -28 29 -30 -31
leaf_value=-0.27012747085412375 -0.19810003683030789 1.0836494229248563 -0.065493084280591293 0.040818614067461706 1.159723607497043 0.33872239058034626 -0.16249348673219757 -0.21833184338637279 0.24929972528692526 -0.04125557597213711 0.39059477341303717 0.49749119579346934 -0.088690297500391591 -0.29294147615019717 0.97341598317458922 -0.49220039631680051 1.091880842058315 0.22403193423102993 0.47111554969583508 -0.34102369368809599 0.55687279885049301 -0.21492836348978656 0.48861267400365521 0.25337369860846576 -0.033998759648597034 -0.33893750674686746 0.11049915407070172 0.12198201664204684 -0.19446427975714312 -0.09844424116423757
leaf_weight=12048 288361 1218 97125 8389 2075 13877 20440 4148 31916 113208 6454 29676 33501 1218 6291 2075 5308 14881 19104 2276 29498 11356 29904 46076 14763 5435 52369 25304 106891 35566
leaf_count=12048 288361 1218 97125 8389 2075 13877 20440 4148 31916 113208 6454 29676 33501 1218 6291 2075 5308 14881 19104 2276 29498 11356 29904 46076 14763 5435 52369 25304 106891 35566
internal_value=1.7146e-05 0.218426 -0.109456 0.433047 0.129319 0.200802 0.274878 0.183203 -0.0492932 0.0413738 0.288884 0.396847 0.0191763 0.620233 0.645429 0.0924639 0.689736 -0.0104353 0.285152 0.242794 0.630093 -0.0215572 0.531992 0.214416 0.0953264 0.0217449 0.0525069 -0.104063 -0.133078 -0.00681181
internal_weight=1.07075e+06 357499 713252 104890 252609 171401 121747 89768 424891 160005 59282 38065 49654 45608 44390 3293 41097 128089 69328 16153 35789 81208 31979 50224 21217 69160 63725 264886 204016 60870
internal_count=1070751 357499 713252 104890 252609 171401 121747 89768 424891 160005 59282 38065 49654 45608 44390 3293 41097 128089 69328 16153 35789 81208 31979 50224 21217 69160 63725 264886 204016 60870
cat_boundaries=0 1 2 3 4 5 6 7 8
cat_threshold=5776800 86045 5243136 1048704 4194560 1048576 1024 52822016
is_linear=0
shrinkage=0.05


Tree=28
num_leaves=31
num_cat=9
split_feature=0 4 0 0 0 3 0 1 4 1 0 4 0 1 3 3 1 2 2 1 1 0 4 4 4 2 2 0 4 3
split_gain=9.26447e+06 2.62205e+06 1.23564e+06 1.11158e+06 1.03919e+06 975292 906077 770891 760858 800338 760900 568567 642122 509568 417497 405443 393596 451459 384505 376837 392493 693275 355847 347815 339630 335799 327300 657297 330449 324780
threshold=0 45010.000000000007 1 2 3 5.5000000000000009 4 18.500000000000004 49218.000000000007 11.500000000000002 5 24522.000000000004 6 10.500000000000002 4.5000000000000009 4.5000000000000009 19.500000000000004 4.5000000000000009 5.5000000000000009 21.500000000000004 9.5000000000000018 7 64652.000000000007 29639.000000000004 64652.000000000007 4.5000000000000009 4.5000000000000009 8 38073.000000000007 4.5000000000000009
decision_type=1 10 1 1 1 2 1 2 10 2 1 8 1 2 2 2 2 2 2 2 2 1 10 10 10 2 2 1 10 2
left_child=1 4 19 -2 5 6 -1 8 25 -10 14 12 -7 -6 -11 -4 17 23 -19 20 21 -3 29 -15 -16 -5 -13 -28 -29 -22
right_child=3 2 15 7 13 11 -8 -9 9 10 -12 26 -14 16 24 -17 -18 18 -20 -21 22 -23 -24 -25 -26 -27 27 28 -30 -31
leaf_value=0.74639138137429162 -0.18819537734002062 1.0299081723475738 0.52441266445664425 -0.10531007416658929 -0.21398329123309476 -0.37298255936252861 0.25585035694783093 -0.23999825883855377 -0.15637604281054093 0.85871274803783337 0.051111956256980944 0.30465526684669864 0.074432040515163916 -0.050592874433399319 0.22610029315905852 0.20934097761373291 -0.24454115309910118 0.51577904611041714 0.10822833997762793 -0.27829440869329797 0.92474518488972535 -0.46770841496114396 1.0372867978233409 0.1807089403737637 0.79574618472949943 0.029343834959716559 0.2657186151864625 -0.87093218483579415 0.080466544972256915 0.52902916126994204
leaf_weight=12152 288361 1218 12159 189855 22181 10198 41865 50437 21153 4449 33547 33779 37393 53967 15798 63719 10407 9434 14972 1218 6291 2075 5308 23257 3136 61233 7736 2526 1429 29498
leaf_count=12152 288361 1218 12159 189855 22181 10198 41865 50437 21153 4449 33547 33779 37393 53967 15798 63719 10407 9434 14972 1218 6291 2075 5308 23257 3136 61233 7736 2526 1429 29498
internal_value=1.64764e-05 0.189413 0.38354 -0.11419 0.105581 0.197379 0.366391 -0.0579701 -0.0300807 0.106235 0.203811 0.0992982 -0.0215046 0.00497179 0.422682 0.259795 0.0483208 0.0783101 0.265765 0.589228 0.613164 0.0879305 0.65525 0.0190666 0.32045 -0.0724719 0.225736 -0.00228651 -0.525848 0.598588
internal_weight=1.07075e+06 402782 121486 667969 281296 147078 54017 379608 329171 78083 56930 93061 47591 134218 23383 75878 112037 101630 24406 45608 44390 3293 41097 77224 18934 251088 45470 11691 3955 35789
internal_count=1070751 402782 121486 667969 281296 147078 54017 379608 329171 78083 56930 93061 47591 134218 23383 75878 112037 101630 24406 45608 44390 3293 41097 77224 18934 251088 45470 11691 3955 35789
cat_boundaries=0 1 2 3 4 5 6 7 8 9
cat_threshold=39331232 5243136 86045 5251456 1048576 33346 1048576 1048576 4194688
is_linear=0
shrinkage=0.05


Tree=29
num_leaves=31
num_cat=9
split_feature=0 4 0 1 0 3 1 4 1 1 4 0 1 0 3 0 1 1 0 5 3 4 0 1 4 1 0 4 3 4
split_gain=8.39054e+06 2.26118e+06 1.51326e+06 1.16076e+06 1.09097e+06 765780 620495 670457 496262 590694 560548 469243 443968 465672 453360 430667 428977 420075 474038 603103 398264 360212 347922 448523 413744 339718 487615 330509 368405 314003
threshold=0 30577.500000000004 1 19.500000000000004 2 10.500000000000002 10.500000000000002 55559.000000000007 9.5000000000000018 16.500000000000004 44835.500000000007 3 16.500000000000004 4 8.5000000000000018 5 18.500000000000004 10.500000000000002 6 11.577708333333335 3.5000000000000004 55559.000000000007 7 10.500000000000002 51677.500000000007 11.500000000000002 8 34548.500000000007 2.5000000000000004 1855.5000000000002
decision_type=1 8 1 2 1 2 2 10 2 2 10 1 2 1 2 1 2 2 1 2 2 10 1 2 10 2 1 10 2 10
left_child=1 16 8 4 5 27 11 12 -2 10 -10 -6 -8 -14 20 -11 17 18 19 -1 -15 -7 -4 -24 -25 -12 -27 28 -3 -19
right_child=2 3 22 -5 6 21 7 -9 9 15 25 -13 13 14 -16 -17 -18 29 -20 -21 -22 -23 23 24 -26 26 -28 -29 -30 -31
leaf_value=0.95840626943425145 -0.27291230302117003 0.074636274708650141 -0.21993222380618757 -0.028819538974270545 0.58677571965600972 -0.057505174302811546 0.33178255636743609 0.58030892782260712 -0.00031028490695824182 0.020101178713111345 -0.00821000914126329 -0.078787821081955325 0.18870229370084529 -1.0811731808938154 -1.1805732483200981 -0.18777261456449387 -0.30607609025937227 -0.18509076308180605 -0.31192299892135811 -0.24244925376356288 0.19906260759229447 0.62706102346630876 -0.27705202382161109 -0.13081256880459682 0.026428023281542635 -0.014181287142207934 0.35799894714593328 0.70703351885898114 0.59047106195448062 0.14155867297481595
leaf_weight=1900 17130 5020 133106 22049 3109 7069 61273 20217 156256 44445 17399 17537 19372 773 1248 56702 8689 8188 13065 2325 2837 2639 40249 195323 53238 12258 31243 32440 11148 72504
leaf_count=1900 17130 5020 133106 22049 3109 7069 61273 20217 156256 44445 17399 17537 19372 773 1248 56702 8689 8188 13065 2325 2837 2639 40249 195323 53238 12258 31243 32440 11148 72504
internal_value=1.6303e-05 0.217592 -0.0900213 0.314072 0.35501 0.533925 0.272379 0.321363 -0.0107533 0.00335489 0.0498408 0.0216828 0.260136 0.0789544 -0.358332 -0.0964474 0.030631 0.06049 -0.163165 0.296878 -0.075071 0.128586 -0.153039 -0.122203 -0.097134 0.178518 0.253203 0.61499 0.43031 0.108413
internal_weight=1.07075e+06 313402 757349 206731 184682 58316 126366 105720 335433 318303 217156 20646 85503 24230 4858 101147 106671 97982 17290 4225 3610 9708 421916 288810 248561 60900 43501 48608 16168 80692
internal_count=1070751 313402 757349 206731 184682 58316 126366 105720 335433 318303 217156 20646 85503 24230 4858 101147 106671 97982 17290 4225 3610 9708 421916 288810 248561 60900 43501 48608 16168 80692
cat_boundaries=0 1 2 3 4 5 6 7 8 9
cat_threshold=5776768 52723810 1048832 128 4719616 50331680 1048704 4108 2359296
is_linear=0
shrinkage=0.05


Tree=30
num_leaves=31
num_cat=11
split_feature=0 4 0 4 4 1 3 1 1 1 2 0 1 0 3 4 0 2 0 1 0 0 1 0 0 1 4 1 0 3
split_gain=7.6154e+06 2.13141e+06 1.72105e+06 685719 608180 581032 530038 501468 684486 468011 443624 459147 408628 943105 400072 391143 378928 358641 345178 531743 320768 319970 314191 386374 314005 412674 393894 333310 469753 302092
threshold=0 39727.000000000007 1 17489.500000000004 60160.500000000007 18.500000000000004 4.5000000000000009 16.500000000000004 10.500000000000002 18.500000000000004 4.5000000000000009 2 10.500000000000002 3 1.5000000000000002 64652.000000000007 4 5.5000000000000009 5 10.500000000000002 6 7 16.500000000000004 8 9 11.500000000000002 51677.500000000007 16.500000000000004 10 8.5000000000000018
decision_type=1 10 1 8 10 2 2 2 2 2 2 1 2 1 2 10 1 2 1 2 1 1 2 1 1 2 10 2 1 2
left_child=1 3 4 20 7 6 -3 8 16 18 14 17 13 -8 -10 -14 -2 -12 22 -20 -1 -9 -5 -24 -4 -26 -27 28 -28 -16
right_child=2 5 24 9 -6 -7 12 21 10 -11 11 -13 15 -15 29 -17 -18 -19 19 -21 -22 -23 23 -25 25 26 27 -29 -30 -31
leaf_value=0.10294713325754634 0.1359433940791476 0.73876151307417859 -0.20893642378254504 0.36305823720887803 0.21631831923927516 0.16302519905750903 0.70761664496152243 -0.032695937295529762 -0.26507819450692555 -0.093703417121582699 0.50524995953503671 0.027404276909612731 0.42825926931753744 -0.23147866185293955 0.1072173499305375 0.88150199835352305 -0.20608249639557918 0.15553311098009159 -0.21630181895692024 0.20552127178487176 -0.16496434838901605 -0.2056916146498291 0.43630341690101448 -0.1903698079336503 -0.22362216591688747 -0.11795775585027457 0.47990808504989113 -0.11159156391672531 0.025558340729180076 -0.045762322248353429
leaf_weight=20876 10029 15922 133106 46504 30092 17558 4422 62115 11508 13040 13773 24940 45888 6731 76050 5311 41964 15674 9188 39980 24015 46926 4058 6212 68171 172946 7980 19941 19772 56059
leaf_count=20876 10029 15922 133106 46504 30092 17558 4422 62115 11508 13040 13773 24940 45888 6731 76050 5311 41964 15674 9188 39980 24015 46926 4058 6212 68171 172946 7980 19941 19772 56059
internal_value=1.56484e-05 0.235654 -0.0754399 0.126125 0.000403051 0.422973 0.481283 -0.0176934 0.0213321 0.188949 0.0637277 0.185345 0.415534 0.141286 0.0176718 0.475275 -0.140122 0.318995 0.22374 0.12667 -0.0403893 -0.107167 0.307729 0.057488 -0.145388 -0.116093 -0.0828752 0.0443422 0.156387 0.0423021
internal_weight=1.07075e+06 259705 811046 163873 389130 95832 78274 359038 249997 118982 198004 54387 62352 11153 143617 51199 51993 29447 105942 49168 44891 109041 56774 10270 421916 288810 220639 47693 27752 132109
internal_count=1070751 259705 811046 163873 389130 95832 78274 359038 249997 118982 198004 54387 62352 11153 143617 51199 51993 29447 105942 49168 44891 109041 56774 10270 421916 288810 220639 47693 27752 132109
cat_boundaries=0 1 2 3 4 5 6 7 8 9 10 11
cat_threshold=5252480 53248098 557154 1056896 2359296 1048960 8576 52953120 256 4108 513
is_linear=0
shrinkage=0.05


Tree=31
num_leaves=31
num_cat=10
split_feature=0 4 0 4 0 0 1 1 4 1 0 0 0 1 5 4 1 3 4 1 3 0 1 1 0 1 1 1 4 0
split_gain=6.89423e+06 2.03137e+06 974272 850268 830077 828549 656601 643061 631201 453716 507458 436922 395647 957145 543519 536899 392823 346817 335105 330789 357379 324620 310911 334882 576225 299062 438925 295875 294306 293494
threshold=0 45010.000000000007 1 8687.0000000000018 2 3 19.500000000000004 16.500000000000004 57706.000000000007 11.500000000000002 4 5 6 10.500000000000002 15.718750000000002 31072.000000000004 9.5000000000000018 4.5000000000000009 23473.000000000004 19.500000000000004 1.5000000000000002 7 21.500000000000004 9.5000000000000018 8 11.500000000000002 16.500000000000004 20.500000000000004 64652.000000000007 9
decision_type=1 10 1 8 1 1 2 2 10 2 1 1 1 2 2 8 2 2 8 2 2 1 2 2 1 2 2 2 10 1
left_child=1 3 22 21 -2 7 8 12 18 -10 -11 27 14 -14 -5 -16 -7 -4 29 20 -18 -1 23 24 -3 -20 -27 -9 -25 -6
right_child=4 2 17 5 6 16 -8 11 9 10 -12 -13 13 -15 15 -17 19 -19 25 -21 -22 -23 -24 28 -26 26 -28 -29 -30 -31
leaf_value=0.35675049885039883 -0.16245640672470585 0.91241046535124226 0.46912473222372442 0.51252460198403427 0.00400068418331238 -0.27459214744318328 -0.28473285341644256 0.23600109287041937 -0.13869715019525294 0.52951188619353251 0.086155144916490317 -0.21468839783129587 -0.24254281853660206 0.3100409275582876 -0.15774230898377933 0.49780811614247311 -0.17413293246982134 0.17772114221047156 -0.12119667408589088 -0.21613215761603055 0.11223813087385076 -0.22285845886451969 -0.27108997157446074 0.52598883867500512 -0.45290555515520864 0.067821741022688564 -0.10522211778622322 -0.35519663655137024 0.92495356179472155 -0.19154944088029391
leaf_weight=2656 288361 1218 12159 29708 27191 9590 27607 17905 8981 11128 15380 11969 10228 33515 7309 5454 12193 63719 55802 10146 102308 25915 1218 35789 2075 114364 53924 2400 5308 65231
leaf_count=2656 288361 1218 12159 29708 27191 9590 27607 17905 8981 11128 15380 11969 10228 33515 7309 5454 12193 63719 55802 10146 102308 25915 1218 35789 2075 114364 53924 2400 5308 65231
internal_value=1.51804e-05 0.163398 0.334265 0.0896095 -0.0985047 0.118838 -0.0499221 0.215192 -0.0315076 0.168446 0.272508 0.0248304 0.286479 0.180794 0.395193 0.122393 0.0337694 0.224387 -0.0539275 0.0574966 0.081743 -0.16893 0.516906 0.538644 0.0534868 -0.0208874 0.0123738 0.166041 0.577518 -0.134038
internal_weight=1.07075e+06 402782 121486 281296 667969 252725 379608 118488 352001 35489 26508 32274 86214 43743 42471 12763 134237 75878 316512 124647 114501 28571 45608 44390 3293 224090 168288 20305 41097 92422
internal_count=1070751 402782 121486 281296 667969 252725 379608 118488 352001 35489 26508 32274 86214 43743 42471 12763 134237 75878 316512 124647 114501 28571 45608 44390 3293 224090 168288 20305 41097 92422
cat_boundaries=0 1 2 3 4 5 6 7 8 9 10
cat_threshold=39331232 5243136 86045 5243264 33346 4194560 1048704 8192 1048576 2392064
is_linear=0
shrinkage=0.05


Tree=32
num_leaves=31
num_cat=10
split_feature=0 4 0 4 1 4 1 1 2 0 0 3 3 0 0 1 3 0 3 2 4 1 0 2 4 0 1 0 4 1
split_gain=6.23291e+06 1.79003e+06 1.41016e+06 734646 560027 514709 448504 629608 441108 454865 429777 518522 412817 781338 396126 450812 552935 352826 342218 333592 317033 294799 348375 437852 539130 281295 274494 385191 444086 358318
threshold=0 34548.500000000007 1 55559.000000000007 18.500000000000004 64308.000000000007 16.500000000000004 10.500000000000002 4.5000000000000009 2 3 10.500000000000002 4.5000000000000009 4 5 16.500000000000004 10.500000000000002 6 1.5000000000000002 5.5000000000000009 35058.500000000007 10.500000000000002 7 4.5000000000000009 20726.000000000004 8 10.500000000000002 9 23473.000000000004 16.500000000000004
decision_type=1 8 1 10 2 10 2 2 2 1 1 2 2 1 1 2 2 1 2 2 10 2 1 2 10 1 2 1 10 2
left_child=1 12 5 4 10 6 7 17 20 19 11 18 13 -1 15 16 -14 -2 -3 -10 -9 -16 23 24 -23 -8 -4 28 -28 -30
right_child=2 3 26 -5 -6 -7 25 8 9 -11 -12 -13 14 -15 21 -17 -18 -19 -20 -21 -22 22 -24 -25 -26 -27 27 -29 29 -31
leaf_value=0.98612696823383661 0.13356621249844283 0.030149104699968749 -0.23162748417197815 0.52624190621463962 0.0099550855480950093 0.26420959242795461 -0.020379350190487169 -0.033512289331384386 0.48433651517959214 0.029774872675235261 0.22969869573929996 -0.022619062589131017 0.2030158870581994 0.11282873465705573 -0.25676396768888171 -0.37258976719448256 1.046411169876994 -0.19072970680836931 0.56783761771294816 0.15444562455501248 0.12184107629394524 -0.3985049480035201 0.071696151182872703 -0.75544873442356097 0.32068109138667256 -0.17799905461870874 -0.16855879645994404 -0.16990913509410926 0.056186993615499004 -0.1197978598195536
leaf_weight=3189 10395 3285 58963 34068 18471 17651 59870 97761 14781 26284 64043 5198 8504 12892 12323 2309 2519 43323 29842 15914 49452 5609 49652 2934 4867 53699 68723 170923 76971 46336
leaf_count=3189 10395 3285 58963 34068 18471 17651 59870 97761 14781 26284 64043 5198 8504 12892 12323 2309 2519 43323 29842 15914 49452 5609 49652 2934 4867 53699 68723 170923 76971 46336
internal_value=1.47229e-05 0.213194 -0.068249 0.321171 0.263356 0.000402886 -0.012132 0.0243251 0.0643944 0.182519 0.309079 0.441551 0.053607 0.286695 0.0113572 0.262483 0.39575 -0.127986 0.514518 0.313201 0.0186742 -0.0330854 0.0106186 -0.215421 -0.0643814 -0.0949244 -0.131565 -0.115313 -0.0667051 -0.00994416
internal_weight=1.07075e+06 259705 811046 154907 120839 389130 371479 257910 204192 56979 102368 38325 104798 16081 88717 13332 11023 53718 33127 30695 147213 75385 63062 13410 10476 113569 421916 362953 192030 123307
internal_count=1070751 259705 811046 154907 120839 389130 371479 257910 204192 56979 102368 38325 104798 16081 88717 13332 11023 53718 33127 30695 147213 75385 63062 13410 10476 113569 421916 362953 192030 123307
cat_boundaries=0 1 2 3 4 5 6 7 8 9 10
cat_threshold=5252480 53248098 557154 1048832 1048576 128 2359296 1048576 50855968 133649
is_linear=0
shrinkage=0.05


Tree=33
num_leaves=31
num_cat=9
split_feature=0 4 0 0 1 4 1 1 4 3 0 4 3 1 3 1 1 1 0 5 1 0 0 1 1 1 0 4 5 0
split_gain=5.66508e+06 1.7253e+06 1.27288e+06 670685 571059 539041 529142 622475 510753 466333 453204 400313 367766 440936 427582 424400 343012 393485 419297 459362 335955 408972 332417 456267 327053 379970 372803 346465 330739 298867
threshold=0 30577.500000000004 1 2 19.500000000000004 60160.500000000007 16.500000000000004 9.5000000000000018 51342.500000000007 10.500000000000002 3 5494.5000000000009 8.5000000000000018 19.500000000000004 3.5000000000000004 18.500000000000004 18.500000000000004 10.500000000000002 4 14.298333333333337 11.500000000000002 5 6 10.500000000000002 11.500000000000002 16.500000000000004 7 35058.500000000007 16.743750000000002 8
decision_type=1 8 1 1 2 10 2 2 10 2 1 10 2 2 2 2 2 2 1 2 2 1 1 2 2 2 1 8 2 1
left_child=1 11 8 -2 5 24 7 -4 9 22 12 -1 14 -14 -8 -16 17 18 19 -13 -7 -22 -3 -24 26 27 -5 -26 -29 -19
right_child=3 2 6 4 -6 20 10 -9 -10 -11 -12 16 13 -15 15 -17 -18 29 -20 -21 21 -23 23 -25 25 -27 -28 28 -30 -31
leaf_value=-0.21710205608284996 -0.14677694057518853 0.52442978745468138 -0.17297612351927844 0.016264146955230482 -0.26460385388697505 -0.11780951872682721 -1.1055179217804687 0.23714908366837012 0.53007924411095864 -0.017936365901078836 0.066048213764686989 0.79463299841718549 -1.2799632161339409 0.56412092447558893 0.47630947869295659 -0.61154837292554076 -0.24349685938165619 0.20364015420437986 -0.25609588002885819 -0.33047030712290149 0.71602891462667451 0.16973287257127306 -0.14750971954353193 0.33298557856801475 -0.048469654567490104 -0.10871277279471224 -0.20932798981052014 0.16542171255153887 -0.041572390570427137 0.017813784846989922
leaf_weight=18093 288361 17494 10163 27779 27607 6495 909 103197 31488 10620 49446 2212 1674 402 2573 1376 10044 41912 15567 1538 4478 14574 5794 33544 81613 77158 53758 56960 29186 44736
leaf_count=18093 288361 17494 10163 27779 27607 6495 909 103197 31488 10620 49446 2212 1674 402 2573 1376 10044 41912 15567 1538 4478 14574 5794 33544 81613 77158 53758 56960 29186 44736
internal_value=1.44554e-05 0.148118 0.22123 -0.0892922 -0.0456224 -0.0284492 0.138114 0.20038 0.363772 0.286191 0.0129432 0.00164537 -0.365314 -0.922872 -0.127802 0.0972534 0.0357617 0.0622315 -0.141831 0.332304 0.192733 0.2986 0.343022 0.262148 -0.0457581 -0.0168821 -0.132494 0.0253538 0.0952927 0.107724
internal_weight=1.07075e+06 402782 268680 667969 379608 352001 169740 113360 98940 67452 56380 134102 6934 2076 4858 3949 116009 105965 19317 3750 25547 19052 56832 39338 326454 244917 81537 167759 86146 86648
internal_count=1070751 402782 268680 667969 379608 352001 169740 113360 98940 67452 56380 134102 6934 2076 4858 3949 116009 105965 19317 3750 25547 19052 56832 39338 326454 244917 81537 167759 86146 86648
cat_boundaries=0 1 2 3 4 5 6 7 8 9
cat_threshold=39331232 5243136 86045 8320 1048704 514 1048576 2361344 4194720
is_linear=0
shrinkage=0.05


Tree=34
num_leaves=31
num_cat=11
split_feature=0 4 0 1 0 3 5 0 1 3 0 4 4 1 1 4 1 1 1 1 0 0 1 4 0 0 0 5 0 1
split_gain=5.1325e+06 1.51931e+06 1.15908e+06 483069 751875 669702 636143 644091 571139 504497 475999 472946 447134 445696 525254 454650 444310 438076 372544 360501 286103 274787 413971 310577 271934 261994 261592 247940 260980 245810
threshold=0 39727.000000000007 1 16.500000000000004 2 8.5000000000000018 16.215000000000003 3 20.500000000000004 3.5000000000000004 4 18409.500000000004 58238.500000000007 9.5000000000000018 16.500000000000004 35058.500000000007 11.500000000000002 10.500000000000002 19.500000000000004 18.500000000000004 5 6 11.500000000000002 64652.000000000007 7 8 9 15.818750000000001 10 19.500000000000004
decision_type=1 10 1 2 1 2 2 1 2 2 1 8 10 2 2 8 2 2 2 2 1 1 2 10 1 1 1 2 1 2
left_child=1 11 13 6 8 9 10 -8 12 -6 -3 25 -5 -2 15 27 20 -9 -13 24 -12 -17 -23 -24 -11 -1 -16 -15 -29 -7
right_child=2 3 -4 4 5 29 7 17 -10 19 16 18 -14 14 26 21 -18 -19 -20 -21 -22 22 23 -25 -26 -27 -28 28 -30 -31
leaf_value=0.16005999927284489 -0.22521958662673636 -0.45227863842418281 -0.11933399320783117 0.33865802004767476 -1.1024189148837564 -1.1201230773193611 0.6411621620087764 -0.32186117661544877 -0.086662257678209259 0.6847029278954313 0.68111689614462889 0.17847538334361993 0.9166145042465339 -0.083269430774830774 -0.0030262481728981073 0.049694973685472849 0.74903842083274064 0.23396857615215 -0.19432141044991388 -0.24963326451391579 0.17363601402994755 -0.010312680527360151 0.23745163296125293 0.76550471440835821 -1.3018558373917706 -0.10280206121593072 -0.15086226002326195 -0.11663144435646454 0.14651319322193165 0.020530202843820095
leaf_weight=13013 20739 1081 421916 13323 781 2058 8030 4510 5823 3178 4480 108889 4469 65345 63358 74085 21252 16566 7141 2151 7343 18166 42454 2980 174 34830 56702 13355 31946 613
leaf_count=13013 20739 1081 421916 13323 781 2058 8030 4510 5823 3178 4480 108889 4469 65345 63358 74085 21252 16566 7141 2151 7343 18166 42454 2980 174 34830 56702 13355 31946 613
internal_value=1.4247e-05 0.193462 -0.0619312 0.351613 0.19516 -0.194901 0.432161 0.260402 0.343012 0.0867825 0.578525 0.100988 0.483829 0.000309511 0.0130059 0.0545189 0.612166 0.114973 0.155532 0.255557 0.366655 0.115167 0.191395 0.272086 0.579741 -0.0312932 -0.0728591 -0.0209501 0.0689432 -0.858341
internal_weight=1.07075e+06 259705 811046 95832 32570 8955 63262 29106 23615 6284 34156 163873 17792 389130 368391 248331 33075 21076 116030 5503 11823 137685 63600 45434 3352 47843 120060 110646 45301 2671
internal_count=1070751 259705 811046 95832 32570 8955 63262 29106 23615 6284 34156 163873 17792 389130 368391 248331 33075 21076 116030 5503 11823 137685 63600 45434 3352 47843 120060 110646 45301 2671
cat_boundaries=0 1 2 3 4 5 6 7 8 9 10 11
cat_threshold=5252480 53248098 4195584 1056768 8192 1048704 52723712 1048704 8320 50855968 50331650
is_linear=0
shrinkage=0.05


Tree=35
num_leaves=31
num_cat=9
split_feature=0 0 4 4 1 0 3 3 1 1 2 2 0 3 0 3 1 3 1 4 0 1 0 1 3 4 5 0 4 0
split_gain=4.65108e+06 1.27921e+06 1.23545e+06 724613 575804 751154 733157 810027 505122 559463 620025 621973 496596 459976 570580 459648 444507 431490 378371 341885 329062 693113 314257 395945 486391 311661 379227 317649 299709 297632
threshold=0 1 34548.500000000007 60160.500000000007 16.500000000000004 2 8.5000000000000018 3.5000000000000004 9.5000000000000018 19.500000000000004 4.5000000000000009 5.5000000000000009 3 4.5000000000000009 4 1.5000000000000002 19.500000000000004 3.5000000000000004 20.500000000000004 1199.0000000000002 5 9.5000000000000018 6 16.500000000000004 10.500000000000002 45010.000000000007 16.215000000000003 7 57810.000000000007 8
decision_type=1 1 8 10 2 1 2 2 2 2 2 2 1 2 1 2 2 2 2 8 1 2 1 2 2 10 2 1 10 1
left_child=2 -2 13 8 20 18 7 -7 -3 10 15 12 17 14 -1 -10 -9 -12 28 -17 -4 -22 23 24 -15 -23 27 -27 -6 -5
right_child=1 3 4 29 5 6 -8 16 9 -11 11 -13 -14 22 -16 19 -18 -19 -20 -21 21 25 -24 -25 -26 26 -28 -29 -30 -31
leaf_value=0.92051609160355863 -0.11336743552589885 -0.2398224435079826 0.56012330236235897 0.43412837032520318 0.32915362371498952 -0.85050788621023221 -0.76085654207578679 0.43034880420842347 -0.25672478362906326 -0.18713611786524051 0.83921960203865198 0.011412514184605293 0.094623089384209547 0.17918724357929153 0.14698333919274695 -0.27636131537244324 -0.76194141246717084 0.31379899411849654 -0.072196822607557318 0.013452126470804486 -0.27279311673708445 0.26923832521767743 -0.033845070471313951 -0.36011469106977639 0.97020635098446673 -0.31863299322657423 0.31337960138976856 0.73432098025062031 0.85869093137414498 0.12305775992357915
leaf_weight=3189 421916 22614 20274 11679 15333 1910 3604 7000 18821 35034 4960 52088 22156 8504 9408 10665 880 18414 4908 222009 4454 33332 58498 2309 2519 756 14346 13378 3236 22557
leaf_count=3189 421916 22614 20274 11679 15333 1910 3604 7000 18821 35034 4960 52088 22156 8504 9408 10665 880 18414 4908 222009 4454 33332 58498 2309 2519 756 14346 13378 3236 22557
internal_value=1.36697e-05 -0.0511292 0.212344 0.00841727 0.313182 0.147721 -0.151049 0.0732853 -0.0101767 0.00334208 0.0224568 0.129409 0.264402 0.0649681 0.343655 -0.0190569 0.2972 0.425112 0.318103 0.000168045 0.383678 0.329561 0.0160942 0.235066 0.359953 0.373018 0.494479 0.678295 0.421436 0.229337
internal_weight=1.07075e+06 862913 207838 440997 123411 36871 13394 9790 406761 384147 349113 97618 45530 84427 12597 251495 7880 23374 23477 232674 86540 66266 71830 13332 11023 61812 28480 14134 18569 34236
internal_count=1070751 862913 207838 440997 123411 36871 13394 9790 406761 384147 349113 97618 45530 84427 12597 251495 7880 23374 23477 232674 86540 66266 71830 13332 11023 61812 28480 14134 18569 34236
cat_boundaries=0 1 2 3 4 5 6 7 8 9
cat_threshold=5251456 219677 4194560 558146 1048576 1048576 128 8192 525314
is_linear=0
shrinkage=0.05


Tree=36
num_leaves=31
num_cat=10
split_feature=0 4 4 1 0 0 0 1 1 4 0 0 3 1 4 0 3 1 0 5 0 1 5 3 1 0 2 2 4 3
split_gain=4.25719e+06 1.36045e+06 629692 625647 604202 529963 520609 493363 615736 783280 548530 399401 387621 347396 279141 278987 278096 267137 477912 370550 412051 575618 305610 270986 262910 416526 257642 385076 242854 239001
threshold=0 49218.000000000007 8687.0000000000018 19.500000000000004 1 2 3 19.500000000000004 11.500000000000002 49218.000000000007 4 5 5.5000000000000009 10.500000000000002 8272.5000000000018 6 1.5000000000000002 16.500000000000004 7 14.793750000000001 8 10.500000000000002 10.644791666666668 6.5000000000000009 9.5000000000000018 9 4.5000000000000009 5.5000000000000009 64652.000000000007 4.5000000000000009
decision_type=1 10 8 2 1 1 1 2 2 10 1 1 2 2 8 1 2 2 1 2 1 2 2 2 2 1 2 2 10 2
left_child=1 2 15 4 17 -2 24 8 11 14 12 -7 -11 -6 -10 -1 -15 19 -19 20 -4 -22 -20 -24 25 -3 -16 -28 -14 -8
right_child=5 6 3 -5 13 7 29 -9 9 10 -12 -13 28 16 26 -17 -18 18 22 -21 21 -23 23 -25 -26 -27 27 -29 -30 -31
leaf_value=0.33926399423693998 -0.14670729853094219 0.76051199936181924 0.44667662372871553 -0.17304567406841195 -0.12880365184724651 0.020549881805425732 0.42173076920725694 -0.22898429087310471 -0.20567851868656484 0.54908451866971364 -0.0035868492245359992 -0.19249764154928314 0.12051756260749043 -0.15552087512915183 -0.057569554354026914 -0.19804423437213209 0.11003064301601101 0.24085261048937037 -0.5095526296945031 0.10447070344023035 -0.20672760397749868 0.30520206127602334 0.37273888478429323 -0.24114321868466201 0.47124007433831311 -0.51053121111983601 0.22074518591577622 -0.043274468848596571 0.48422768856019732 0.1568007958973166
leaf_weight=2656 195228 1017 29863 19665 23373 30064 10145 35158 23940 9118 36870 82029 27626 10953 165456 25915 98718 16243 4364 32168 7165 23503 3115 4251 35031 1721 23519 33457 5504 52916
leaf_count=2656 195228 1017 29863 19665 23373 30064 10145 35158 23940 9118 36870 82029 27626 10953 165456 25915 98718 16243 4364 32168 7165 23503 3115 4251 35031 1721 23519 33457 5504 52916
internal_value=1.41767e-05 0.128402 0.0753044 0.0986467 0.119705 -0.0774039 0.287425 -0.0487812 -0.0343037 0.000502557 0.137376 -0.135372 0.260333 0.0462072 -0.0434518 -0.148046 0.0835096 0.200718 0.0653084 0.241601 0.314476 0.185539 -0.177828 0.0184607 0.434245 -0.0375032 -0.0259916 0.0657096 0.180942 0.19939
internal_weight=1.07075e+06 402782 301952 273381 253716 667969 100830 472741 437583 325490 79118 112093 42248 133044 246372 28571 109671 120672 27973 92699 60531 30668 11730 7366 37769 2738 222432 56976 33130 63061
internal_count=1070751 402782 301952 273381 253716 667969 100830 472741 437583 325490 79118 112093 42248 133044 246372 28571 109671 120672 27973 92699 60531 30668 11730 7366 37769 2738 222432 56976 33130 63061
cat_boundaries=0 1 2 3 4 5 6 7 8 9 10
cat_threshold=39331232 5243264 86028 5243136 16810563 2361344 8192 4194560 1048704 1048576
is_linear=0
shrinkage=0.05


Tree=37
num_leaves=31
num_cat=8
split_feature=0 4 0 0 1 1 4 0 3 1 1 4 3 0 0 1 4 3 1 1 0 5 2 0 1 2 3 2 3 1
split_gain=3.84218e+06 1.25412e+06 874418 478293 453106 637611 757605 575544 415378 396884 452942 387167 456973 379471 360465 332894 307707 294754 290809 337539 312140 395737 289283 281004 523628 377866 330819 279281 265078 383553
threshold=0 30577.500000000004 1 2 18.500000000000004 11.500000000000002 45010.000000000007 3 5.5000000000000009 16.500000000000004 9.5000000000000018 60022.500000000007 10.500000000000002 4 5 17.500000000000004 1716.0000000000002 1.5000000000000002 18.500000000000004 10.500000000000002 6 15.718750000000002 4.5000000000000009 7 10.500000000000002 4.5000000000000009 9.5000000000000018 5.5000000000000009 8.5000000000000018 19.500000000000004
decision_type=1 8 1 1 2 2 10 1 2 2 2 10 2 1 1 2 8 2 2 2 1 2 2 1 2 2 2 2 2 2
left_child=1 16 11 -2 5 14 22 8 -8 10 -4 12 17 28 -5 -14 -1 -3 19 20 21 -18 -7 25 -25 -19 -26 -24 -11 -30
right_child=3 2 9 4 -6 6 7 -9 -10 13 -12 -13 15 -15 -16 -17 18 23 -20 -21 -22 -23 27 24 26 -27 -28 -29 29 -31
leaf_value=-0.24169608626161862 -0.13937230895543076 -0.03014177032197134 -0.14912731250068356 0.019522729473099805 -0.17025131601523535 -0.072047165073517286 0.5501000088277499 0.0009581879472362366 0.1807498730475586 -0.13749475223246152 0.20071841910803473 0.57214405398467927 0.15462093714788286 0.055618101803868017 -0.18287393471824176 -0.38873274582178535 0.65457723471986506 0.64537949293103836 -0.23085068156506738 0.085841655713091353 -0.235409437231858 -0.38718690003944589 0.20962513088421719 -0.13151738729501802 0.29496376653279915 0.18333651233198286 0.7475945285835297 -0.029895124747634633 -1.1455449340368755 0.57436396191962324
leaf_weight=12257 195228 5646 10163 30064 63820 161005 9749 40409 34729 4858 103197 11733 10415 49446 82029 3865 2427 14104 10467 91124 16367 1460 20109 6687 35487 6448 4555 30827 1674 402
leaf_count=12257 195228 5646 10163 30064 63820 161005 9749 40409 34729 4858 103197 11733 10415 49446 82029 3865 2427 14104 10467 91124 16367 1460 20109 6687 35487 6448 4555 30827 1674 402
internal_value=1.38208e-05 0.121983 0.184317 -0.073534 -0.0463423 -0.027005 0.0113626 0.137582 0.261648 0.115428 0.169354 0.302461 0.266212 0.00702291 -0.128605 0.00755777 -0.00289692 0.31686 0.0211251 0.0448051 -0.139821 0.262604 -0.039191 0.345979 0.277995 0.500174 0.346453 0.064665 -0.339098 -0.812499
internal_weight=1.07075e+06 402782 268680 667969 472741 408921 296828 84887 44478 169740 113360 98940 87207 56380 112093 14280 134102 72927 121845 111378 20254 3887 211941 67281 46729 20552 40042 50936 6934 2076
internal_count=1070751 402782 268680 667969 472741 408921 296828 84887 44478 169740 113360 98940 87207 56380 112093 14280 134102 72927 121845 111378 20254 3887 211941 67281 46729 20552 40042 50936 6934 2076
cat_boundaries=0 1 2 3 4 5 6 7 8
cat_threshold=39331232 5243136 86028 16810563 8320 2361344 1048704 1048576
is_linear=0
shrinkage=0.05


Tree=38
num_leaves=31
num_cat=8
split_feature=0 0 4 1 4 1 1 0 3 3 2 2 0 1 3 0 0 3 4 5 3 3 0 1 3 4 0 2 4 3
split_gain=3.47548e+06 966053 959431 613130 659763 489147 484800 619173 608279 696802 436184 575401 571470 420347 382739 496886 377680 363352 353775 424821 480809 388895 349434 334744 309248 464362 294562 573822 680137 364775
threshold=0 1 34548.500000000007 10.500000000000002 60160.500000000007 19.500000000000004 16.500000000000004 2 8.5000000000000018 3.5000000000000004 4.5000000000000009 5.5000000000000009 3 18.500000000000004 4.5000000000000009 4 5 3.5000000000000004 29639.000000000004 14.510833333333336 8.5000000000000018 4.5000000000000009 6 21.500000000000004 1.5000000000000002 70847.500000000015 7 4.5000000000000009 20726.000000000004 8.5000000000000018
decision_type=1 1 8 2 10 2 2 1 2 2 2 2 1 2 2 1 1 2 10 2 2 2 1 2 2 8 1 2 10 2
left_child=2 -2 14 16 5 10 24 23 9 -9 18 12 17 -11 15 -1 -3 -12 19 -5 -21 -20 -6 -8 25 -4 27 28 -16 -30
right_child=1 3 6 4 22 -7 7 8 -10 13 11 -13 -14 -15 26 -17 -18 -19 21 20 -22 -23 -24 -25 -26 -27 -28 -29 29 -31
leaf_value=0.84620518532161526 -0.1033530360705133 0.056474303924852844 0.57994188740858865 -0.13632182658563111 0.57181676063276521 -0.16827472952242742 0.32826065038067709 -0.80311797301007037 -0.70610618298867101 0.55450957711167614 0.83809794898177881 0.0023424952068995496 0.079038373099285367 -0.19355664234608413 -0.38031612731308478 0.12439872451392286 -0.205016545935578 0.32984193429627512 0.25374640633152995 0.13917807133955287 -0.16729234135720816 0.012719574895702374 0.16086067286600325 -0.39904889675885757 0.3657519070603088 -0.26224118067648911 0.062575492711995431 -0.76432160284679418 -0.25292060495483071 0.61463979076856079
leaf_weight=3189 383452 18965 2485 80245 6485 35656 21771 1910 3604 4792 4464 51110 23606 3088 6440 9408 50777 16566 20745 39824 18858 86592 25568 1706 79260 4795 56166 3337 1706 4181
leaf_count=3189 383452 18965 2485 80245 6485 35656 21771 1910 3604 4792 4464 51110 23606 3088 6440 9408 50777 16566 20745 39824 18858 86592 25568 1706 79260 4795 56166 3337 1706 4181
internal_value=1.29054e-05 -0.0441966 0.183558 0.00311522 0.0264431 0.00795885 0.272421 0.120597 -0.150646 0.0536825 0.026332 0.11689 0.248051 0.261359 0.0536841 0.307899 -0.13393 0.43752 -0.00887638 -0.0615526 0.040691 0.0593028 0.244234 0.275292 0.337107 0.0252348 0.00910191 -0.18256 -0.0252218 0.363229
internal_weight=1.07075e+06 862913 207838 479461 409719 377666 123411 36871 13394 9790 342010 95746 44636 7880 84427 12597 69742 21030 246264 138927 58682 107337 32053 23477 86540 7280 71830 15664 12327 5887
internal_count=1070751 862913 207838 479461 409719 377666 123411 36871 13394 9790 342010 95746 44636 7880 84427 12597 69742 21030 246264 138927 58682 107337 32053 23477 86540 7280 71830 15664 12327 5887
cat_boundaries=0 1 2 3 4 5 6 7 8
cat_threshold=5251456 88605 4194560 558146 1048576 2883584 1026 1048576
is_linear=0
shrinkage=0.05


Tree=39
num_leaves=31
num_cat=10
split_feature=0 4 4 0 0 1 1 4 0 0 1 1 1 0 4 5 0 5 3 4 6 4 0 1 4 3 2 0 1 0
split_gain=3.19181e+06 1.09574e+06 553286 493713 400080 400723 548835 661128 529966 382804 387757 352360 346718 338162 316228 314322 310022 299385 278489 260452 251431 248406 269710 355212 250287 230721 230160 228967 253910 217164
threshold=0 53024.000000000007 22662.000000000004 1 2 18.500000000000004 11.500000000000002 52924.500000000007 3 4 11.500000000000002 16.500000000000004 20.500000000000004 5 77597.000000000015 10.644791666666668 6 15.643125000000003 5.5000000000000009 8272.5000000000018 1.9850000000000003 38917.500000000007 7 10.500000000000002 29316.500000000004 5.5000000000000009 4.5000000000000009 8 18.500000000000004 9
decision_type=1 10 8 1 1 2 2 10 1 1 2 2 2 1 10 2 1 2 2 8 2 10 1 2 8 2 2 1 2 1
left_child=1 2 29 20 -2 6 16 19 18 10 13 17 14 -3 25 27 -6 21 -9 -8 -4 22 23 -5 26 -12 -24 28 -13 -1
right_child=4 9 3 11 5 -7 7 8 -10 -11 12 15 -14 -15 -16 -17 -18 -19 -20 -21 -22 -23 24 -25 -26 -27 -28 -29 -30 -31
leaf_value=0.036213351156418092 -0.12723666301079015 0.63062190759658099 0.091143504876554121 -0.2742308878180148 0.01914313047124384 -0.15867895604906135 -0.18653618198542732 0.68856064068322842 0.035687607593939144 0.17002814831241989 0.82459283547256368 0.26199026083964327 -0.0072268982023590408 -0.082894512883925214 1.9337610820437423 0.17065252623323671 -0.1685579124817187 0.10266702621962659 0.26334685835927057 -0.0066008728023849734 -0.061197973806770813 0.48494084198613624 0.82156229278972315 0.23086854494174333 0.28349290207731792 0.44791466799833013 -0.63625827726629591 -0.43357265497282871 -0.30692759473828429 -0.12041238357508353
leaf_weight=49244 195228 2234 87499 4526 30064 63820 22110 4950 29981 36955 5090 4487 3184 6383 404 20637 82029 25106 17338 222449 39227 14953 3890 15072 15274 20192 291 4468 3484 40182
leaf_count=49244 195228 2234 87499 4526 30064 63820 22110 4950 29981 36955 5090 4487 3184 6383 404 20637 82029 25106 17338 222449 39227 14953 3890 15072 15274 20192 291 4468 3484 40182
internal_value=1.30039e-05 0.111181 0.0719162 0.111626 -0.0670216 -0.0421524 -0.0239672 0.0116294 0.173039 0.284382 0.396962 0.188012 0.484922 0.102724 0.545928 0.0509866 -0.118229 0.245325 0.357623 -0.0228684 0.043984 0.311643 0.245289 0.114162 0.377128 0.523751 0.720097 -0.147546 0.0133084 -0.0341731
internal_weight=1.07075e+06 402782 328340 238914 667969 472741 408921 296828 52269 74442 37487 112188 28870 8617 25686 33076 112093 79112 22288 244559 126726 54006 39053 19598 19455 25282 4181 12439 7971 89426
internal_count=1070751 402782 328340 238914 667969 472741 408921 296828 52269 74442 37487 112188 28870 8617 25686 33076 112093 79112 22288 244559 126726 54006 39053 19598 19455 25282 4181 12439 7971 89426
cat_boundaries=0 1 2 3 4 5 6 7 8 9 10
cat_threshold=39331232 34087968 86028 33347 5244160 1048576 2361344 4194560 4194560 4727168
is_linear=0
shrinkage=0.05


Tree=40
num_leaves=31
num_cat=10
split_feature=0 4 3 4 1 4 0 0 0 1 1 4 1 0 2 3 1 3 4 0 0 1 2 2 0 0 3 2 0 1
split_gain=2.88062e+06 996255 492316 440004 451438 375274 365651 361812 353400 334274 378357 426306 313759 338781 287041 339230 275950 379788 273982 270253 242133 231414 227587 288796 342134 223841 215793 213692 195712 189013
threshold=0 45010.000000000007 4.5000000000000009 8687.0000000000018 19.500000000000004 64652.000000000007 1 2 3 19.500000000000004 9.5000000000000018 64652.000000000007 19.500000000000004 4 4.5000000000000009 1.5000000000000002 16.500000000000004 10.500000000000002 8687.0000000000018 5 6 10.500000000000002 4.5000000000000009 5.5000000000000009 7 8 8.5000000000000018 5.5000000000000009 9 21.500000000000004
decision_type=1 10 2 8 2 10 1 1 1 2 2 10 2 1 2 2 2 2 8 1 1 2 2 2 1 1 2 2 1 2
left_child=1 3 12 20 8 7 -2 16 -5 10 -8 18 13 -3 15 -10 -4 25 28 -13 -1 -9 -20 24 -24 -18 -17 -16 -12 -23
right_child=6 2 5 4 -6 -7 9 21 14 -11 11 19 -14 -15 27 26 17 -19 22 -21 -22 29 23 -25 -26 -27 -28 -29 -30 -31
leaf_value=0.32193052829686897 -0.1131821470014899 0.20190760365570781 0.37296580111302541 0.15723106443823004 -0.17570707626959439 0.42760892046838123 -0.23507772845182773 -0.18278024833897197 -0.28402145761890707 -0.19191417644657047 0.1055962826287217 0.6784706153952067 -0.17872373612794198 0.66210157435103767 0.32299451304745874 0.094297816509396212 -1.3154638443545348 -0.50817684139582953 -0.03680106855434661 0.14366485780396329 -0.17861947972955416 0.13037935037393786 0.27337379492251096 -0.030610516165442483 0.0077210964837363576 0.26463135560630174 -0.068667077546969518 0.057150442229742228 -0.22939084634791596 -0.32325467615232922
leaf_weight=2656 239307 5952 22464 111866 16768 13336 20066 8073 10035 31836 5317 2958 1800 12370 12770 46963 221 2282 234252 11671 25915 44565 24264 49911 24219 8002 35798 18525 24168 2421
leaf_count=2656 239307 5952 22464 111866 16768 13336 20066 8073 10035 31836 5317 2958 1800 12370 12770 46963 221 2282 234252 11671 25915 44565 24264 49911 24219 8002 35798 18525 24168 2421
internal_value=1.23342e-05 0.105622 0.225282 0.0539476 0.0749735 0.180436 -0.0636707 0.142991 0.0927879 -0.0360282 -0.0235229 -0.0122556 0.451192 0.513077 0.0346779 -0.00948092 0.273962 0.0625126 -0.0229455 0.252365 -0.132037 0.064504 -0.00999734 0.0538158 0.140729 0.220887 0.0238079 0.165629 -0.169025 0.107005
internal_weight=1.07075e+06 402782 121486 281296 252725 101364 667969 88028 235957 428662 396826 376760 20122 18322 124091 92796 32969 10505 362131 14629 28571 55059 332646 98394 48483 8223 82761 31295 29485 46986
internal_count=1070751 402782 121486 281296 252725 101364 667969 88028 235957 428662 396826 376760 20122 18322 124091 92796 32969 10505 362131 14629 28571 55059 332646 98394 48483 8223 82761 31295 29485 46986
cat_boundaries=0 1 2 3 4 5 6 7 8 9 10
cat_threshold=39331232 86029 1057152 5243264 33554592 514 8192 16810562 8192 2359296
is_linear=0
shrinkage=0.05


Tree=41
num_leaves=31
num_cat=10
split_feature=0 4 4 0 1 0 0 1 1 4 0 4 3 0 3 1 0 0 5 1 0 1 1 4 4 1 1 3 0 2
split_gain=2.59974e+06 910731 525743 489816 343277 394600 331919 359618 646439 480098 600946 304962 284388 277740 271970 264411 286706 258369 255292 300813 236515 511416 283321 226597 217100 226333 236846 213378 443011 210260
threshold=0 55559.000000000007 25414.000000000004 1 16.500000000000004 2 3 16.500000000000004 11.500000000000002 45010.000000000007 4 77597.000000000015 5.5000000000000009 5 1.5000000000000002 9.5000000000000018 6 7 10.644791666666668 17.500000000000004 8 10.500000000000002 9.5000000000000018 26925.500000000004 1.0000000180025095e-35 19.500000000000004 10.500000000000002 10.500000000000002 9 4.5000000000000009
decision_type=1 10 8 1 2 1 1 2 2 10 1 10 2 1 2 2 1 1 2 2 1 2 2 10 10 2 2 2 1 2
left_child=1 2 24 4 14 18 -2 8 13 29 12 15 -11 -8 23 17 -17 -3 19 -6 22 -22 -16 -4 -1 26 -26 -23 -29 -10
right_child=6 11 3 -5 5 -7 7 -9 9 10 -12 -13 -14 -15 20 16 -18 -19 -20 -21 21 27 -24 -25 25 -27 -28 28 -30 -31
leaf_value=-0.27450774887771412 -0.12063430134635245 0.76615720430573264 -0.26625813008490429 0.038683780639012746 0.31199272573209719 -0.32361538981872895 0.063542040292888249 -0.10688799738789601 -0.04091358280834418 0.65000420849598228 0.029351286482889732 1.1016682875954797 0.24902988757833247 -0.14423285702313526 0.87134836426976481 0.4224586813910553 0.18207549403836071 -0.34674782592933573 0.24081167520384189 -0.2488002134662729 -0.13475732083533407 0.32862865240646644 0.31628039378670908 0.34692680387717517 -0.16167311655137448 -0.43305506558595541 0.047250808193803867 0.19811341310200184 -0.89560683465276858 0.089263716170971716
leaf_weight=7873 170738 627 4671 118234 3544 5925 19290 142601 131024 5672 41226 1135 20065 96713 2467 24983 24742 2877 17826 7352 9926 29267 33745 2224 16357 2950 79481 5472 1104 40640
leaf_count=7873 170738 627 4671 118234 3544 5925 19290 142601 131024 5672 41226 1135 20065 96713 2467 24983 24742 2877 17826 7352 9926 29267 33745 2224 16357 2950 79481 5472 1104 40640
internal_value=1.21749e-05 0.100342 0.0706454 0.111442 0.181066 0.047582 -0.0604865 -0.0398311 -0.0128678 0.0341996 0.147752 0.290682 0.337267 -0.109689 0.233124 0.273389 0.302971 -0.146409 0.124225 -0.0663984 0.258489 0.182807 0.353998 -0.0684738 -0.0218229 -0.001685 0.011593 0.270801 0.0134355 -0.0100952
internal_weight=1.07075e+06 402782 348418 241757 123523 34647 667969 497231 354630 238627 66963 54364 25737 116003 88876 53229 49725 3504 28722 10896 81981 45769 36212 6895 106661 98788 95838 35843 6576 171664
internal_count=1070751 402782 348418 241757 123523 34647 667969 497231 354630 238627 66963 54364 25737 116003 88876 53229 49725 3504 28722 10896 81981 45769 36212 6895 106661 98788 95838 35843 6576 171664
cat_boundaries=0 1 2 3 4 5 6 7 8 9 10
cat_threshold=39331232 5251456 5243136 20492 33347 2359296 5244160 1048704 1048704 4194560
is_linear=0
shrinkage=0.05


Tree=42
num_leaves=31
num_cat=10
split_feature=0 4 1 1 0 0 0 1 1 0 1 0 4 4 1 4 1 1 4 0 5 3 3 0 3 4 0 3 3 0
split_gain=2.34627e+06 827484 461721 563525 969014 382103 310273 303012 355558 507162 346542 309131 297629 288900 272721 259071 233403 239437 250267 232579 277615 244226 262572 280367 226719 257418 221063 329138 274101 216739
threshold=0 53024.000000000007 16.500000000000004 10.500000000000002 1 2 3 21.500000000000004 11.500000000000002 4 16.500000000000004 5 77597.000000000015 5494.5000000000009 20.500000000000004 16350.500000000002 19.500000000000004 9.5000000000000018 22387.500000000004 6 14.793750000000001 1.5000000000000002 8.5000000000000018 7 4.5000000000000009 37371.000000000007 8 8.5000000000000018 3.5000000000000004 9
decision_type=1 10 2 2 1 1 1 2 2 1 2 1 10 8 2 8 2 2 8 1 2 2 2 1 2 10 1 2 2 1
left_child=1 2 3 4 15 14 16 8 11 12 -11 -3 -10 -5 -4 -1 17 -2 -19 20 -15 -21 23 -23 25 -20 -12 28 -28 -27
right_child=6 7 5 13 -6 -7 -8 -9 9 10 26 -13 -14 19 -16 -17 -18 18 24 21 -22 22 -24 -25 -26 29 27 -29 -30 -31
leaf_value=-0.18981526458551518 -0.22041281660420525 0.42670090746985273 0.10520153175806586 -0.1051156799488826 -0.15467006456900503 -0.14308306471279209 -0.091321904820214947 -0.31045041059454287 0.49022977620707026 0.34243792912857934 0.14501787475222458 -0.061864305333204805 1.9834070515140318 0.28888569908918343 -0.21837945497963412 0.49204753923974104 -0.17518739320010462 -0.082988556108217482 0.022916746480825201 -0.1513821895100414 0.099489336378458887 0.5002008517026465 0.018895860964665726 0.15309298114112715 -0.0082941026624548716 0.57296711351859153 -1.4073786139102431 -0.95584881791146481 0.16545905416981083 0.1651311942830547
leaf_weight=1655 13143 4348 45047 11215 41452 42514 336125 2370 21458 19060 10013 12590 339 51192 7612 8801 23463 72504 39371 8689 31104 6815 32525 39719 158094 3840 309 1280 2675 21429
leaf_count=1655 13143 4348 45047 11215 41452 42514 336125 2370 21458 19060 10013 12590 339 51192 7612 8801 23463 72504 39371 8689 31104 6815 32525 39719 158094 3840 309 1280 2675 21429
internal_value=1.15054e-05 0.0953245 0.0612027 0.0990837 -0.0461695 -0.031603 -0.0574623 0.245838 0.264131 0.325685 0.202855 0.0637662 0.513217 0.140681 0.0584159 0.383754 -0.0231642 -0.0115983 -0.00230263 0.156892 0.217276 0.100223 0.127888 0.204068 0.0239621 0.102853 0.0166527 -0.284456 0.00258813 0.2274
internal_weight=1.07075e+06 402782 328340 233167 51908 95173 667969 74442 72072 55134 33337 16938 21797 181259 52659 10456 331844 308381 295238 170044 82296 87748 79059 46534 222734 64640 14277 4264 2984 25269
internal_count=1070751 402782 328340 233167 51908 95173 667969 74442 72072 55134 33337 16938 21797 181259 52659 10456 331844 308381 295238 170044 82296 87748 79059 46534 222734 64640 14277 4264 2984 25269
cat_boundaries=0 1 2 3 4 5 6 7 8 9 10
cat_threshold=39331232 1048704 37750016 19302466 4195584 1056896 5243264 8192 34078752 2
is_linear=0
shrinkage=0.05


Tree=43
num_leaves=31
num_cat=11
split_feature=0 4 1 1 0 0 0 1 4 1 4 4 4 1 1 0 1 0 4 0 0 1 0 1 1 4 4 0 0 5
split_gain=2.12113e+06 697776 575824 530328 907434 358366 347086 337534 275016 253376 233755 233400 232994 223739 243467 362630 358502 211971 206597 202424 201901 171905 263209 161966 161550 158282 156691 179811 155817 251115
threshold=0 55559.000000000007 16.500000000000004 10.500000000000002 1 2 3 20.500000000000004 8687.0000000000018 9.5000000000000018 16350.500000000002 77597.000000000015 1855.5000000000002 21.500000000000004 11.500000000000002 4 16.500000000000004 5 64308.000000000007 6 7 16.500000000000004 8 11.500000000000002 9.5000000000000018 14747.000000000002 64652.000000000007 9 10 16.369583333333335
decision_type=1 10 2 2 1 1 1 2 8 2 8 10 8 2 2 1 2 1 10 1 1 2 1 2 2 8 10 1 1 2
left_child=1 2 3 4 10 7 26 25 20 -10 -1 13 -5 14 17 -16 -17 -3 21 -7 -8 23 -23 -11 -6 -4 -2 -28 -18 -30
right_child=6 11 5 12 24 19 8 -9 9 18 -12 -13 -14 -15 15 16 28 -19 -20 -21 -22 22 -24 -25 -26 -27 27 -29 29 -31
leaf_value=-0.18032449888217394 -0.093880235398357936 0.41957423974422864 -0.13217815405290995 -0.11460923633267245 -0.26333040368102634 -0.76935554926778016 0.10458526307696792 -0.26593666317788039 -0.20409334355068234 -0.047825937506383857 0.4639596571093858 1.0412864052353281 0.16926823254052406 -0.37592122502032077 0.52326156109624589 0.38094353717485957 0.11770191667469286 -0.073481428666047816 0.17804866674244935 -0.11549475706259674 -0.23201361823849989 0.049141553778497229 -0.12049180845726869 0.047539078702129665 -0.054762055201638127 0.16559614332251488 0.29484111011928293 -0.070109783913398366 -0.84493037879857713 0.06735267714556116
leaf_weight=1655 322107 3074 5176 7560 16683 1207 5530 6490 15236 62332 9426 983 164625 1332 15680 10860 4605 7430 16294 44348 22867 35822 63211 155835 20935 32383 5640 8378 1373 1674
leaf_count=1655 322107 3074 5176 7560 16683 1207 5530 6490 15236 62332 9426 983 164625 1332 15680 10860 4605 7430 16294 44348 22867 35822 63211 155835 20935 32383 5640 8378 1373 1674
internal_value=1.16365e-05 0.0994117 0.0722334 0.115602 -0.0300774 -0.0346749 -0.0498108 0.0670105 -0.0168809 -0.00469718 0.367401 0.278935 0.156804 0.262653 0.281684 0.346364 0.19614 0.071141 0.00441243 -0.132984 -0.16651 -0.00450696 -0.0591396 0.0202926 -0.14722 0.12456 -0.0867559 0.0768848 -0.0658843 -0.342604
internal_weight=1.07075e+06 357499 310488 220884 48699 89604 713252 44049 377127 348730 11081 47011 172185 46028 44696 34192 18512 10504 333494 45555 28397 317200 99033 218167 37618 37559 336125 14018 7652 3047
internal_count=1070751 357499 310488 220884 48699 89604 713252 44049 377127 348730 11081 47011 172185 46028 44696 34192 18512 10504 333494 45555 28397 317200 99033 218167 37618 37559 336125 14018 7652 3047
cat_boundaries=0 1 2 3 4 5 6 7 8 9 10 11
cat_threshold=5776800 1048704 4195584 86557 4195584 1056896 8192 2359296 50462720 16897 524320
is_linear=0
shrinkage=0.05


Tree=44
num_leaves=31
num_cat=7
split_feature=0 4 4 0 0 3 0 1 0 3 3 1 0 2 4 3 3 5 4 1 4 1 1 3 4 1 1 0 4 1
split_gain=1.92718e+06 637715 546623 508736 367323 306678 438719 300842 427878 479956 575391 385636 267992 507868 525285 310988 616374 300108 369351 259619 275543 253560 249323 245773 350963 244599 261440 247553 300966 233702
threshold=0 34548.500000000007 64652.000000000007 1 2 4.5000000000000009 3 16.500000000000004 4 8.5000000000000018 3.5000000000000004 19.500000000000004 5 4.5000000000000009 20726.000000000004 8.5000000000000018 6.5000000000000009 9.2893750000000015 29639.000000000004 10.500000000000002 77597.000000000015 19.500000000000004 21.500000000000004 1.5000000000000002 70847.500000000015 10.500000000000002 17.500000000000004 6 23473.000000000004 9.5000000000000018
decision_type=1 8 10 1 1 2 1 2 1 2 2 2 1 2 10 2 2 2 10 2 10 2 2 2 8 2 2 1 8 2
left_child=1 5 3 29 -4 6 -1 23 22 10 -10 -12 13 14 -7 16 -16 18 -17 -6 -21 -11 -9 24 -3 -5 27 -27 -29 -2
right_child=2 7 4 25 19 12 -8 8 9 21 11 -13 -14 -15 15 17 -18 -19 -20 20 -22 -23 -24 -25 -26 26 -28 28 -30 -31
leaf_value=0.76415025858955588 -0.16019468368066414 0.46430597745761082 -0.054718971993746028 -0.1642351356208557 -0.13468044432218396 -0.35596772383476222 0.086011650612830698 0.26384168112898887 -0.73302218028778188 -0.85101311974885996 0.35830067042394409 -0.752232993488962 0.041906846933534136 -0.73923242399097833 1.1839641375927366 0.6119681950436745 -0.8920536389649163 0.92851109970159273 -0.80318487853174769 0.29497046862007287 1.0405086023225281 0.16411696743904089 -0.36384634252786113 0.28562870581932914 -0.2678588341889715 -0.099662688013016462 -0.13054055042408452 -0.10081985388845321 0.033187918731277265 0.014673698678722667
leaf_weight=3189 20282 2485 13091 65951 3291 6440 9408 21771 1910 2817 7000 880 56166 3337 510 1226 1196 2216 739 18563 1328 787 1706 79260 4795 106247 100606 58927 144989 329638
leaf_count=3189 20282 2485 13091 65951 3291 6440 9408 21771 1910 2817 7000 880 56166 3337 510 1226 1196 2216 739 18563 1328 787 1706 79260 4795 106247 100606 58927 144989 329638
internal_value=1.11142e-05 0.136688 -0.0329096 -0.0412461 0.157065 0.0308042 0.258361 0.209136 0.0895365 -0.135935 0.0455636 0.234282 -0.00910297 -0.191912 -0.0439042 0.297473 -0.271439 0.52961 0.0797554 0.276565 0.344745 -0.629341 0.218137 0.260092 -0.0179372 -0.0748508 -0.0605015 -0.0377833 -0.00553695 0.00453788
internal_weight=1.07075e+06 207838 862913 826640 36273 84427 12597 123411 36871 13394 9790 7880 71830 15664 12327 5887 1706 4181 1965 23182 19891 3604 23477 86540 7280 476720 410769 310163 203916 349920
internal_count=1070751 207838 862913 826640 36273 84427 12597 123411 36871 13394 9790 7880 71830 15664 12327 5887 1706 4181 1965 23182 19891 3604 23477 86540 7280 476720 410769 310163 203916 349920
cat_boundaries=0 1 2 3 4 5 6 7
cat_threshold=5251456 53216352 2560028 1048576 4194560 1048576 20492
is_linear=0
shrinkage=0.05


Tree=45
num_leaves=31
num_cat=8
split_feature=0 4 0 3 1 4 1 1 0 4 3 0 1 4 5 1 1 0 2 1 1 0 5 0 0 2 4 5 1 6
split_gain=1.74824e+06 690684 453758 668432 319541 321164 253649 460135 424205 615220 321036 246555 220480 220214 211540 210236 213760 343048 208976 207859 258493 228869 197495 505896 412120 326429 307858 245776 241786 197482
threshold=0 30577.500000000004 1 10.500000000000002 21.500000000000004 66692.500000000015 16.500000000000004 11.500000000000002 2 49218.000000000007 5.5000000000000009 3 17.500000000000004 47228.000000000007 8.9850000000000012 10.500000000000002 16.500000000000004 4 4.5000000000000009 17.500000000000004 10.500000000000002 5 16.743750000000002 6 7 4.5000000000000009 63734.500000000007 6.9158333333333344 12.500000000000002 3.2100000000000004
decision_type=1 8 1 2 2 10 2 2 1 10 2 1 2 10 2 2 2 1 2 2 2 1 2 1 1 2 8 2 2 2
left_child=1 19 3 -3 5 15 7 11 9 18 -11 -2 13 14 -5 -4 22 -18 -9 20 21 -1 24 28 25 26 -17 -26 -24 -29
right_child=6 2 4 12 -6 -7 -8 8 -10 10 -12 -13 -14 -15 -16 16 17 -19 -20 -21 -22 -23 23 -25 27 -27 -28 29 -30 -31
leaf_value=0.020548730636958668 0.028255528939691067 0.31636316517029645 -0.035617947931008184 -0.43157697629955605 -0.32099802309662651 0.40251932467470475 -0.097758722026953251 -0.028503248389939173 -0.052825303006735595 0.52342745845358563 0.16430480327457109 -0.13116388575980156 -0.48761439096135756 0.29310380926392804 0.36712701778868889 0.31066625953116428 -0.097233100988890139 0.14227554088442743 0.1248451191246361 -0.15717453410616258 0.053368171713542162 -0.29910919205885439 1.3433107175343806 -0.012545581291035056 -0.182167084563889 0.47221867241320892 -0.037467426408090851 0.26157130999084466 0.36292032856539569 -0.1121710556398316
leaf_weight=11427 30064 53900 29162 3199 4582 8474 194012 92274 160123 7940 28780 125514 2864 3918 1119 18404 26873 33674 29262 20442 91258 10975 943 28570 8318 16224 9696 11832 1888 5040
leaf_count=11427 30064 53900 29162 3199 4582 8474 194012 92274 160123 7940 28780 125514 2864 3918 1119 18404 26873 33674 29262 20442 91258 10975 943 28570 8318 16224 9696 11832 1888 5040
internal_value=1.09032e-05 0.082285 0.128544 0.243563 0.0918215 0.101327 -0.0496005 -0.0298882 0.00455037 0.0626023 0.241958 -0.100364 -0.109725 0.021683 -0.224595 0.0879374 0.110253 0.0359802 0.00841816 -0.0103905 0.0160089 -0.13618 0.154815 0.0507431 0.201827 0.293578 0.190542 0.0402502 0.687059 0.149927
internal_weight=1.07075e+06 402782 268680 65000 203680 199098 667969 473957 318379 158256 36720 155578 11100 8236 4318 190624 161462 60547 121536 134102 113660 22402 100915 31401 69514 44324 28100 25190 2831 16872
internal_count=1070751 402782 268680 65000 203680 199098 667969 473957 318379 158256 36720 155578 11100 8236 4318 190624 161462 60547 121536 134102 113660 22402 100915 31401 69514 44324 28100 25190 2831 16872
cat_boundaries=0 1 2 3 4 5 6 7 8
cat_threshold=39331232 1048832 17203779 2361344 532640 1581216 8192 4719744
is_linear=0
shrinkage=0.05


Tree=46
num_leaves=31
num_cat=10
split_feature=0 4 1 4 4 0 1 1 4 0 5 4 3 3 0 4 2 0 3 0 1 0 1 1 4 0 4 5 0 0
split_gain=1.57996e+06 566969 484084 343820 293639 422767 418277 354844 352240 297813 276597 234064 219046 215718 489638 556248 436615 362643 305870 237073 209572 310624 350266 266935 224042 202260 198376 195754 184519 177539
threshold=0 55559.000000000007 18.500000000000004 22387.500000000004 30825.500000000004 1 10.500000000000002 16.500000000000004 60160.500000000007 2 15.501458333333334 35425.500000000007 5.5000000000000009 4.5000000000000009 3 28967.500000000004 4.5000000000000009 4 2.5000000000000004 5 11.500000000000002 6 16.500000000000004 20.500000000000004 77597.000000000015 7 28181.500000000004 15.718750000000002 8 9
decision_type=1 10 2 8 8 1 2 2 10 1 2 10 2 2 1 10 2 1 2 1 2 1 2 2 10 1 8 2 1 1
left_child=1 2 3 -1 9 6 -6 8 10 27 11 -8 -10 14 -5 16 18 -15 26 -20 29 23 -23 24 -22 -9 -16 -2 -28 -3
right_child=4 20 -4 13 5 -7 7 25 12 -11 -12 -13 -14 17 15 -17 -18 -19 19 -21 21 22 -24 -25 -26 -27 28 -29 -30 -31
leaf_value=-0.005446708212398837 -0.08318293742820608 0.36895069805580211 -0.10063748870812227 -0.049066350303733151 -0.13863202572035133 -0.069212013487908924 0.033718932066163623 0.078014389033588927 0.66377720189052869 -0.1259112351328536 -0.032155760572595636 0.2156850253253226 0.2213759183229175 -0.033672997377521573 0.27200609494177719 0.48195640647410321 0.46650183251302269 0.14278903039060706 0.58537092945765035 0.067330055775239636 0.51149311702809019 0.35252389302524229 -0.076411245702987199 -0.044378678470284004 1.8595793017461189 -0.083031005120736995 0.053243200145805886 0.072307239344319346 -0.4065076472915653 -0.077405413448507446
leaf_weight=75219 42338 3142 40178 15616 33316 224491 32088 30076 3816 164513 38620 39337 10488 43926 2283 19262 7545 86339 3151 7360 14280 11100 8332 2251 315 55385 3352 38784 6257 7591
leaf_count=75219 42338 3142 40178 15616 33316 224491 32088 30076 3816 164513 38620 39337 10488 43926 2283 19262 7545 86339 3151 7360 14280 11100 8332 2251 315 55385 3352 38784 6257 7591
internal_value=1.01703e-05 0.0857979 0.061299 0.0853687 -0.0429893 -0.0197382 0.0259454 0.0520801 0.105986 -0.0872544 0.0756465 0.133936 0.339399 0.120383 0.194914 0.272292 0.13753 0.0832935 0.0267371 0.22325 0.247621 0.305043 0.16852 0.46215 0.540589 -0.0263554 -0.146955 -0.00884281 -0.246496 0.0535334
internal_weight=1.07075e+06 357499 310488 270310 713252 467617 243126 209810 124349 245635 110045 71425 14304 195091 64826 49210 29948 130265 22403 10511 47011 36278 19432 16846 14595 85461 11892 81122 9609 10733
internal_count=1070751 357499 310488 270310 713252 467617 243126 209810 124349 245635 110045 71425 14304 195091 64826 49210 29948 130265 22403 10511 47011 36278 19432 16846 14595 85461 11892 81122 9609 10733
cat_boundaries=0 1 2 3 4 5 6 7 8 9 10
cat_threshold=5776800 50465347 19234832 160 533504 1056768 4195584 50462720 1572864 1056896
is_linear=0
shrinkage=0.05


Tree=47
num_leaves=31
num_cat=8
split_feature=0 4 4 0 0 3 0 3 4 1 5 0 0 0 1 3 1 1 1 2 0 3 3 3 3 4 4 1 1 4
split_gain=1.43771e+06 483367 447768 383945 307436 287102 348291 236437 270331 248788 331304 256452 228046 212219 297043 376356 202815 196639 207754 214346 334478 453210 318955 242098 208117 252735 246439 195540 211425 200313
threshold=0 35912.500000000007 64652.000000000007 1 2 3.5000000000000004 3 1.5000000000000002 70847.500000000015 16.500000000000004 10.644791666666668 4 5 6 16.500000000000004 10.500000000000002 18.500000000000004 9.5000000000000018 20.500000000000004 4.5000000000000009 7 3.5000000000000004 8.5000000000000018 1.5000000000000002 8.5000000000000018 29639.000000000004 62585.000000000007 10.500000000000002 17.500000000000004 40401.000000000007
decision_type=1 8 10 1 1 2 1 2 8 2 2 1 1 1 2 2 2 2 2 2 1 2 2 2 2 10 10 2 2 10
left_child=1 5 3 17 -4 6 -1 8 -3 -9 11 16 -12 14 15 -7 -11 -2 19 23 21 -21 -23 -19 -25 -26 -27 -5 29 -29
right_child=2 7 4 27 -6 13 -8 9 -10 10 12 -13 -14 -15 -16 -17 -18 18 -20 20 -22 22 -24 24 25 26 -28 28 -30 -31
leaf_value=0.70018072153328625 -0.14730211494847162 0.30132353774663601 0.41256949960473871 -0.1450824942579986 0.064707326890917155 0.12015939701968403 0.09769979256881936 0.25550128031568842 -0.26300719317149074 0.32721112776488392 -1.1459251864980429 -0.47545030079867368 0.21601908173877971 -0.045273426031504221 -0.32187042648375291 0.79307150975401319 -0.22034288020925785 -0.18517518127353957 -0.16923652652878055 0.64504840103248062 0.026593389791825572 -0.062404535451871093 0.33755265223699604 0.052292620550553504 -0.13310219506979568 0.058270187289934043 -0.75233876414073164 -0.059562952398071835 -0.11531776478667236 0.026470024131473441
leaf_weight=3213 20282 3324 8204 65951 28069 9120 9424 75372 5869 3244 302 3700 22741 62758 2547 2691 3533 17118 14915 5443 65025 10343 9622 122129 43861 40222 960 210446 100606 99717
leaf_count=3213 20282 3324 8204 65951 28069 9120 9424 75372 5869 3244 302 3700 22741 62758 2547 2691 3533 17118 14915 5443 65025 10343 9622 122129 43861 40222 960 210446 100606 99717
internal_value=9.8726e-06 0.118061 -0.0284245 -0.0359696 0.143516 0.0306047 0.251514 0.184544 -0.0589568 0.205101 0.0917721 -0.14135 0.197766 -0.00559569 0.167748 0.273475 0.0416976 0.00380464 0.0131021 0.0217432 0.086727 0.240518 0.130352 -0.00445798 0.0104741 -0.0495808 0.039374 -0.0651632 -0.0523334 -0.0319035
internal_weight=1.07075e+06 207838 862913 826640 36273 89753 12637 118085 9193 108892 33520 10477 23043 77116 14358 11811 6777 349920 329638 314723 90433 25408 19965 224290 207172 85043 41182 476720 410769 310163
internal_count=1070751 207838 862913 826640 36273 89753 12637 118085 9193 108892 33520 10477 23043 77116 14358 11811 6777 349920 329638 314723 90433 25408 19965 224290 207172 85043 41182 476720 410769 310163
cat_boundaries=0 1 2 3 4 5 6 7 8
cat_threshold=5251456 53216352 525826 1048576 4194560 8192 128 525312
is_linear=0
shrinkage=0.05


Tree=48
num_leaves=31
num_cat=9
split_feature=0 4 4 0 4 1 1 0 2 2 0 3 1 1 4 3 0 0 2 4 3 3 5 4 1 5 0 0 1 0
split_gain=1.29749e+06 439029 404606 347104 337218 309773 340902 302530 261993 427017 447831 304331 240983 257405 248045 237801 351255 239210 458063 462479 279907 550884 263065 326144 219432 350738 335385 212151 210355 203353
threshold=0 34548.500000000007 64308.000000000007 1 8687.0000000000018 9.5000000000000018 20.500000000000004 2 4.5000000000000009 5.5000000000000009 3 1.5000000000000002 11.500000000000002 19.500000000000004 77597.000000000015 4.5000000000000009 4 5 4.5000000000000009 20726.000000000004 8.5000000000000018 6.5000000000000009 9.2893750000000015 29639.000000000004 16.500000000000004 10.644791666666668 6 7 18.500000000000004 8
decision_type=1 8 10 1 8 2 2 1 2 2 1 2 2 2 10 2 1 1 2 10 2 2 2 10 2 2 1 1 2 1
left_child=1 15 3 -2 29 -6 8 -4 11 10 -10 -7 -9 14 -14 16 -1 18 19 -17 21 -21 23 -22 -3 26 28 -27 -26 -5
right_child=2 24 7 4 5 6 -8 12 9 -11 -12 -13 13 -15 -16 17 -18 -19 -20 20 22 -23 -24 -25 25 27 -28 -29 -30 -31
leaf_value=0.67724893852374302 -0.080399646309267297 0.21578650324996085 -0.055350528641248689 0.062067340587924305 -0.16189483425445036 -0.17310703270192376 -0.18349603369790318 -0.057020350171754101 0.30157471689717252 -0.011348940179477032 0.044102333228570531 0.0078770454746479642 0.3564397364590764 -0.045100441717061547 1.1690562972375953 -0.33580384190697576 0.070482271621755174 0.037354162090244745 -0.70334448811980765 1.1135077831222147 0.57649946625406745 -0.84912502416861191 0.87103226205791329 -0.75330823477413089 0.29924754248804242 -1.0505918177017985 -0.48877723943466966 0.20088002596617424 -0.2014375966818639 -0.20613100970759324
leaf_weight=3189 274194 86540 14028 9016 28024 25204 21921 5506 31929 68883 35867 296214 14521 3906 1004 6440 9408 56166 3337 510 1226 1196 2216 739 4155 334 4486 23659 4237 32696
leaf_count=3189 274194 86540 14028 9016 28024 25204 21921 5506 31929 68883 35867 296214 14521 3906 1004 6440 9408 56166 3337 510 1226 1196 2216 739 4155 334 4486 23659 4237 32696
internal_value=9.30963e-06 0.112156 -0.027003 -0.0344487 -0.0115287 -0.000308145 0.00912547 0.130437 0.0183429 0.0763285 0.165412 -0.00631483 0.234877 0.31771 0.408992 0.0243018 0.224682 -0.0108394 -0.183552 -0.0429902 0.277329 -0.262406 0.497561 0.0763835 0.172268 0.0701246 -0.140368 0.183104 0.0464035 -0.148195
internal_weight=1.07075e+06 207838 862913 823948 549754 508042 480018 38965 458097 136679 67796 321418 24937 19431 15525 84427 12597 71830 15664 12327 5887 1706 4181 1965 123411 36871 12878 23993 8392 41712
internal_count=1070751 207838 862913 823948 549754 508042 480018 38965 458097 136679 67796 321418 24937 19431 15525 84427 12597 71830 15664 12327 5887 1706 4181 1965 123411 36871 12878 23993 8392 41712
cat_boundaries=0 1 2 3 4 5 6 7 8 9
cat_threshold=5251456 86541 2560028 558178 1048576 1048576 4194560 8192 2883584
is_linear=0
shrinkage=0.05


Tree=49
num_leaves=31
num_cat=12
split_feature=0 4 3 1 4 1 0 1 0 4 1 1 4 0 0 3 0 3 4 3 0 0 1 5 0 0 1 3 0 0
split_gain=1.18592e+06 526565 389375 273859 271458 247155 249123 232017 246524 234430 215605 231951 323194 461581 236260 210687 209935 182089 227999 223135 324296 279206 277435 186762 256203 174161 171415 256296 165892 163366
threshold=0 45010.000000000007 4.5000000000000009 19.500000000000004 5494.5000000000009 19.500000000000004 1 9.5000000000000018 2 64652.000000000007 19.500000000000004 11.500000000000002 57706.000000000007 3 4 5.5000000000000009 5 1.5000000000000002 16538.000000000004 4.5000000000000009 6 7 10.500000000000002 8.5591666666666679 8 9 16.500000000000004 10.500000000000002 10 11
decision_type=1 10 2 2 8 2 1 2 1 10 2 2 10 1 1 2 1 2 10 2 1 1 2 2 1 1 2 2 1 1
left_child=1 3 5 4 -1 6 -3 8 -4 25 11 16 14 -14 -13 -15 -2 18 -6 20 -19 22 -21 24 -23 26 -9 29 -10 -28
right_child=10 2 7 -5 17 -7 -8 9 28 -11 -12 12 13 15 -16 -17 -18 19 -20 21 -22 23 -24 -25 -26 -27 27 -29 -30 -31
leaf_value=-0.14532783616088385 0.032969217637459573 0.024274341194642432 0.48161168839648982 -0.16301185390085723 -0.18957171973351375 -0.20340078645093473 0.49862130426805296 0.28002118779986035 -1.0490078107992926 0.33704443338335649 -0.14210396021960819 0.013560889909703193 -0.073619916969134544 0.4894138240077186 -0.062355747913642262 0.16441291155817561 -0.11413194342425899 0.29911595520252393 0.11992078564304327 -0.1005618398527626 0.057062590422199078 -0.77853455187412612 0.15191823919274872 0.012198515864778107 -0.11008600475407269 0.047190762659677345 0.39405523013505428 -0.43650163726703212 -0.21073766385264317 -0.051786556074130935
leaf_weight=17877 30064 3411 1169 17217 15526 1800 14911 20837 669 12438 48741 181987 19944 6584 234581 20554 125514 23381 9649 13068 33920 1605 64998 71190 12865 51070 3943 2282 4676 4280
leaf_count=17877 30064 3411 1169 17217 15526 1800 14911 20837 669 12438 48741 181987 19944 6584 234581 20554 125514 23381 9649 13068 33920 1605 64998 71190 12865 51070 3943 2282 4676 4280
internal_value=8.61624e-06 0.0677713 0.154765 0.0302028 0.0427998 0.355673 0.410598 0.114882 -0.173775 0.134706 -0.0408523 -0.0328832 -0.0151567 0.109015 -0.029191 0.243172 -0.0857112 0.0564599 -0.0709503 0.0709719 0.155892 0.0412516 0.10964 -0.0210841 -0.184844 0.104169 0.196933 0.0323122 -0.317422 0.162415
internal_weight=1.07075e+06 402782 121486 281296 264079 20122 18322 101364 6514 94850 667969 619228 463650 47082 416568 27138 155578 246202 25175 221027 57301 163726 78066 85660 14470 82412 31342 10505 5345 8223
internal_count=1070751 402782 121486 281296 264079 20122 18322 101364 6514 94850 667969 619228 463650 47082 416568 27138 155578 246202 25175 221027 57301 163726 78066 85660 14470 82412 31342 10505 5345 8223
cat_boundaries=0 1 2 3 4 5 6 7 8 9 10 11 12
cat_threshold=39331232 160 1048704 2428956 19038290 2361344 1581312 4194720 8192 1057152 256 256
is_linear=0
shrinkage=0.05


Tree=50
num_leaves=31
num_cat=9
split_feature=0 4 4 0 0 3 0 3 4 1 5 0 3 1 0 1 3 0 0 3 4 2 2 6 1 1 0 4 1 1
split_gain=1.07186e+06 369497 338625 291868 253939 233614 271397 203683 225707 196304 253906 209182 443014 311186 186503 270902 356337 185437 185001 179555 227282 258943 175412 162251 161256 183368 174973 228116 159254 158744
threshold=0 37371.000000000007 64652.000000000007 1 2 3.5000000000000004 3 1.5000000000000002 70847.500000000015 16.500000000000004 10.644791666666668 4 9.5000000000000018 11.500000000000002 5 16.500000000000004 10.500000000000002 6 7 10.500000000000002 46394.000000000007 5.5000000000000009 4.5000000000000009 6.1650000000000009 10.500000000000002 17.500000000000004 8 23473.000000000004 18.500000000000004 9.5000000000000018
decision_type=1 8 10 1 1 2 1 2 8 2 2 1 2 2 1 2 2 1 1 2 10 2 2 2 2 2 1 8 2 2
left_child=1 5 3 23 -4 6 -1 8 -3 11 18 19 13 -13 15 16 -7 -12 28 22 21 -21 -9 29 -5 26 -26 -28 -11 -2
right_child=2 7 4 24 -6 14 -8 9 -10 10 17 12 -14 -15 -16 -17 -18 -19 -20 20 -22 -23 -24 -25 25 -27 27 -29 -30 -31
leaf_value=0.61390526697781489 -0.12887727292877116 0.26619608105994119 0.36950442944126671 -0.12913413903267987 0.053360865346764763 0.10647789632135501 0.091281084695517378 0.50726138160270728 -0.24945868280367769 0.28922310268567936 -1.0454185446361444 -0.12194775082509904 0.44284440036451045 0.1867295868609517 -0.039219230159815439 -0.29848926357229039 0.73993310675627011 0.19079590875521701 -0.42056164117706807 -0.88515146005593859 0.33001699805049012 0.90503978051922551 0.20287432736172445 -0.086060653461633232 -0.089460963659192705 -0.10356394752427228 -0.082094199176052318 0.027936420369684991 -0.20713767854908927 0.025432800523128588
leaf_weight=3328 17690 3324 8204 65951 28069 9512 9757 13716 5869 3088 298 12255 11208 24464 65983 2698 2896 22000 3519 1002 2051 253 7227 44121 80213 100606 66114 163836 3390 288109
leaf_count=3328 17690 3324 8204 65951 28069 9512 9757 13716 5869 3088 298 12255 11208 24464 65983 2698 2896 22000 3519 1002 2051 253 7227 44121 80213 100606 66114 163836 3390 288109
internal_value=7.9045e-06 0.101938 -0.0245435 -0.0311049 0.124981 0.0287012 0.224743 0.162626 -0.0630085 0.182481 0.0800183 0.228328 0.167659 0.0837082 -0.00293325 0.155487 0.254325 0.173891 -0.129363 0.348023 0.00572237 -0.52426 0.402224 0.00357357 -0.0565584 -0.0449074 -0.0258813 -0.00369884 0.0294273 0.0165062
internal_weight=1.07075e+06 207838 862913 826640 36273 94174 13085 113664 9193 104471 32295 72176 47927 36719 81089 15106 12408 22298 9997 24249 3306 1255 20943 349920 476720 410769 310163 229950 6478 305799
internal_count=1070751 207838 862913 826640 36273 94174 13085 113664 9193 104471 32295 72176 47927 36719 81089 15106 12408 22298 9997 24249 3306 1255 20943 349920 476720 410769 310163 229950 6478 305799
cat_boundaries=0 1 2 3 4 5 6 7 8 9
cat_threshold=5251456 53216352 525826 1048576 1056768 128 8192 4194560 4108
is_linear=0
shrinkage=0.05


Tree=51
num_leaves=31
num_cat=13
split_feature=0 4 1 4 1 1 0 0 1 1 0 4 4 1 0 3 1 0 3 0 0 0 0 2 4 0 5 0 0 4
split_gain=976629 444019 273566 256658 236167 246197 264678 228109 201317 321120 316634 456521 204955 199065 625226 193819 192202 355318 188013 183987 169659 158881 151930 145761 146425 142806 140945 134933 131573 129626
threshold=0 50774.500000000007 19.500000000000004 5494.5000000000009 9.5000000000000018 21.500000000000004 1 2 16.500000000000004 11.500000000000002 3 40401.000000000007 65117.500000000007 10.500000000000002 4 11.500000000000002 16.500000000000004 5 5.5000000000000009 6 7 8 9 4.5000000000000009 37641.000000000007 10 16.743750000000002 11 12 43723.000000000007
decision_type=1 10 2 8 2 2 1 1 2 2 1 8 10 2 1 2 2 1 2 1 1 1 1 2 8 1 2 1 1 10
left_child=1 2 3 21 7 6 15 -3 9 19 11 -11 26 14 23 -6 -15 -18 20 -2 -8 -1 -9 -5 -25 -10 29 -28 -16 -13
right_child=8 4 -4 13 5 -7 18 22 25 10 -12 12 -14 16 28 -17 17 -19 -20 -21 -22 -23 -24 24 -26 -27 27 -29 -30 -31
leaf_value=0.3149904713060131 0.032716521698882707 -1.0389616092591076 -0.13845395705816846 0.44023158159101722 0.51407629429833712 -0.27483304605711617 -0.024552273973324941 0.49586956347801903 -0.19151066089145818 -0.018146983839960679 -0.040312148490724668 0.093430460000917093 0.45728334741113941 0.10636825663643497 -0.22598127930622658 -0.093407039157315797 -0.34766335114767422 0.043475767549695454 0.12318345272368192 -0.10499324259891299 0.42807586944195164 -0.18643508334702999 -0.1718417490303866 -0.52087247762682076 0.29124635098978063 -0.063466601592394187 0.18763817880322847 -0.060219557289271489 -0.03740822350083154 0.26665241151319158
leaf_weight=1743 30064 628 21574 7091 9258 2863 2610 1056 24996 86281 160123 20958 5120 162460 17947 1530 6443 57922 57700 125514 10112 16134 4234 887 1483 169016 8667 14947 19107 22283
leaf_count=1743 30064 628 21574 7091 9258 2863 2610 1056 24996 86281 160123 20958 5120 162460 17947 1530 6443 57922 57700 125514 10112 16134 4234 887 1483 169016 8667 14947 19107 22283
internal_value=7.38047e-06 0.0615006 0.0333438 0.0460709 0.159375 0.180865 0.196931 -0.14592 -0.0370731 -0.0195116 0.00925818 0.0594121 0.152395 0.0580751 -0.0361495 0.427524 0.0773978 0.0042751 0.161522 -0.0783868 0.335533 -0.137474 -0.0378678 0.326427 -0.0126985 -0.0799766 0.129046 0.0308051 -0.128779 0.182695
internal_weight=1.07075e+06 402782 312791 291217 89991 84073 81210 5918 667969 473957 318379 158256 71975 273340 46515 10788 226825 64365 70422 155578 12722 17877 5290 9461 2370 194012 66855 23614 37054 43241
internal_count=1070751 402782 312791 291217 89991 84073 81210 5918 667969 473957 318379 158256 71975 273340 46515 10788 226825 64365 70422 155578 12722 17877 5290 9461 2370 194012 66855 23614 37054 43241
cat_boundaries=0 1 2 3 4 5 6 7 8 9 10 11 12 13
cat_threshold=39331232 256 256 17203779 1048704 8320 2361344 160 8192 1048704 328192 67 4195584
is_linear=0
shrinkage=0.05


Tree=52
num_leaves=31
num_cat=10
split_feature=0 4 4 0 1 1 4 3 4 0 2 1 3 0 3 0 0 0 0 1 4 3 4 0 1 0 3 6 4 3
split_gain=894690 318788 299803 360825 407368 388090 331642 223222 457576 263149 297667 198820 214573 281506 287285 247082 195160 194908 190291 196996 187799 175731 198843 172336 170158 245443 209600 162057 181428 160818
threshold=0 34548.500000000007 23473.000000000004 1 10.500000000000002 20.500000000000004 64308.000000000007 4.5000000000000009 35425.500000000007 2 4.5000000000000009 16.500000000000004 3.5000000000000004 3 10.500000000000002 4 5 6 7 18.500000000000004 77597.000000000015 1.5000000000000002 70847.500000000015 8 16.500000000000004 9 10.500000000000002 0.13500000000000004 59244.500000000007 2.5000000000000004
decision_type=1 8 8 1 2 2 10 2 10 1 2 2 2 1 2 1 1 1 1 2 10 2 8 1 2 1 2 2 10 2
left_child=1 11 17 4 -4 6 7 8 9 10 -6 12 15 14 -14 -1 -13 -2 19 -10 -8 22 -3 -9 27 26 -26 28 -23 -11
right_child=2 21 3 -5 5 -7 20 23 18 29 -12 16 13 -15 -16 -17 -18 -19 -20 -21 -22 24 -24 -25 25 -27 -28 -29 -30 -31
leaf_value=0.68591703017327721 0.015517192819067714 0.24303960942993308 -0.10245301160988343 -0.046511206091908452 0.037134171149428415 -0.1569589105372563 0.23818116262429079 0.080572328101339991 0.53520305094876697 -0.21493517636794862 0.4195965213448668 0.014185123744493168 0.10841132013139176 -0.035775043714015069 0.71588298844786546 0.12398851620938521 -0.30538751182712431 -0.10058672584256699 0.18287192745602754 -0.069409331510028802 0.92252757095856897 0.086639818031668037 -0.2409555148574592 -0.017875907194615577 0.19402555991075543 -0.21560738814639549 -0.15803754807408285 0.27665233517338167 0.36701669094317291 0.039900032008000907
leaf_weight=2649 46546 3324 51225 297119 19437 21113 15461 73851 8886 12612 6891 11259 8560 43689 2519 7459 8292 161836 21473 1588 1072 34513 5869 111643 23603 6205 5150 37819 6928 12160
leaf_count=2649 46546 3324 51225 297119 19437 21113 15461 73851 8886 12612 6891 11259 8560 43689 2519 7459 8292 161836 21473 1588 1072 34513 5869 111643 23603 6205 5150 37819 6928 12160
internal_value=6.54889e-06 0.0931326 -0.0224243 -0.0057954 0.0280524 0.0498869 0.0652062 0.0518249 0.119955 0.0271554 0.137186 0.0182693 0.0603906 0.0213259 0.246308 0.272054 -0.121501 -0.0746568 0.268389 0.443113 0.282554 0.144355 -0.0659528 0.0213228 0.161282 0.0693888 0.130921 0.201812 0.133513 -0.0898062
internal_weight=1.07075e+06 207838 862913 654531 357412 306187 285074 268541 83047 51100 26328 84427 64876 54768 11079 10108 19551 208382 31947 10474 16533 123411 9193 185494 114218 34958 28753 79260 41441 24772
internal_count=1070751 207838 862913 654531 357412 306187 285074 268541 83047 51100 26328 84427 64876 54768 11079 10108 19551 208382 31947 10474 16533 123411 9193 185494 114218 34958 28753 79260 41441 24772
cat_boundaries=0 1 2 3 4 5 6 7 8 9 10
cat_threshold=5251456 50990179 656450 128 1048576 4194560 2981888 525314 50332704 5243136
is_linear=0
shrinkage=0.05


Tree=53
num_leaves=31
num_cat=8
split_feature=0 4 1 4 0 0 4 1 2 2 0 3 5 1 4 1 3 0 5 0 3 4 4 0 0 3 4 1 3 4
split_gain=807466 287688 280732 317556 251222 242200 275455 248388 212133 396782 382394 270555 250463 188370 187857 179463 193718 254060 264223 223093 178330 258168 301582 177465 176154 172214 269335 169349 158595 179456
threshold=0 34548.500000000007 9.5000000000000018 64308.000000000007 1 2 5494.5000000000009 20.500000000000004 4.5000000000000009 5.5000000000000009 3 1.5000000000000002 15.221041666666666 18.500000000000004 77597.000000000015 16.500000000000004 3.5000000000000004 4 6.2941666666666674 5 8.5000000000000018 31859.000000000004 62585.000000000007 6 7 7.5000000000000009 43513.500000000007 16.500000000000004 1.5000000000000002 70847.500000000015
decision_type=1 8 2 10 1 1 8 2 2 2 1 2 2 2 10 2 2 1 2 1 2 10 10 1 1 2 10 2 2 8
left_child=1 15 -2 5 -5 -4 -7 8 11 10 12 -8 13 -10 -6 16 19 18 -18 -1 25 -22 23 -23 -17 -13 -27 -11 29 -3
right_child=2 28 3 4 14 6 7 -9 9 27 -12 20 -14 -15 -16 24 17 -19 -20 -21 21 22 -24 -25 -26 26 -28 -29 -30 -31
leaf_value=0.6517501604275715 -0.14103286279733063 0.23088762631038007 -0.060580993410909903 -0.044429018173604597 0.1914883195953461 -0.16462590067859417 -0.16396335327686595 -0.15776637811463198 0.51098976241354221 0.035232121073334004 0.056674570342511887 0.011147538605545428 0.12418030242011911 0.041935655405844777 0.77798935595730645 0.013476496511407157 0.85775969341265768 -0.03398670041359611 0.13858677860100832 0.11779739091318456 -0.11347598865546522 0.17851546001057489 -0.69717761025914493 -0.011926634973209864 -0.29013652921731914 0.25015275267314169 -0.013627579149893957 -0.12988350779556332 0.15321688075889939 -0.22890774144034617
leaf_weight=2649 46330 3324 260783 13274 21919 24656 25539 21961 12708 50469 41398 149657 11645 2574 1456 11259 1473 43689 9606 7459 61620 18658 1371 35490 8292 21095 17879 22431 114218 5869
leaf_count=2649 46330 3324 260783 13274 21919 24656 25539 21961 12708 50469 41398 149657 11645 2574 1456 11259 1473 43689 9606 7459 61620 18658 1371 35490 8292 21095 17879 22431 114218 5869
internal_value=6.39948e-06 0.0884766 -0.021303 -0.0145102 0.129329 -0.0212692 -0.00152066 0.00661189 0.0142514 0.0655633 0.152133 -0.00762104 0.298759 0.431985 0.227923 0.0173587 0.057377 0.0202593 0.233993 0.258492 0.00543723 -0.043018 0.0351826 0.0537255 -0.115434 0.0355277 0.129146 -0.0155732 0.137136 -0.0626552
internal_weight=1.07075e+06 207838 862913 816583 36649 779934 519151 494495 472534 141225 68325 331309 26927 15282 23375 84427 64876 54768 11079 10108 305770 117139 55519 54148 19551 188631 38974 72900 123411 9193
internal_count=1070751 207838 862913 816583 36649 779934 519151 494495 472534 141225 68325 331309 26927 15282 23375 84427 64876 54768 11079 10108 305770 117139 55519 54148 19551 188631 38974 72900 123411 9193
cat_boundaries=0 1 2 3 4 5 6 7 8
cat_threshold=5251456 2560028 86541 558146 128 1048576 16780320 4194560
is_linear=0
shrinkage=0.05


Tree=54
num_leaves=31
num_cat=11
split_feature=0 4 3 4 1 1 1 0 4 1 0 1 0 4 0 4 0 3 4 0 1 0 4 2 4 0 1 5 0 0
split_gain=738879 360051 327512 228423 217733 202959 250295 260419 422055 196630 222166 195371 196961 174060 170069 165704 164243 161816 191925 154264 145793 427563 178034 153256 158020 133910 128553 123940 123928 123492
threshold=0 45010.000000000007 4.5000000000000009 5494.5000000000009 19.500000000000004 16.500000000000004 11.500000000000002 1 40401.000000000007 19.500000000000004 2 9.5000000000000018 3 64652.000000000007 4 65117.500000000007 5 1.5000000000000002 16538.000000000004 6 10.500000000000002 7 17680.000000000004 4.5000000000000009 37767.500000000007 8 11.500000000000002 -0.6433333333333332 9 10
decision_type=1 10 2 8 2 2 2 1 8 2 1 2 1 10 1 10 1 2 10 1 2 1 8 2 8 1 2 2 1 1
left_child=1 3 9 19 17 6 14 8 -8 10 26 12 -4 27 -2 -10 -15 18 29 -1 21 22 -19 -24 -25 -14 -3 -13 -20 -5
right_child=5 2 11 4 -6 -7 7 -9 15 -11 -12 13 25 16 -16 -17 -18 20 28 -21 -22 -23 23 24 -26 -27 -28 -29 -30 -31
leaf_value=0.30533331706099898 0.067036421974526458 0.20765083545608448 -0.980774658086637 0.026822891087862934 -0.13341767352951386 -0.080352643276814933 -0.02000687692485234 -0.034196305522643841 0.133785079657633 -0.18519825420550387 0.13583500958044475 -0.78910036172699816 0.39720719888082773 0.49850602468069927 -0.092430023321595001 0.45150537310109151 0.13820698645956592 -0.26051954804585548 -0.15121322037268492 -0.18571180451151781 0.07182275629303024 -0.1072816622051883 0.55032631255278242 -0.68649936226612152 0.37714458395480066 -0.19141422201392924 0.5691914917380918 0.077960933158322934 0.2117510181761833 -0.26406595014075851
leaf_weight=1743 19290 3385 669 5249 18962 178730 74932 160123 57359 1988 8371 414 1169 4842 125267 4420 9165 1154 3476 18470 205922 33663 4857 567 909 5357 8985 92100 7230 11983
leaf_count=1743 19290 3385 669 5249 18962 178730 74932 160123 57359 1988 8371 414 1169 4842 125267 4420 9165 1154 3476 18470 205922 33663 4857 567 909 5357 8985 92100 7230 11983
internal_value=6.34903e-06 0.0487295 0.11655 0.0192777 0.0304569 -0.0354 -0.0171984 0.00907686 0.0597588 0.289821 0.335351 0.0819177 -0.170251 0.0989506 -0.0711522 0.156516 0.263211 0.0417561 -0.0723006 -0.143309 0.0546532 -0.0312666 0.310241 0.414735 -0.0314503 -0.0855283 0.469878 0.0740808 0.0939612 -0.175597
internal_weight=1.07075e+06 450630 136445 314185 293972 620121 441391 296834 136711 22729 20741 113716 7195 106521 144557 61779 14007 275010 27938 20213 247072 41150 7487 6333 1476 6526 12370 92514 10706 17232
internal_count=1070751 450630 136445 314185 293972 620121 441391 296834 136711 22729 20741 113716 7195 106521 144557 61779 14007 275010 27938 20213 247072 41150 7487 6333 1476 6526 12370 92514 10706 17232
cat_boundaries=0 1 2 3 4 5 6 7 8 9 10 11
cat_threshold=56108448 426563 5768448 256 2359296 4195584 8192 1048704 1048704 33554592 1572992
is_linear=0
shrinkage=0.05


Tree=55
num_leaves=31
num_cat=8
split_feature=0 1 0 1 3 3 1 0 1 4 4 2 0 1 5 2 1 0 4 3 0 4 1 0 4 0 6 3 1 1
split_gain=670936 257205 457415 332714 285828 397255 268384 247523 388577 242716 240844 227904 407689 524794 418596 275768 311891 242932 232869 332181 237199 227210 211701 203814 176935 168048 205229 167479 178905 166985
threshold=0 16.500000000000004 1 13.500000000000002 8.5000000000000018 3.5000000000000004 19.500000000000004 2 9.5000000000000018 27889.500000000004 75218.500000000015 4.5000000000000009 3 18.500000000000004 16.215000000000003 5.5000000000000009 10.500000000000002 4 35058.500000000007 4.5000000000000009 5 55559.000000000007 20.500000000000004 6 57810.000000000007 7 1.0000000180025095e-35 2.5000000000000004 11.500000000000002 17.500000000000004
decision_type=1 2 1 2 2 2 2 1 2 8 10 2 1 2 2 2 2 1 10 2 1 10 2 1 10 1 2 2 2 2
left_child=1 3 22 7 5 29 9 -1 -9 -7 11 18 13 14 15 16 -13 -18 23 20 -20 -5 24 -2 -3 26 27 -12 -29 -4
right_child=10 2 4 21 -6 6 -8 8 -10 -11 25 12 -14 -15 -16 -17 17 -19 19 -21 -22 -23 -24 -25 -26 -27 -28 28 -30 -31
leaf_value=0.13007942764328936 -0.014594690971882455 0.11249066603596891 -0.35700886677171784 0.17091417091186345 -0.43888608899085324 -0.23636982565866971 -0.61139756157526781 -0.36680801357579784 0.035001869908327279 0.31042524101223146 -0.072723498841021528 -0.021781469806075357 -0.037625119688787144 -0.131303505783398 0.0066361132228553096 0.11784002990879767 0.21886346483772112 0.55668207538160219 -0.019214777897266559 -0.02820469069962734 0.21886346919120367 0.47479459840206206 -0.18035152785273434 -0.091878363629525839 0.50460404731873676 0.033740413667233703 0.0021316607704474815 0.10858025159154619 1.2407317040857668 -1.2293919419461867
leaf_weight=49689 134740 25928 1985 52936 7557 2811 1275 7286 34545 7300 472 4806 143038 21420 33800 27013 8896 13408 17334 191594 26391 6960 5572 232603 3236 4102 1344 455 1497 758
leaf_count=49689 134740 25928 1985 52936 7557 2811 1275 7286 34545 7300 472 4806 143038 21420 33800 27013 8896 13408 17334 191594 26391 6960 5572 232603 3236 4102 1344 455 1497 758
internal_value=5.92582e-06 0.0806505 -0.0104645 0.114608 -0.190591 -0.0579238 0.0722059 0.0546481 -0.0349758 0.158409 -0.0194185 -0.021953 0.0179367 0.0906154 0.14469 0.230905 0.343566 0.42229 -0.0386579 0.000174673 0.124527 0.206226 0.102016 -0.0635339 0.155999 0.255916 0.496379 0.772464 0.976834 -0.598083
internal_weight=1.07075e+06 207838 56422 151416 21686 14129 11386 91520 41831 10111 862913 855043 252381 109343 87923 54123 27110 22304 602662 235319 43725 59896 34736 367343 29164 7870 3768 2424 1952 2743
internal_count=1070751 207838 56422 151416 21686 14129 11386 91520 41831 10111 862913 855043 252381 109343 87923 54123 27110 22304 602662 235319 43725 59896 34736 367343 29164 7870 3768 2424 1952 2743
cat_boundaries=0 1 2 3 4 5 6 7 8
cat_threshold=5251456 4194560 1056896 17335906 16777312 2215996 19890208 34244163
is_linear=0
shrinkage=0.05


Tree=56
num_leaves=31
num_cat=11
split_feature=0 4 1 4 1 1 0 4 0 1 0 4 0 3 3 0 0 1 0 1 0 3 3 3 0 0 2 4 1 3
split_gain=609896 324502 286731 245564 181101 223279 221374 365370 168753 333178 155673 153383 152641 395365 157222 503052 294251 223068 227993 185285 166228 240093 254810 200102 378926 264838 216475 257965 201725 170822
threshold=0 22662.000000000004 21.500000000000004 59765.000000000007 16.500000000000004 11.500000000000002 1 40401.000000000007 2 11.500000000000002 3 77597.000000000015 4 11.500000000000002 9.5000000000000018 5 6 16.500000000000004 7 19.500000000000004 8 2.5000000000000004 7.5000000000000009 4.5000000000000009 9 10 4.5000000000000009 30165.500000000004 11.500000000000002 2.5000000000000004
decision_type=1 8 2 10 2 2 1 8 1 2 1 10 1 2 2 1 1 2 1 2 1 2 2 2 1 1 2 10 2 2
left_child=1 -1 3 12 5 10 -7 -8 9 -5 -2 -11 13 -3 20 -16 17 -17 -19 -20 21 -14 -23 25 -25 29 27 -27 -26 -22
right_child=4 2 -4 8 -6 6 7 -9 -10 11 -12 -13 14 -15 15 16 -18 18 19 -21 23 22 -24 24 28 26 -28 -29 -30 -31
leaf_value=-0.035130233001835792 0.035330558607834316 0.16575510448515676 -0.26220138471528132 -0.13020863724656795 -0.074624742426353932 -0.030049154113191201 -0.017639195362167938 0.14660267108062966 0.11741540762787149 0.44691113366778734 -0.092510691395890035 1.5295693427060559 -0.31041485384421452 -0.23693432281240345 -0.55133939151126399 0.36270144808923865 0.046385742413367362 0.17454090054670657 -0.79202779689034497 0.75035188879833714 -0.12424241798107433 0.57242742974926264 -0.037584042011463953 0.12601042623864786 -0.25444380908751846 -0.052224290117597855 0.35521570262925295 0.29953296558093973 -0.054821550670207858 0.089093754174344564
leaf_weight=100090 30064 60599 6494 2850 178730 160123 74932 61779 23472 9351 114493 339 1704 6777 2764 17946 36301 5469 1185 233 19587 4657 2707 24937 16360 13623 10840 8442 55891 18012
leaf_count=100090 30064 60599 6494 2850 178730 160123 74932 61779 23472 9351 114493 339 1704 6777 2764 17946 36301 5469 1185 233 19587 4657 2707 24937 16360 13623 10840 8442 55891 18012
internal_value=6.09427e-06 0.0442727 0.066946 0.0731588 -0.0321618 -0.0149683 0.00984848 0.0565767 0.196702 0.344741 -0.0659271 0.484787 0.0587154 0.125232 0.0400861 0.107304 0.137151 0.269759 0.0279641 -0.534819 0.0157893 0.22418 0.348188 0.00450689 -0.0420129 0.0686339 0.172193 0.0823569 -0.100009 -0.0220367
internal_weight=1.07075e+06 450630 350540 344046 620121 441391 296834 136711 36012 12540 144557 9690 308034 67376 240658 63898 61134 24833 6887 1418 176760 9068 7364 167692 97188 70504 32905 22065 72251 37599
internal_count=1070751 450630 350540 344046 620121 441391 296834 136711 36012 12540 144557 9690 308034 67376 240658 63898 61134 24833 6887 1418 176760 9068 7364 167692 97188 70504 32905 22065 72251 37599
cat_boundaries=0 1 2 3 4 5 6 7 8 9 10 11
cat_threshold=56108448 2185244 4195584 2361344 1048832 8192 20971648 20971520 8192 33554464 50331808
is_linear=0
shrinkage=0.05


Tree=57
num_leaves=31
num_cat=7
split_feature=0 1 0 1 3 3 1 1 4 0 0 1 4 3 4 4 0 1 3 2 2 3 0 3 3 1 5 1 0 1
split_gain=554466 228919 399092 295720 245525 357998 243644 227988 244649 250404 226038 346245 215739 208563 196766 190674 214115 196269 188444 185199 317475 277030 233355 185901 197119 184831 163881 157953 154139 151348
threshold=0 16.500000000000004 1 13.500000000000002 8.5000000000000018 3.5000000000000004 19.500000000000004 9.5000000000000018 60160.500000000007 2 3 9.5000000000000018 27889.500000000004 5.5000000000000009 50543.000000000007 8687.0000000000018 4 20.500000000000004 1.5000000000000002 4.5000000000000009 5.5000000000000009 1.5000000000000002 5 3.5000000000000004 8.5000000000000018 20.500000000000004 16.369583333333335 9.5000000000000018 6 17.500000000000004
decision_type=1 2 1 2 2 2 2 2 10 1 1 2 8 2 10 8 1 2 2 2 2 2 1 2 2 2 2 2 1 2
left_child=1 3 25 10 5 29 12 -2 15 -10 27 -12 -7 18 -5 28 -17 19 -11 21 22 -18 23 -21 -25 -3 -16 -1 -9 -4
right_child=7 2 4 14 -6 6 -8 8 9 13 11 -13 -14 -15 26 16 17 -19 -20 20 -22 -23 -24 24 -26 -27 -28 -29 -30 -31
leaf_value=0.40594405658671828 -0.12555026758705951 0.14286432113968592 -0.34120188260408735 0.14667772934861789 -0.41101897127121101 -0.22446250149616406 -0.58573844878112569 0.067850700876365105 -0.04727980413780089 0.11094093230046581 -0.35005666600613033 0.029235101519584847 0.29104999290534284 0.093986449479089157 0.55964700990861371 -0.047608832474352339 -0.1763698632610563 -0.14217359882464564 0.55442870596544147 0.53194805075864204 -0.0088166935830255293 0.0093730932783248188 0.066933216802612133 0.042533882886520796 0.36116530641337635 -0.17141660915509088 0.18804682197398664 0.093049370757931404 -0.14269693204656975 -1.1717343747746052
leaf_weight=4428 46330 29164 1985 48028 7557 2811 1275 10565 23475 4268 7286 34545 7300 30542 5940 263477 21706 20286 5459 5312 62741 267051 33292 9938 9488 5572 5928 45261 48983 758
leaf_count=4428 46330 29164 1985 48028 7557 2811 1275 10565 23475 4268 7286 34545 7300 30542 5940 263477 21706 20286 5459 5312 62741 267051 33292 9938 9488 5572 5928 45261 48983 758
internal_value=5.70804e-06 0.0733172 -0.012642 0.105353 -0.180893 -0.0579359 0.0655967 -0.0176525 -0.011531 0.0825221 0.0488248 -0.03682 0.14773 0.158163 0.191727 -0.0194946 -0.0121199 0.00963572 0.359836 0.0171558 0.0691473 -0.00458929 0.153441 0.269725 0.198159 0.0924239 0.374035 0.120908 -0.105354 -0.570711
internal_weight=1.07075e+06 207838 56422 151416 21686 14129 11386 862913 816583 63744 91520 41831 10111 40269 59896 752839 693291 429814 9727 409528 120771 288757 58030 24738 19426 34736 11868 49689 59548 2743
internal_count=1070751 207838 56422 151416 21686 14129 11386 862913 816583 63744 91520 41831 10111 40269 59896 752839 693291 429814 9727 409528 120771 288757 58030 24738 19426 34736 11868 49689 59548 2743
cat_boundaries=0 1 2 3 4 5 6 7
cat_threshold=5251456 4194560 2560028 1056896 348685 558146 2949120
is_linear=0
shrinkage=0.05


Tree=58
num_leaves=31
num_cat=8
split_feature=0 4 1 4 1 1 0 4 0 5 0 3 4 4 0 2 3 1 0 1 4 5 2 3 0 5 2 0 2 2
split_gain=505922 279389 243938 217547 165409 195746 195209 323551 226480 160722 170915 338910 203426 166653 334063 161857 149075 139299 138910 136074 143049 128108 126107 149280 123704 173162 162446 176566 114442 142603
threshold=0 22662.000000000004 21.500000000000004 66692.500000000015 16.500000000000004 11.500000000000002 1 49345.000000000007 2 -0.6433333333333332 3 10.500000000000002 26925.500000000004 29639.000000000004 4 5.5000000000000009 4.5000000000000009 10.500000000000002 5 19.500000000000004 1.0000000180025095e-35 12.121250000000002 5.5000000000000009 1.5000000000000002 6 16.446458333333336 4.5000000000000009 7 4.5000000000000009 5.5000000000000009
decision_type=1 8 2 10 2 2 1 10 1 2 1 2 8 10 1 2 2 2 1 2 10 2 2 2 1 2 2 1 2 2
left_child=1 19 3 9 5 18 -7 28 16 -3 11 12 -11 14 15 -13 -9 -12 -2 20 -1 -15 23 -14 25 26 27 -22 -8 -30
right_child=4 2 -4 -5 -6 6 7 8 -10 10 17 13 22 21 -16 -17 -18 -19 -20 -21 24 -23 -24 -25 -26 -27 -28 -29 29 -31
leaf_value=-0.21708169625829701 0.064313080000644673 -0.27949373617732254 -0.24223299758149697 0.27133963679589779 -0.069874129764179671 -0.027090186437041093 -0.017144078707541296 0.80734494787742106 0.10886649839587614 -0.10268064783523115 -0.042690976823705207 0.9415912886858735 -0.06312753047204793 -0.23458294309038369 -0.28266394310180032 -1.2398879400976413 0.30375778886969268 0.059539060274996149 -0.07980462193152571 -0.40868038953845948 0.19068950108299365 0.55947444899591492 0.0433943505383532 0.27551920570301036 -0.052015720357387635 0.18653462004664445 0.36879354205730169 -0.19229488400186701 0.24750141787539071 0.006891140720495962
leaf_weight=8760 19290 3463 6494 12561 178730 160123 79845 1840 22180 5645 39368 1296 3540 9703 1489 91 7300 216970 125267 2358 4041 536 9073 40311 54669 16394 2155 11713 10357 15189
leaf_count=8760 19290 3463 6494 12561 178730 160123 79845 1840 22180 5645 39368 1296 3540 9703 1489 91 7300 216970 125267 2358 4041 536 9073 40311 54669 16394 2155 11713 10357 15189
internal_value=5.37474e-06 0.0403226 0.0613608 0.0670913 -0.0292925 -0.0128607 0.0103756 0.0542555 0.195361 0.0593517 0.0629289 0.131176 0.18264 -0.0985529 0.237747 0.792751 0.404694 0.043837 -0.0605743 -0.0333546 -0.024299 -0.193015 0.213073 0.248181 -0.00531806 0.0690994 -0.0383628 -0.094058 0.0123272 0.104441
internal_weight=1.07075e+06 450630 350540 344046 620121 441391 296834 136711 31320 331485 328022 71684 58569 13115 2876 1387 9140 256338 144557 100090 97732 10239 52924 43851 88972 34303 17909 15754 105391 25546
internal_count=1070751 450630 350540 344046 620121 441391 296834 136711 31320 331485 328022 71684 58569 13115 2876 1387 9140 256338 144557 100090 97732 10239 52924 43851 88972 34303 17909 15754 105391 25546
cat_boundaries=0 1 2 3 4 5 6 7 8
cat_threshold=56108448 2185244 514 1048832 1048576 2359296 532864 128
is_linear=0
shrinkage=0.05


Tree=59
num_leaves=31
num_cat=8
split_feature=0 4 1 1 0 4 3 1 5 4 1 0 2 0 1 0 4 3 4 2 2 0 2 3 6 0 2 5 1 0
split_gain=457343 255071 195208 195785 414840 160801 149924 152137 147019 148028 143678 140149 138333 125756 119527 187472 369114 271516 197664 135272 276692 123544 115353 111224 107297 106111 180033 188398 120395 177002
threshold=0 54952.000000000007 18.500000000000004 10.500000000000002 1 -1.0000000180025095e-35 5.5000000000000009 19.500000000000004 16.000000000000004 27889.500000000004 19.500000000000004 2 5.5000000000000009 3 11.500000000000002 4 51677.500000000007 5.5000000000000009 8272.5000000000018 4.5000000000000009 5.5000000000000009 5 4.5000000000000009 1.5000000000000002 8.6900000000000031 6 4.5000000000000009 6.8295833333333347 16.500000000000004 7
decision_type=1 10 2 2 1 8 2 2 2 8 2 1 2 1 2 1 10 2 8 2 2 1 2 2 2 1 2 2 2 1
left_child=1 2 3 4 8 -5 7 13 -1 -10 14 22 -4 -3 21 -16 18 -18 -17 23 24 -2 -6 -20 -21 26 27 -7 -27 -30
right_child=10 6 12 5 11 25 -8 -9 9 -11 -12 -13 -14 -15 15 16 17 -19 19 20 -22 -23 -24 -25 -26 28 -28 -29 29 -31
leaf_value=0.35985801038967336 0.034252151035677518 -0.013113197847169548 -0.03160628451435956 -0.19036743793190095 -0.27967422066591968 -0.20372313462360758 0.098319411372254181 -0.2205133493144795 -0.39508870101148397 0.24837154048400514 -0.10802450845170236 -0.028886341386125527 -0.26360595823401306 0.44214170637668765 -0.049223583038701287 -0.1516827960951341 0.33488433816048535 0.07346244119878366 -0.16172694958307532 0.23847511313377515 -0.02134224646212942 -0.07858962028114537 -0.0108708937862265 -0.0074961326292088811 -0.070017538471276383 0.073731958314572507 0.36193597625006707 0.15736283384581401 -0.2612128603520647 0.021499741420991387
leaf_weight=7252 30064 1854 37779 6283 15306 4583 48957 1261 1573 2070 48741 22342 7742 8512 163459 22397 12607 46816 12707 21236 35194 125514 5399 145984 3250 160862 7735 17057 6421 39794
leaf_count=7252 30064 1854 37779 6283 15306 4583 48957 1261 1573 2070 48741 22342 7742 8512 163459 22397 12607 46816 12707 21236 35194 125514 5399 145984 3250 160862 7735 17057 6421 39794
internal_value=4.97983e-06 0.0420857 0.0253449 0.0401374 -0.0460255 0.0592851 0.136651 0.298049 0.229468 -0.0294662 -0.0253698 -0.115778 -0.0710637 0.361131 -0.0188642 -0.00613925 0.0173219 0.128925 -0.0102216 0.00428721 0.0684581 -0.0567868 -0.20948 -0.019846 0.197529 0.0659188 0.154843 0.0808907 0.0532944 -0.0178315
internal_weight=1.07075e+06 402782 342198 296677 53942 242735 60584 11627 10895 3643 667969 43047 45521 10366 619228 463650 300191 59423 240768 218371 59680 155578 20705 158691 24486 236452 29375 21640 207077 46215
internal_count=1070751 402782 342198 296677 53942 242735 60584 11627 10895 3643 667969 43047 45521 10366 619228 463650 300191 59423 240768 218371 59680 155578 20705 158691 24486 236452 29375 21640 207077 46215
cat_boundaries=0 1 2 3 4 5 6 7 8
cat_threshold=39331232 1048704 4195584 160 2428940 2361344 256 8320
is_linear=0
shrinkage=0.05


Tree=60
num_leaves=31
num_cat=10
split_feature=0 1 0 1 3 3 1 4 1 4 1 2 0 5 2 0 0 1 0 4 4 3 5 3 0 0 0 3 1 0
split_gain=420657 190890 351007 258777 215536 321540 235301 235574 189120 213744 190786 260958 616182 454551 251129 187757 186773 291264 178458 170641 170564 303764 290507 284530 282717 237513 198041 163545 158470 148342
threshold=0 16.500000000000004 1 13.500000000000002 8.5000000000000018 3.5000000000000004 18.500000000000004 27889.500000000004 9.5000000000000018 75218.500000000015 18.500000000000004 4.5000000000000009 2 16.215000000000003 5.5000000000000009 3 4 9.5000000000000018 5 55559.000000000007 31859.000000000004 4.5000000000000009 15.818750000000001 8.5000000000000018 6 7 8 7.5000000000000009 20.500000000000004 9
decision_type=1 2 1 2 2 2 2 8 2 10 2 2 1 2 2 1 1 2 1 10 10 2 2 2 1 1 1 2 2 1
left_child=1 3 28 16 5 -4 7 -7 -2 10 11 20 13 14 -13 -9 -1 -18 -12 -5 22 25 26 24 27 -22 -10 -24 -3 -11
right_child=8 2 4 19 -6 6 -8 15 9 29 18 12 -14 -15 -16 -17 17 -19 -20 -21 21 -23 23 -25 -26 -27 -28 -29 -30 -31
leaf_value=0.10575943156277157 -0.11364680659385379 0.13060397575594748 -0.54318606909126799 0.14331188410856574 -0.38804006909339561 -0.19838777611145891 -0.23768687802722044 0.48612958594661049 -0.029755132317568486 0.47181417460419095 0.028582847264973638 0.41869631799037477 -0.012152060423048963 0.0073963091800174421 0.15836907530171032 -1.0366766190864671 -0.32490910626996455 0.02296780062444935 -0.10734982682360131 0.40666007036711199 -0.010568734270552096 -0.017846093906555109 0.10984562975533002 -0.1075587720691758 0.0065628146273217476 0.23042095954350122 -0.1325881282695176 0.3819727071238167 -0.16040342508538441 0.024062124776945623
leaf_weight=49689 46330 29164 2743 52936 7557 2194 4196 4793 90502 3854 33271 18504 137626 23539 18552 203 7286 34545 88018 6960 17268 166107 13017 28310 42757 25070 97037 9588 5572 3563
leaf_count=49689 46330 29164 2743 52936 7557 2194 4196 4793 90502 3854 33271 18504 137626 23539 18552 203 7286 34545 88018 6960 17268 166107 13017 28310 42757 25070 97037 9588 5572 3563
internal_value=4.76195e-06 0.0638603 -0.0146351 0.0931142 -0.172424 -0.0572219 0.0598517 0.233492 -0.0153758 -0.00980046 -0.0122496 -0.00205477 0.0463481 0.179189 0.288364 0.423152 0.0402346 -0.0376154 -0.0700684 0.173913 -0.0216491 0.0126268 -0.0470557 0.0248516 0.082202 0.132183 -0.082972 0.22517 0.0838993 0.25739
internal_weight=1.07075e+06 207838 56422 151416 21686 14129 11386 7190 862913 816583 809166 687877 198221 60595 37056 4996 91520 41831 121289 59896 489656 208445 281211 93672 65362 42338 187539 22605 34736 7417
internal_count=1070751 207838 56422 151416 21686 14129 11386 7190 862913 816583 809166 687877 198221 60595 37056 4996 91520 41831 121289 59896 489656 208445 281211 93672 65362 42338 187539 22605 34736 7417
cat_boundaries=0 1 2 3 4 5 6 7 8 9 10
cat_threshold=5251456 4194560 558658 1048704 1056896 52559920 34373744 2215996 19877900 34260547
is_linear=0
shrinkage=0.05


Tree=61
num_leaves=31
num_cat=12
split_feature=0 4 3 0 1 3 0 4 4 0 0 2 1 0 1 1 0 4 4 5 2 5 0 0 0 1 0 4 2 0
split_gain=386672 263147 241849 294422 233226 182877 282336 264955 185112 184291 182986 173840 204226 300653 168939 171878 219129 280171 154560 136544 131003 130690 349908 140866 134312 130841 126593 124544 190477 123641
threshold=0 30577.500000000004 4.5000000000000009 1 18.500000000000004 2.5000000000000004 2 30577.500000000004 25750.000000000004 3 4 5.5000000000000009 10.500000000000002 5 16.500000000000004 13.500000000000002 6 49345.000000000007 8272.5000000000018 19.086458333333336 4.5000000000000009 8.4870833333333362 7 8 9 16.500000000000004 10 16538.000000000004 4.5000000000000009 11
decision_type=1 10 2 1 2 2 1 8 8 1 1 2 2 1 2 2 1 10 10 2 2 2 1 1 1 2 1 10 2 1
left_child=1 5 3 -3 -5 6 8 9 -1 18 -9 12 13 -4 15 29 17 20 -7 -19 -17 22 25 -24 -23 -14 -15 28 -8 -2
right_child=14 2 11 4 -6 7 27 10 -10 -11 -12 -13 21 26 -16 16 -18 19 -20 -21 -22 24 23 -25 -26 -27 -28 -29 -30 -31
leaf_value=0.67200116680595479 0.011458766653790947 -0.077306237673843092 0.28443471723575497 0.33779942917786088 -0.10170069485058818 -0.12621899683841398 -0.31698010973657331 0.31488889587626256 0.0061378802727714774 -0.055782133262597226 0.064048798713821631 -0.063345736332109437 0.32019925532810273 -0.38815438896030791 -0.058287188598049836 0.0037406998762208026 -0.007305126414067659 0.3925885195030801 0.16285878643953097 0.08543131383042514 0.18474991096784851 0.23616891018930231 -0.8598107999698682 -0.17674870109265764 0.096032198956011228 -0.0208539869525462 -0.072292187560741322 -0.0062410762860608216 0.048271511427214885 -0.054109024611231599
leaf_weight=1717 116387 7283 4403 23428 3465 5971 15437 10902 2662 75211 21839 24887 6672 5073 212925 41209 133900 10416 20495 5544 13197 23912 826 8033 60163 4861 8480 8722 4643 188088
leaf_count=1717 116387 7283 4403 23428 3465 5971 15437 10902 2662 75211 21839 24887 6672 5073 212925 41209 133900 10416 20495 5544 13197 23912 826 8033 60163 4861 8480 8722 4643 188088
internal_value=4.5354e-06 0.0432054 0.0849241 0.204757 0.281068 -0.00196748 -0.10709 0.023982 0.266613 -0.0158527 0.147689 0.0571228 0.0816125 -0.0741557 -0.0208929 -0.00524262 0.0302395 0.10167 0.097603 0.285892 0.0476472 0.108386 -0.00516837 -0.241334 0.135928 0.176297 -0.190721 -0.163943 -0.232525 -0.0290468
internal_weight=1.07075e+06 349085 181486 34176 26893 167599 33181 134418 4379 101677 32741 147310 122423 17956 721666 508741 204266 70366 26466 15960 54406 104467 20392 8859 84075 11533 13553 28802 20080 304475
internal_count=1070751 349085 181486 34176 26893 167599 33181 134418 4379 101677 32741 147310 122423 17956 721666 508741 204266 70366 26466 15960 54406 104467 20392 8859 84075 11533 13553 28802 20080 304475
cat_boundaries=0 1 2 3 4 5 6 7 8 9 10 11 12
cat_threshold=38806944 160 1048576 160 1057024 1048704 688706 4195488 8192 1048832 1280 19663360
is_linear=0
shrinkage=0.05


Tree=62
num_leaves=31
num_cat=13
split_feature=0 4 0 1 4 1 0 0 2 2 0 4 4 3 0 3 0 0 0 1 0 3 5 0 0 4 0 1 1 1
split_gain=349425 227259 199732 198871 194407 150566 478335 163268 148108 226124 364865 254058 217821 217006 209824 188718 181166 177178 166650 151655 171952 149877 148169 312070 169271 155056 141922 183224 133109 128868
threshold=0 12650.000000000002 1 21.500000000000004 64652.000000000007 10.500000000000002 2 3 5.5000000000000009 4.5000000000000009 4 44652.000000000007 22662.000000000004 2.5000000000000004 5 4.5000000000000009 6 7 8 16.500000000000004 9 3.5000000000000004 8.4870833333333362 10 11 62585.000000000007 12 12.500000000000002 16.500000000000004 16.500000000000004
decision_type=1 8 1 2 10 2 1 1 2 2 1 8 10 2 1 2 1 1 1 2 1 2 2 1 1 10 1 2 2 2
left_child=1 2 -1 4 5 6 -3 -8 9 12 11 -11 13 16 -12 17 -7 -14 -17 20 21 -10 23 -20 -24 -25 27 -6 -13 -2
right_child=29 3 -4 -5 26 8 7 -9 19 10 14 28 15 -15 -16 18 -18 -19 22 -21 -22 -23 24 25 -26 -27 -28 -29 -30 -31
leaf_value=0.093296610003753333 -0.0098407370100883768 0.26472658898463547 -0.129041764414312 -0.22689951351594306 -0.0020030427839549661 0.12087736460550971 -0.25062200496729831 -0.042739484147917436 0.54949724647275822 -0.55379527142654661 0.40796494324121113 0.22631510222746051 -0.0015901088537444001 0.036814595783653557 0.15565720395705818 -0.10008511120046999 -0.22346140423496405 0.28569192939026911 -0.35541716616573638 -0.14078507110088181 -0.039251611611567386 0.10174809933211329 0.19524904133562304 0.11618839672550314 0.052021089457494375 -0.62238693992485283 0.10923827007293858 0.59084687287923465 -0.43690748910750843 -0.060164265244889062
leaf_weight=14017 441391 11105 36101 6563 1884 4859 12996 34549 2496 2639 11354 3240 7471 50092 30177 14656 17799 19111 5692 17657 20544 7440 34015 14221 52457 748 11532 4228 987 178730
leaf_count=14017 441391 11105 36101 6563 1884 4859 12996 34549 2496 2639 11354 3240 7471 50092 30177 14656 17799 19111 5692 17657 20544 7440 34015 14221 52457 748 11532 4228 987 178730
internal_value=3.98889e-06 0.0335102 -0.0668653 0.0460715 0.0506191 0.0430135 -0.0305914 -0.0996031 0.0566035 0.0710321 0.168926 -0.16862 0.049606 -0.021264 0.224716 0.0843554 -0.149663 0.205057 0.0580108 -0.0241824 0.0433653 0.214011 0.0796405 -0.0406475 0.10839 0.0792289 0.212829 0.407437 0.0714533 -0.0243445
internal_weight=1.07075e+06 450630 50118 400512 393949 376305 58650 47545 317655 269518 48397 6866 221121 72750 41531 148371 22658 26582 121789 48137 30480 9936 107133 20661 86472 14969 17644 6112 4227 620121
internal_count=1070751 450630 50118 400512 393949 376305 58650 47545 317655 269518 48397 6866 221121 72750 41531 148371 22658 26582 121789 48137 30480 9936 107133 20661 86472 14969 17644 6112 4227 620121
cat_boundaries=0 1 2 3 4 5 6 7 8 9 10 11 12 13
cat_threshold=56108448 532608 1048704 1280 1056768 1280 1572864 16777376 524288 525568 33562880 1057056 4195584
is_linear=0
shrinkage=0.05


Tree=63
num_leaves=31
num_cat=9
split_feature=0 1 0 1 0 3 3 4 4 1 1 2 0 5 2 4 3 0 5 3 3 0 0 1 1 6 0 3 3 0
split_gain=317068 219724 278090 213053 314581 211480 283777 172450 163899 154494 156084 203258 457401 412649 226557 142011 272629 196256 142151 206535 179659 196219 144251 141871 137072 136274 169918 137035 136224 136022
threshold=0 16.500000000000004 1 11.500000000000002 2 3.5000000000000004 8.5000000000000018 75218.500000000015 50979.500000000007 9.5000000000000018 19.500000000000004 4.5000000000000009 3 16.215000000000003 5.5000000000000009 35058.500000000007 4.5000000000000009 4 15.818750000000001 8.5000000000000018 7.5000000000000009 5 6 20.500000000000004 17.500000000000004 1.0000000180025095e-35 7 2.5000000000000004 8.5000000000000018 8
decision_type=1 2 1 2 1 2 2 10 10 2 2 2 1 2 2 10 2 1 2 2 2 1 1 2 2 2 1 2 2 1
left_child=1 3 23 4 -1 -4 29 9 -5 -2 11 15 13 14 -13 18 17 -17 22 20 -20 -22 -11 -3 -16 26 27 -9 -15 -7
right_child=7 2 5 8 -6 6 -8 25 -10 10 -12 12 -14 28 24 16 -18 -19 19 -21 21 -23 -24 -25 -26 -27 -28 -29 -30 -31
leaf_value=0.13255833414967116 -0.11058879577356616 0.11795134373445815 -0.4392969209521822 0.088850819440173853 -0.092950242288374257 -0.66888792436222566 -0.25139375992570206 -0.10792711126649226 0.23823739249077783 -0.11427750648626128 -0.085998353705397448 0.33004239223219167 -0.022693727621744431 -0.068221741725022669 0.17073845332467891 -0.031286891584768363 -0.018251137678631239 0.21319451313427057 -0.013468235143925767 -0.094099175696052362 0.30210269277416724 0.038641199047655866 -0.030458995404020868 -0.15739428839590788 -0.13522678090468598 -0.064238761502151603 0.17027757123515064 1.0356182532697848 0.1846476411468233 0.084423434165282307
leaf_weight=27050 42081 29164 4667 96414 36081 612 13244 329 22680 90731 65542 24226 125512 23976 19509 12213 147910 25039 40630 35276 12188 16828 118246 5572 4506 2674 3267 1286 6847 16451
leaf_count=27050 42081 29164 4667 96414 36081 612 13244 329 22680 90731 65542 24226 125512 23976 19509 12213 147910 25039 40630 35276 12188 16828 118246 5572 4506 2674 3267 1286 6847 16451
internal_value=4.04286e-06 0.0490542 -0.0264392 0.0779369 0.00368062 -0.125944 -0.0777316 -0.0150882 0.1173 -0.0173029 -0.0121993 -0.00532515 0.0366477 0.130837 0.22216 -0.0225307 0.0121967 0.133091 -0.0430157 0.00447029 0.0543962 0.149424 -0.0668572 0.0737619 0.113329 0.222674 0.379823 0.797721 -0.0120495 0.0570618
internal_weight=1.07075e+06 251935 69710 182225 63131 34974 30307 818816 119094 811260 769179 703637 204576 79064 48241 499061 185162 37252 313899 104922 69646 29016 208977 34736 24015 7556 4882 1615 30823 17063
internal_count=1070751 251935 69710 182225 63131 34974 30307 818816 119094 811260 769179 703637 204576 79064 48241 499061 185162 37252 313899 104922 69646 29016 208977 34736 24015 7556 4882 1615 30823 17063
cat_boundaries=0 1 2 3 4 5 6 7 8 9
cat_threshold=5251488 4194560 1056896 17335874 2215948 51153936 33588819 558658 8192
is_linear=0
shrinkage=0.05


Tree=64
num_leaves=31
num_cat=8
split_feature=0 4 3 0 1 3 0 4 0 4 6 3 0 2 1 0 2 4 4 5 0 3 1 2 3 2 0 5 4 1
split_gain=292726 204547 201719 249075 210199 151801 238175 233001 170863 166996 159540 158761 175950 142017 167090 251254 141710 159076 156305 184872 319611 206493 141226 140102 132823 130712 314845 248177 181358 183518
threshold=0 30577.500000000004 4.5000000000000009 1 19.500000000000004 2.5000000000000004 2 30577.500000000004 3 25750.000000000004 2.8900000000000001 8.5000000000000018 4 5.5000000000000009 11.500000000000002 5 4.5000000000000009 21733.500000000004 20726.000000000004 15.925625000000002 6 8.5000000000000018 18.500000000000004 4.5000000000000009 6.5000000000000009 4.5000000000000009 7 16.664375000000003 49583.500000000007 10.500000000000002
decision_type=1 10 2 1 2 2 1 8 1 8 2 2 1 2 2 1 2 10 10 2 1 2 2 2 2 2 1 2 8 2
left_child=1 5 3 -3 -5 6 9 8 16 -1 -9 24 -13 14 15 -4 18 -18 -7 20 -20 -21 25 -14 -10 -2 27 28 -27 -30
right_child=22 2 13 4 -6 7 -8 10 11 -11 -12 12 23 -15 -16 -17 17 -19 19 21 -22 -23 -24 -25 -26 26 -28 -29 29 -31
leaf_value=0.63024746065208914 -0.02399736007379338 -0.075609915740728964 -0.20832917196126202 0.29118989083651819 -0.27270277891857703 -0.20668689009673458 -0.1502283156295191 0.2005816713955075 -0.093108033805861329 -0.0021963785897176308 -0.055439901919223544 0.18896175317488142 -0.13412244753480873 -0.059902187560557901 0.10304894818028712 0.093399495376994254 -0.22106643464038031 -0.9299468349971447 0.58899230447436635 -0.7005264700007251 -0.14671688587416074 0.35526887426877191 -0.073813646561231919 0.13230909179144953 0.14317044400743628 0.096911827194085698 -0.016433323650803248 -0.010710982888540756 -0.03552467571476503 0.40604405049420839
leaf_weight=1717 442850 7283 12051 25124 1769 10230 28802 24663 7475 2662 8078 6661 30193 24887 94258 16114 3132 1059 3018 1298 2878 720 98499 5898 29115 16970 126784 20090 2844 13629
leaf_count=1717 442850 7283 12051 25124 1769 10230 28802 24663 7475 2662 8078 6661 30193 24887 94258 16114 3132 1059 3018 1298 2878 720 98499 5898 29115 16970 126784 20090 2844 13629
internal_value=3.83164e-06 0.0375921 0.0743734 0.183814 0.254003 -0.00223473 -0.0980106 0.0214075 -0.0159481 0.245224 0.137415 0.0184468 -0.0469834 0.0489832 0.0711182 -0.0357424 -0.138077 -0.400189 -0.0776095 0.0892419 0.230623 -0.32383 -0.0181787 -0.090557 0.0949009 -0.00938517 0.0265017 0.128165 0.21163 0.329809
internal_weight=1.07075e+06 349085 181486 34176 26893 167599 33181 134418 101677 4379 32741 79342 42752 147310 122423 28165 22335 4191 18144 7914 5896 2018 721666 36091 36590 623167 180317 53533 33443 16473
internal_count=1070751 349085 181486 34176 26893 167599 33181 134418 101677 4379 32741 79342 42752 147310 122423 28165 22335 4191 18144 7914 5896 2018 721666 36091 36590 623167 180317 53533 33443 16473
cat_boundaries=0 1 2 3 4 5 6 7 8
cat_threshold=38806944 160 1048576 34603008 128 4195584 1048576 557634
is_linear=0
shrinkage=0.05


Tree=65
num_leaves=31
num_cat=7
split_feature=0 4 1 0 2 0 2 4 4 1 1 0 4 1 4 2 0 3 0 3 1 5 4 3 1 3 0 2 1 1
split_gain=265241 237743 164820 337267 171407 159509 155149 194205 153222 143332 146013 188634 237727 128260 138777 179857 324449 195764 140960 203802 205872 129310 127792 200274 123035 110630 109762 108288 134409 108174
threshold=0 12650.000000000002 11.500000000000002 1 5.5000000000000009 2 4.5000000000000009 37371.000000000007 77597.000000000015 16.500000000000004 13.500000000000002 3 49345.000000000007 21.500000000000004 43220.500000000007 4.5000000000000009 4 8.5000000000000018 5 3.5000000000000004 19.500000000000004 20.491666666666671 18409.500000000004 2.5000000000000004 17.500000000000004 5.5000000000000009 6 1.0000000180025095e-35 9.5000000000000018 16.500000000000004
decision_type=1 8 2 1 2 1 2 8 10 2 2 1 10 2 10 2 1 2 1 2 2 2 10 2 2 2 1 2 2 2
left_child=1 5 3 6 8 -1 27 -8 13 10 -2 12 -12 14 15 22 17 -17 19 20 -16 -21 23 -4 -23 -14 -11 -3 -29 -20
right_child=9 2 4 -5 -6 -7 7 -9 -10 26 11 -13 25 -15 18 16 -18 -19 29 21 -22 24 -24 -25 -26 -27 -28 28 -30 -31
leaf_value=0.22595753983255157 -0.026932207433333601 -0.021267692979331926 -0.18226160591832849 -0.075322288407969992 -0.030831971144785447 -0.10587599166301805 -0.49397126982138917 0.10400322128841694 0.7484019758331395 -0.15280062476527212 0.044866049053148491 -0.008324140952910359 0.51982240206055719 -0.18034407857732479 0.69784004331505711 0.014097155952824637 0.28312381224230759 -0.97852309582508112 0.14762967118627218 0.24081864552612511 -0.54203194263853116 -0.15401000188509148 0.072874766171350344 0.040772812988934128 0.24308965402740335 0.19649891594874261 -0.040703962434896053 0.64581636066720327 0.2225607703806215 -0.0029897105645328185
leaf_weight=3967 284837 3395 15000 62100 39289 40633 1821 5338 860 24996 54406 120972 3348 4643 3269 1237 15513 830 28096 20417 373 4872 77571 30594 3253 12612 172647 2266 10890 20706
leaf_count=3967 284837 3395 15000 62100 39289 40633 1821 5338 860 24996 54406 120972 3348 4643 3269 1237 15513 830 28096 20417 373 4872 77571 30594 3253 12612 172647 2266 10890 20706
internal_value=3.76808e-06 0.0324267 0.0461951 -0.0140743 0.0655994 -0.0763337 0.146313 -0.0481006 0.0822725 -0.0190962 -0.00423955 0.0295421 0.0946287 0.0797419 0.085188 0.0551824 0.204789 -0.382636 0.137335 0.218559 0.570857 0.173682 0.0338282 -0.0326034 0.00497648 0.264324 -0.0548907 0.230494 0.295463 0.0837068
internal_weight=1.07075e+06 396933 352333 85810 266523 44600 23710 7159 227234 673818 476175 191338 70366 226374 221731 140745 17580 2067 80986 32184 3642 28542 123165 45594 8125 15960 197643 16551 13156 48802
internal_count=1070751 396933 352333 85810 266523 44600 23710 7159 227234 673818 476175 191338 70366 226374 221731 140745 17580 2067 80986 32184 3642 28542 123165 45594 8125 15960 197643 16551 13156 48802
cat_boundaries=0 1 2 3 4 5 6 7
cat_threshold=55584160 1056896 8192 688706 1048576 4195584 328192
is_linear=0
shrinkage=0.05


Tree=66
num_leaves=31
num_cat=11
split_feature=0 1 4 3 0 3 0 0 4 1 4 1 0 1 0 0 1 0 2 5 4 5 5 0 0 0 1 1 3 4
split_gain=240029 145038 137893 140015 198427 123402 154683 135029 105957 103068 120254 100866 104846 97974.9 93216.9 91074.9 102070 90072 108312 122072 90547.5 137043 131228 105302 101101 89172.1 89001.7 87393.3 86020.1 150340
threshold=0 21.500000000000004 45010.000000000007 5.5000000000000009 1 7.5000000000000009 2 3 -1.0000000180025095e-35 9.5000000000000018 64652.000000000007 16.500000000000004 4 18.500000000000004 5 6 18.500000000000004 7 4.5000000000000009 10.975833333333336 33181.000000000007 12.481875000000002 15.818750000000001 8 9 10 12.500000000000002 12.500000000000002 1.5000000000000002 16350.500000000002
decision_type=1 2 10 2 1 2 1 1 8 2 10 2 1 2 1 1 2 1 2 2 10 2 2 1 1 1 2 2 2 10
left_child=1 2 8 4 -4 6 14 -7 -1 -2 11 17 -13 28 27 16 26 -11 20 25 22 -22 23 -19 -24 -20 -12 -5 29 -10
right_child=9 -3 3 5 -6 7 -8 -9 13 10 15 12 -14 -15 -16 -17 -18 18 19 -21 21 -23 24 -25 -26 -27 -28 -29 -30 -31
leaf_value=-0.15324407407727275 -0.11781173961266454 -0.20662337793972704 -0.084449537363377569 1.0723330866710832 0.24215916233677193 0.16677939391920305 -0.097503901656720432 0.030882615809588426 -0.15706867710922504 -0.040030584094939703 0.057330023157269219 -0.11312693038432733 -0.027314581988182277 -0.062676190488623315 0.074030657826694865 0.0072865509428119883 -0.090525079364641312 0.037739191007021035 0.24140898177685388 0.0085378073181366244 0.1209079574803345 -0.026610944758155286 0.13736170348274054 -0.10865804635078846 -0.035552089104604688 0.060320543474368743 0.41425368787099681 0.17181955830167278 0.034710741702183988 0.07935866293441475
leaf_weight=9467 26559 6611 5929 473 21540 29429 25726 48258 16051 134072 2640 51914 113260 34944 11470 12932 2224 15729 12992 38673 27698 36477 15400 56045 18722 14295 5161 626 263863 11571
leaf_count=9467 26559 6611 5929 473 21540 29429 25726 48258 16051 134072 2640 51914 113260 34944 11470 12932 2224 15729 12992 38673 27698 36477 15400 56045 18722 14295 5161 626 263863 11571
internal_value=3.63844e-06 0.0259726 0.029181 0.0702172 0.17172 0.0461774 -0.0272807 0.0823878 0.0116557 -0.0215764 -0.0169982 -0.0218042 -0.0542938 0.0164381 0.116436 0.0950599 0.20807 -0.00730434 0.0112863 0.0656742 -0.00980677 0.0370584 -0.0382079 -0.0765855 0.0425175 0.146652 0.293464 0.554349 0.0259225 -0.058028
internal_weight=1.07075e+06 485958 479347 143451 27469 115982 38295 77687 335896 584793 558234 535277 165174 326429 12569 22957 10025 370103 236031 65960 170071 64175 105896 71774 34122 27287 7801 1099 291485 27622
internal_count=1070751 485958 479347 143451 27469 115982 38295 77687 335896 584793 558234 535277 165174 326429 12569 22957 10025 370103 236031 65960 170071 64175 105896 71774 34122 27287 7801 1099 291485 27622
cat_boundaries=0 1 2 3 4 5 6 7 8 9 10 11
cat_threshold=58205600 2097312 35660032 5243264 328195 8192 51715 151564 327680 294992 2626
is_linear=0
shrinkage=0.05


Tree=67
num_leaves=31
num_cat=8
split_feature=0 1 0 1 0 5 1 4 4 0 1 1 4 1 2 0 5 1 2 4 3 0 5 3 6 0 3 1 1 0
split_gain=220381 197352 260548 178630 243915 164259 243097 143764 142163 134596 129405 126905 126670 126615 137069 323237 389934 228613 182742 128734 220665 165477 125804 121538 119539 146380 125171 130792 117715 116802
threshold=0 16.500000000000004 1 11.500000000000002 2 10.644791666666668 17.500000000000004 75218.500000000015 17680.000000000004 3 20.500000000000004 9.5000000000000018 65652.000000000015 20.500000000000004 4.5000000000000009 4 16.215000000000003 18.500000000000004 5.5000000000000009 35058.500000000007 4.5000000000000009 5 9.9656250000000011 8.5000000000000018 1.0000000180025095e-35 6 2.5000000000000004 11.500000000000002 21.500000000000004 7
decision_type=1 2 1 2 1 2 2 10 8 1 2 2 10 2 2 1 2 2 2 10 2 1 2 2 2 1 2 2 2 1
left_child=1 3 10 4 -1 6 -4 11 -7 -8 22 -2 -5 14 19 16 17 18 -16 29 21 -21 -3 -18 25 26 -9 -28 -10 -13
right_child=7 2 5 12 -6 8 9 24 28 -11 -12 13 -14 -15 15 -17 23 -19 -20 20 -22 -23 -24 -25 -26 -27 27 -29 -30 -31
leaf_value=0.11376024541088775 -0.099148336802831749 -0.59130669774519751 0.13530269398210892 0.0957990686300286 -0.084810964947905257 -0.12848249548083016 -0.61911888690800909 -0.12613316633291669 0.13621567388446915 -0.16618416013568568 0.73420325583828916 -0.0016848036857324165 0.41664972285374624 -0.10751720029987628 0.3110116382071394 -0.027987475186068717 -0.076632134276932037 -0.056891921587646811 0.12106763657310252 -0.049628804629427127 -0.013981578650906748 0.18221573253841847 -0.18815454497140222 0.1373298895990149 -0.064208509083335738 0.15720825587755408 0.030223915285098924 1.2382723906810733 -0.29431666715343052 -0.063249275821433373
leaf_weight=27050 42081 2666 6814 115934 36081 7463 1914 329 30451 11356 313 126792 3160 31890 25343 118291 29995 9037 25308 10581 158829 28220 7058 8523 2674 3267 289 997 1675 196370
leaf_count=27050 42081 2666 6814 115934 36081 7463 1914 329 30451 11356 313 126792 3160 31890 25343 118291 29995 9037 25308 10581 158829 28220 7058 8523 2674 3267 289 997 1675 196370
internal_value=3.68593e-06 0.040897 -0.0306504 0.0682696 0.000276246 0.0090139 -0.107453 -0.0125788 0.0681012 -0.232105 -0.26621 -0.0146009 0.104312 -0.00997538 -0.0057564 0.0276805 0.0947269 0.174772 0.216105 -0.0196564 0.012132 0.119026 -0.298686 -0.0292881 0.204509 0.351693 0.739566 0.96679 0.113768 -0.0390966
internal_weight=1.07075e+06 251935 69710 182225 63131 59673 20084 818816 39589 13270 10037 811260 119094 769179 737289 216497 98206 59688 50651 520792 197630 38801 9724 38518 7556 4882 1615 1286 32126 323162
internal_count=1070751 251935 69710 182225 63131 59673 20084 818816 39589 13270 10037 811260 119094 769179 737289 216497 98206 59688 50651 520792 197630 38801 9724 38518 7556 4882 1615 1286 32126 323162
cat_boundaries=0 1 2 3 4 5 6 7 8
cat_threshold=5251488 8320 1056896 1048576 17337922 2199564 558658 19890192
is_linear=0
shrinkage=0.05


Tree=68
num_leaves=31
num_cat=12
split_feature=0 4 0 1 0 2 5 0 1 4 0 3 1 0 6 4 0 3 1 0 2 0 2 0 4 4 0 4 0 3
split_gain=202210 157427 132997 132442 289967 170369 159949 325814 190631 138788 136673 112553 110771 107867 105460 183376 134941 163646 103748 196385 103320 123703 146637 101780 107939 98643.5 134813 95265.6 95008.5 93213.5
threshold=0 12650.000000000002 1 11.500000000000002 2 5.5000000000000009 6.8295833333333347 3 17.500000000000004 60022.500000000007 4 8.5000000000000018 19.500000000000004 5 4.0850000000000009 49851.500000000007 6 10.500000000000002 9.5000000000000018 7 4.5000000000000009 8 1.0000000180025095e-35 9 37092.500000000007 67172.500000000015 10 77597.000000000015 11 8.5000000000000018
decision_type=1 8 1 2 1 2 2 1 2 10 1 2 2 1 2 8 1 2 2 1 2 1 2 1 8 10 1 10 1 2
left_child=1 2 29 4 20 6 7 8 -5 14 27 -12 25 -10 16 28 17 -8 19 -6 21 22 -3 24 -7 -2 -27 -11 -16 -1
right_child=12 3 -4 5 18 23 9 -9 13 10 11 -13 -14 -15 15 -17 -18 -19 -20 -21 -22 -23 -24 -25 -26 26 -28 -29 -30 -31
leaf_value=0.46580402438190482 -0.012562686956734624 -0.11062953681278848 -0.093653125696512796 0.19410305184405513 -0.60862429915650218 -0.52556062339688825 0.1946495045751738 -0.15870674248269212 -0.017949720813490819 0.41901662978617582 0.24985549270600657 -0.11433560059176316 -0.083257105602588075 -0.56074537728174445 -0.074392342365023109 -0.18318160115651505 0.05864938215965252 -0.1244411938119958 -0.049325124774967886 -0.12142867639398419 -0.037674879797062188 0.071752931014438831 0.42534420975494724 -0.0016010506045977591 -0.075822464390193745 0.40445365754850349 0.041799617397474231 1.4415715079071623 0.16397137434987683 -0.019463262801742279
leaf_weight=1891 649875 1605 35421 18118 2581 2027 48017 19210 3382 4471 7376 2978 55078 1247 6109 9138 61391 4385 29421 10346 10183 15683 6228 28445 3903 3152 13561 240 13213 2076
leaf_count=1891 649875 1605 35421 18118 2581 2027 48017 19210 3382 4471 7376 2978 55078 1247 6109 9138 61391 4385 29421 10346 10183 15683 6228 28445 3903 3152 13561 240 13213 2076
internal_value=3.24046e-06 0.031244 -0.0629073 0.0432194 -0.0140939 0.0618734 0.0796062 -0.00713413 0.120887 0.10274 0.247052 0.144967 -0.0151088 -0.165423 0.087457 0.00137292 0.108987 0.167916 -0.101177 -0.219267 0.0953413 0.152981 0.31512 -0.0409252 -0.229166 -0.00947817 0.110462 0.470112 0.0886547 0.211323
internal_weight=1.07075e+06 349085 39388 309697 76047 233650 199275 41957 22747 157318 15065 10354 721666 4629 142253 28460 113793 52402 42348 12927 33699 23516 7833 34375 5930 666588 16713 4711 19322 3967
internal_count=1070751 349085 39388 309697 76047 233650 199275 41957 22747 157318 15065 10354 721666 4629 142253 28460 113793 52402 42348 12927 33699 23516 7833 34375 5930 666588 16713 4711 19322 3967
cat_boundaries=0 1 2 3 4 5 6 7 8 9 10 11 12
cat_threshold=38806944 8192 1056928 5244032 1280 4195328 33562912 256 1048576 1056768 524802 33563648
is_linear=0
shrinkage=0.05


Tree=69
num_leaves=31
num_cat=8
split_feature=0 6 0 1 5 4 5 1 4 5 0 1 0 1 3 5 5 2 5 4 0 0 5 1 0 1 6 4 3 0
split_gain=185364 166599 174398 232690 175950 218380 153236 344000 233173 165772 165452 125367 109006 107595 104872 130573 131844 177784 119892 102379 98012.2 96917.8 129658 94037.9 172776 225518 92148.3 90102.4 109589 241489
threshold=0 1.1250000000000002 1 10.500000000000002 1.0429166666666669 68228.500000000015 16.743750000000002 17.500000000000004 41956.500000000007 10.644791666666668 2 9.5000000000000018 3 20.500000000000004 2.5000000000000004 12.036458333333334 8.2068750000000019 4.5000000000000009 2.1270833333333337 12055.500000000002 4 5 14.760625000000003 13.500000000000002 6 16.500000000000004 0.8450000000000002 4129.0000000000009 10.500000000000002 7
decision_type=1 2 1 2 2 8 2 2 10 2 1 2 1 2 2 2 2 2 2 8 1 1 2 2 1 2 2 10 2 1
left_child=6 2 3 -2 -5 13 7 8 19 12 11 -8 -9 27 -7 16 18 -18 -16 -1 -19 22 -3 -10 25 -25 -20 -6 -29 -30
right_child=1 21 -4 4 5 14 10 9 23 -11 -12 -13 -14 -15 15 -17 17 20 26 -21 -22 -23 -24 24 -26 -27 -28 28 29 -31
leaf_value=-0.12503345081955164 -0.077395696363536395 -0.13751740511964303 -0.018053527889571357 -0.14647121373368785 -0.085828751535504275 -0.0060828741235266978 -0.41394425096757104 -0.57608440104531222 0.15808011559886048 0.048718976099415265 -0.062461773407231747 0.14127155022021906 -0.16280019424090764 -0.10023653344189998 1.107840550794851 0.15450269921292331 0.36976004066206591 1.5542607219732525 0.030425160388834388 0.089409935571958546 0.65502051148480733 -0.023946337211168244 0.0068166497308897777 0.26499559396782363 0.45354990842817139 -0.72537049042584079 0.68821077379361273 0.083634883225433831 -0.80717351514174318 -0.0018267783079459897
leaf_weight=6083 37511 47856 322500 10066 10329 5297 1077 1914 14685 9660 49793 18165 9555 11638 344 15435 2535 606 3351 65458 709 236915 23056 2340 9235 762 633 132151 966 20126
leaf_count=6083 37511 47856 322500 10066 10329 5297 1077 1914 14685 9660 49793 18165 9555 11638 344 15435 2535 606 3351 65458 709 236915 23056 2340 9235 762 633 132151 966 20126
internal_value=2.65976e-06 -0.00962055 0.00629 0.0374807 0.057601 0.0676647 0.0449753 0.0791941 0.11844 -0.103883 -0.0143464 0.110138 -0.232415 0.046657 0.194982 0.240087 0.401616 0.614474 0.212266 0.0711762 1.08622 -0.0392992 -0.0905765 0.243573 0.345337 0.0216444 0.134938 0.0571083 0.0667427 -0.0390947
internal_weight=1.07075e+06 882024 574197 251697 214186 204120 188727 119692 98563 21129 69035 19242 11469 175210 28910 23613 8178 3850 4328 71541 1315 307827 70912 27022 12337 3102 3984 163572 153243 21092
internal_count=1070751 882024 574197 251697 214186 204120 188727 119692 98563 21129 69035 19242 11469 175210 28910 23613 8178 3850 4328 71541 1315 307827 70912 27022 12337 3102 3984 163572 153243 21092
cat_boundaries=0 1 2 3 4 5 6 7 8
cat_threshold=5243264 34120818 256 1048576 525314 33562722 128 8192
is_linear=0
shrinkage=0.05


Tree=70
num_leaves=31
num_cat=12
split_feature=4 0 0 1 0 4 1 0 1 1 5 0 0 3 0 0 1 1 0 4 0 1 0 2 2 2 0 5 4 3
split_gain=176935 226236 211558 175836 213451 147919 139732 206199 138729 138150 203081 193570 193046 122341 273309 129945 120559 105857 171001 195563 153513 104521 102826 101520 101243 148589 142516 101181 100234 203441
threshold=8272.5000000000018 0 1 11.500000000000002 2 77597.000000000015 16.500000000000004 3 9.5000000000000018 16.500000000000004 10.776875000000002 4 5 9.5000000000000018 6 7 18.500000000000004 11.500000000000002 8 65117.500000000007 9 21.500000000000004 10 5.5000000000000009 4.5000000000000009 5.5000000000000009 11 12.121250000000002 43994.000000000007 6.5000000000000009
decision_type=8 1 1 2 1 10 2 1 2 2 2 1 1 2 1 1 2 2 1 10 1 2 1 2 2 2 1 2 10 2
left_child=2 3 -1 4 8 9 17 -8 -2 13 12 -12 16 15 -15 -5 -11 20 -19 24 -3 23 -9 -13 28 26 -26 -16 -20 -30
right_child=1 6 -4 5 -6 -7 7 22 -10 10 11 21 -14 14 27 -17 -18 18 19 -21 -22 -23 -24 -25 25 -27 -28 -29 29 -31
leaf_value=0.22980912374566476 0.38509817810559382 0.04652880729144189 -0.09826704902662757 0.12898018194362862 -0.068660679524081406 0.72364632927159256 -0.73257491500954652 -0.14126313098576196 0.053266497238756531 0.17000516524032069 0.19122494735670292 0.054364380304957327 -0.16999281679924813 0.28010308078221963 -0.028450077489004501 0.017217925145107289 -0.10221144527061653 -0.033664979230647929 -0.010319736590063059 0.3022409668362902 -0.064399131205640989 -0.36381405864129379 -0.03018804292184692 -0.14896525077856587 0.27853375653487461 0.012475891165034248 0.055339327214294076 0.22994811729961362 0.27392241341808055 0.0079372712155656566
leaf_weight=5285 3895 44273 68452 41075 65409 831 1085 23887 16461 9469 20946 41487 23332 22166 16700 70903 7130 100672 106069 7180 105488 1799 162837 7205 15118 28980 13599 4900 10296 23822
leaf_count=5285 3895 44273 68452 41075 65409 831 1085 23887 16461 9469 20946 41487 23332 22166 16700 70903 7130 100672 106069 7180 105488 1799 162837 7205 15118 28980 13599 4900 10296 23822
internal_value=2.99869e-06 0.00553044 -0.0747348 0.0376506 -0.0246597 0.0575967 -0.0121305 -0.0484214 0.116703 0.0555246 0.0130017 0.0634815 -0.0773074 0.0859315 0.156816 0.0582268 0.0530442 0.0028325 0.0197024 0.0459015 -0.0316073 0.0104477 -0.0444043 0.0242775 0.0366028 0.0923501 0.172956 0.0301541 0.0136588 0.0882053
internal_weight=1.07075e+06 997014 73737 353708 85765 267943 643306 187809 20356 267112 111368 71437 39931 155744 43766 111978 16599 455497 305736 205064 149761 50491 186724 48692 197884 57697 28717 21600 140187 34118
internal_count=1070751 997014 73737 353708 85765 267943 643306 187809 20356 267112 111368 71437 39931 155744 43766 111978 16599 455497 305736 205064 149761 50491 186724 48692 197884 57697 28717 21600 140187 34118
cat_boundaries=0 1 2 3 4 5 6 7 8 9 10 11 12
cat_threshold=55575968 2105344 1048704 8192 33554688 20972544 20972672 1048864 2174988 2893824 328192 557635
is_linear=0
shrinkage=0.05


Tree=71
num_leaves=31
num_cat=9
split_feature=4 0 1 2 0 3 3 0 2 1 4 3 0 2 0 3 1 3 4 5 4 4 3 0 4 0 1 0 5 0
split_gain=163714 178844 143469 125466 331621 283458 323222 216996 198264 133082 123136 187325 150453 134954 186638 142789 168595 204280 320703 316748 210498 194143 215873 126969 135738 135219 126372 167230 119922 117991
threshold=1199.0000000000002 0 19.500000000000004 4.5000000000000009 1 3.5000000000000004 8.5000000000000018 2 5.5000000000000009 10.500000000000002 18409.500000000004 2.5000000000000004 3 3.5000000000000004 4 6.5000000000000009 17.500000000000004 8.5000000000000018 38917.500000000007 12.121250000000002 31758.000000000004 39905.500000000007 11.500000000000002 5 1716.0000000000002 6 9.5000000000000018 7 8.8791666666666682 8
decision_type=8 1 2 2 1 2 2 1 2 2 10 2 1 2 1 2 2 2 10 2 10 10 2 1 10 1 2 1 2 1
left_child=-1 10 3 -3 5 7 -7 -5 9 -8 11 12 -2 14 15 -12 17 18 -17 20 -19 22 -22 -13 28 -26 27 -16 -25 -15
right_child=1 2 -4 4 -6 6 8 -9 -10 -11 13 23 -14 29 26 16 -18 19 -20 -21 21 -23 -24 24 25 -27 -28 -29 -30 -31
leaf_value=-0.11621825041952866 0.077138253857729877 -0.018104009981279489 -0.086764168607598099 0.46161077218377705 -0.019158859868653046 -0.05573040770471345 -0.033206517039559451 0.087289999000461013 0.050895471485918067 0.3878679833501299 0.45485404594352208 0.08695377969352508 -0.21179290879823967 -0.11869944679998792 -0.69748084691661405 -0.91326383112098031 -0.29321891781939591 0.49959306611528914 0.19923075518290181 0.87315737398409121 -1.8984299120660557 0.19229012004534485 -0.2213924120955563 0.36878039181893918 -0.041245374123192749 -0.33206903643089014 0.080013191734233019 -0.030993199002776719 -0.0039850121117963036 0.034549385015217503
leaf_weight=29467 6097 467575 56735 9069 127523 28499 2243 6780 13845 11483 5474 39187 17237 14595 1129 865 1846 1942 2580 2252 295 1143 549 2754 12266 5926 96283 5441 9963 89708
leaf_count=29467 6097 467575 56735 9069 127523 28499 2243 6780 13845 11483 5474 39187 17237 14595 1129 865 1846 1942 2580 2252 295 1143 549 2754 12266 5926 96283 5441 9963 89708
internal_value=2.79675e-06 0.0032917 -0.0104336 -0.0039413 0.029262 0.115106 0.0623469 0.301827 0.184399 0.319059 0.0345752 -0.0136461 -0.136355 0.0546806 0.090885 0.244598 0.144485 0.228424 -0.0801039 0.400383 0.129401 -0.232407 -0.807561 0.0272021 -0.0485647 -0.136186 0.0655293 -0.146632 0.0767413 0.0130974
internal_weight=1.07075e+06 1.04128e+06 723752 667017 199442 71919 56070 15849 27571 13726 317532 93430 23334 224102 119799 16946 11472 9626 3445 6181 3929 1987 844 70096 30909 18192 102853 6570 12717 104303
internal_count=1070751 1041284 723752 667017 199442 71919 56070 15849 27571 13726 317532 93430 23334 224102 119799 16946 11472 9626 3445 6181 3929 1987 844 70096 30909 18192 102853 6570 12717 104303
cat_boundaries=0 1 2 3 4 5 6 7 8 9
cat_threshold=55574944 558658 525314 1048704 1048576 33554848 20971520 256 1048576
is_linear=0
shrinkage=0.05


Tree=72
num_leaves=31
num_cat=9
split_feature=4 0 0 1 4 3 0 4 1 4 5 4 4 5 4 0 3 4 0 3 0 0 0 5 4 2 6 5 0 4
split_gain=157145 180512 139600 119523 139173 111157 295735 215929 130694 105518 104297 99987.2 103541 132210 93979.5 96417.9 94520 126799 122936 108857 361230 129524 120425 378562 407150 311373 219103 173747 156472 148744
threshold=66692.500000000015 0 1 11.500000000000002 77597.000000000015 4.5000000000000009 2 21733.500000000004 18.500000000000004 45010.000000000007 -0.38312499999999999 77326.000000000015 75218.500000000015 18.576458333333338 295.00000000000006 3 1.5000000000000002 12055.500000000002 4 5.5000000000000009 5 6 7 12.481875000000002 27889.500000000004 4.5000000000000009 1.0000000180025095e-35 2.7412500000000004 8 10441.500000000002
decision_type=10 1 1 2 10 2 1 8 2 10 2 10 10 2 8 1 2 10 1 2 1 1 1 2 10 2 2 2 1 10
left_child=2 3 10 -2 11 6 7 -4 -9 -8 -1 12 -5 -14 15 -12 17 -16 -19 20 -18 -22 23 26 28 -26 27 -21 29 -25
right_child=1 -3 5 4 -6 -7 9 8 -10 -11 14 -13 13 -15 16 -17 19 18 -20 22 21 -23 -24 24 25 -27 -28 -29 -30 -31
leaf_value=-0.20064825377473647 -0.046199571456253669 0.035125587283955109 -0.15294998974477572 0.29139796228876058 1.0896424258675315 -0.029059059835714215 -0.052810991823470092 0.17223847731968564 -0.074900881353145612 0.066221107206715132 0.20037645372685486 -0.33696819538833317 1.5049705662467014 0.32367577354495342 -0.19599564837402181 -0.21417503686673781 0.31631881322353306 0.16162289661704615 -0.13439265712305498 0.31051320458757442 0.10525683115505298 -0.026472974220863588 0.034622367165426944 0.40803741149525896 0.37461614085514 -0.10701586027879223 -0.10715088147534886 -0.61147075315962673 -0.2948240204292375 -0.1316245316590223
leaf_weight=5216 1927 22586 6966 4771 660 494657 93006 45970 6054 23278 1729 521 435 520 10639 7298 13970 8009 6225 569 37291 37338 199003 1900 10446 4944 7801 5012 8117 3893
leaf_count=5216 1927 22586 6966 4771 660 494657 93006 45970 6054 23278 1729 521 435 520 10639 7298 13970 8009 6225 569 37291 37338 199003 1900 10446 4944 7801 5012 8117 3893
internal_value=2.32822e-06 0.110169 -0.00332812 0.301652 0.399137 -0.0169352 0.0172796 0.108456 0.143479 -0.0289804 0.0213492 0.326184 0.386523 0.861752 0.0245293 -0.134789 0.0285787 -0.0654156 0.0321846 0.0356572 0.0830665 0.0393557 0.0182774 -0.0579246 0.0426954 0.219893 -0.278276 -0.517472 -0.153356 0.0452967
internal_weight=1.07075e+06 31420 1.03933e+06 8834 6907 669931 175274 58990 52024 116284 369400 6247 5726 955 364184 9027 355157 24873 14234 330284 88599 74629 241685 42682 29300 15390 13382 5581 13910 5793
internal_count=1070751 31420 1039331 8834 6907 669931 175274 58990 52024 116284 369400 6247 5726 955 364184 9027 355157 24873 14234 330284 88599 74629 241685 42682 29300 15390 13382 5581 13910 5793
cat_boundaries=0 1 2 3 4 5 6 7 8 9
cat_threshold=4720386 57680288 918530 2105344 22020352 1056768 37748992 1056768 8192
is_linear=0
shrinkage=0.05


Tree=73
num_leaves=31
num_cat=11
split_feature=1 0 0 1 0 0 4 1 0 1 3 3 1 0 0 2 0 0 2 5 0 4 4 0 3 5 1 4 5 5
split_gain=149493 386023 195253 194177 317232 230340 237687 199207 194665 153888 159348 170075 242159 145322 128580 126903 287029 218423 217753 212446 201721 189099 148328 216155 162546 136026 116974 144962 118829 112847
threshold=9.5000000000000018 0 1 16.500000000000004 2 3 59765.000000000007 12.500000000000002 4 20.500000000000004 8.5000000000000018 3.5000000000000004 18.500000000000004 5 6 4.5000000000000009 7 8 1.0000000180025095e-35 16.000000000000004 9 37371.000000000007 38073.000000000007 10 9.5000000000000018 6.5177083333333341 20.500000000000004 14747.000000000002 18.70291666666667 25.240416666666672
decision_type=2 1 1 2 1 1 10 2 1 2 2 2 2 1 1 2 1 1 2 2 1 10 8 1 2 2 2 8 2 2
left_child=1 -1 -3 5 26 -2 15 -8 9 10 11 -6 13 -13 -9 17 22 29 -19 20 -18 -21 23 -17 -25 -20 27 -5 -28 -7
right_child=3 2 -4 4 8 6 7 14 -10 -11 -12 12 -14 -15 -16 16 19 18 25 21 -22 -23 -24 24 -26 -27 28 -29 -30 -31
leaf_value=0.28585178439904557 -0.013347676604295894 -0.4818260897848517 -0.097237252232287741 -0.1002497670788835 -0.54732572085346509 0.068244126742137173 0.031020992922615183 0.47370879440690622 -0.054069422608303476 0.58822472812035309 -0.49573140345798761 0.3419470303651968 -0.48547995369108793 -0.12794457527527411 0.18517602443319903 -0.011124255695990987 0.049707982671446944 0.093411135868730413 -0.14728987517345707 0.12751853263549393 0.25767267372004493 -0.11236699136350169 -0.0021926427802883954 -0.39151694808828358 -1.238631657083928 -0.021810209542642841 -0.19468638967733759 0.070228070502493953 0.080432916429322127 0.41703004022891943
leaf_weight=6467 304848 3536 48041 14227 2229 90575 12228 6352 167775 552 4993 3160 2435 3415 9952 2738 18234 34821 26960 18360 32421 14868 10136 1904 806 108595 10527 100958 6258 2380
leaf_count=6467 304848 3536 48041 14227 2229 90575 12228 6352 167775 552 4993 3160 2435 3415 9952 2738 18234 34821 26960 18360 32421 14868 10136 1904 806 108595 10527 100958 6258 2380
internal_value=2.29748e-06 -0.0780346 -0.123692 0.00447504 -0.0279948 0.019238 0.0446216 0.183576 -0.07032 -0.232634 -0.260692 -0.156275 -0.0595318 0.0982147 0.297992 0.0336949 0.0818105 0.0155204 -0.0181162 0.118413 0.182873 0.0201808 -0.11521 -0.325689 -0.641098 -0.0467664 0.0311996 0.0491716 -0.0921129 0.0771661
internal_weight=1.07075e+06 58044 51577 1.01271e+06 316529 696178 391330 28532 184559 16784 16232 11239 9010 6575 16304 362798 99467 263331 170376 83883 50655 33228 15584 5448 2710 135555 131970 115185 16785 92955
internal_count=1070751 58044 51577 1012707 316529 696178 391330 28532 184559 16784 16232 11239 9010 6575 16304 362798 99467 263331 170376 83883 50655 33228 15584 5448 2710 135555 131970 115185 16785 92955
cat_boundaries=0 1 2 3 4 5 6 7 8 9 10 11
cat_threshold=3145856 270592 54676752 52647964 270464 128 4196098 1310720 1319072 41057 262144
is_linear=0
shrinkage=0.05


Tree=74
num_leaves=31
num_cat=11
split_feature=4 1 4 0 0 1 0 2 2 0 4 0 3 4 1 4 0 0 1 0 2 5 5 6 2 1 0 1 0 0
split_gain=141824 139988 141914 188717 159207 159812 177729 109053 137329 328763 212776 175567 167171 114991 129711 101207 96890.7 91930.2 88871.1 133697 84347.3 82364.5 135073 105751 88492.7 82005.7 190052 83863.9 137092 129002
threshold=77597.000000000015 21.500000000000004 8687.0000000000018 0 1 11.500000000000002 2 5.5000000000000009 4.5000000000000009 3 14747.000000000002 4 2.5000000000000004 44652.000000000007 17.500000000000004 65117.500000000007 5 6 9.5000000000000018 7 1.5000000000000002 9.5485416666666687 9.6675000000000022 9.0350000000000019 2.5000000000000004 16.500000000000004 8 11.500000000000002 9 10
decision_type=10 2 8 1 1 2 1 2 2 1 10 1 2 8 2 8 1 1 2 1 2 2 2 2 2 2 1 2 1 1
left_child=1 2 3 -1 5 6 -4 8 10 15 12 13 21 -11 -15 -10 -2 -3 19 -8 -12 23 -23 -7 -24 27 -27 29 -29 -6
right_child=16 17 4 -5 25 7 18 -9 9 11 20 -13 -14 14 -16 -17 -18 -19 -20 -21 -22 22 24 -25 -26 26 -28 28 -30 -31
leaf_value=0.10514347960188603 0.7889485956497353 0.037815090122140238 0.070107654716243362 -0.099272260915070173 0.043761983624370476 -0.20105268754189407 -0.49697508318618566 -0.024653868180098983 0.29721412871265224 -0.55738709339597114 0.12535611205603625 0.11343039181049719 0.012077883320083012 0.11537666876110034 -0.69100292718232803 0.65761384895263686 0.16176728369636187 -0.24964237405146053 -0.039472013831549753 -0.11315739567527633 0.045691751979445069 1.1360246104673601 -0.43944514116550998 -0.72331998303996103 0.62363275654956229 -0.28555379459002794 -0.026667508138550101 -0.036682303807354176 0.03848502962152546 -0.058332147398345191
leaf_weight=13667 854 3988 30737 64768 43924 9689 2744 38580 9217 1633 54960 25122 29508 2566 619 2470 2206 9199 38601 13014 84023 284 635 1077 283 7386 171104 83823 219439 104631
leaf_count=13667 854 3988 30737 64768 43924 9689 2744 38580 9217 1633 54960 25122 29508 2566 619 2470 2206 9199 38601 13014 84023 284 635 1077 283 7386 171104 83823 219439 104631
internal_value=2.56012e-06 -0.000971617 0.00105299 -0.0636528 0.00625263 0.0335166 -0.0259764 0.0529398 0.0664191 0.148283 0.0475353 0.0603955 -0.0518505 -0.215801 -0.041342 0.373064 0.339911 -0.16287 -0.0803048 -0.18038 0.0771945 -0.209471 0.183088 -0.253299 -0.111721 -0.00870375 -0.0373978 0.00263164 0.0177085 -0.0281464
internal_weight=1.07075e+06 1.06769e+06 1.0545e+06 78435 976069 345762 85096 260666 222086 41627 180459 29940 41476 4818 3185 11687 3060 13187 54359 15758 138983 11968 1202 10766 918 630307 178490 451817 303262 148555
internal_count=1070751 1067691 1054504 78435 976069 345762 85096 260666 222086 41627 180459 29940 41476 4818 3185 11687 3060 13187 54359 15758 138983 11968 1202 10766 918 630307 178490 451817 303262 148555
cat_boundaries=0 1 2 3 4 5 6 7 8 9 10 11
cat_threshold=2957312 55575968 1048736 1280 1048576 4720386 34936968 256 270336 2109452 2893824
is_linear=0
shrinkage=0.05


Tree=75
num_leaves=31
num_cat=10
split_feature=1 1 0 4 0 2 2 4 2 0 5 5 0 0 3 0 4 4 0 3 0 3 3 1 0 0 3 4 3 3
split_gain=132902 186511 301015 276365 267405 189308 248195 179215 147900 135189 155126 131667 124654 112765 103419 93860.6 140216 114291 85958.2 82072.7 196779 81508.3 76493.3 75720.7 88075.9 75504.1 102133 75374.8 71158.4 96050.9
threshold=18.500000000000004 11.500000000000002 0 58238.500000000007 1 4.5000000000000009 5.5000000000000009 1855.5000000000002 1.0000000180025095e-35 2 12.317916666666669 16.000000000000004 3 4 5.5000000000000009 5 11522.000000000002 64840.000000000007 6 9.5000000000000018 7 4.5000000000000009 10.500000000000002 9.5000000000000018 8 9 1.5000000000000002 40851.500000000007 5.5000000000000009 2.5000000000000004
decision_type=2 2 1 10 1 2 2 10 2 1 2 2 1 1 2 1 8 10 1 2 1 2 2 2 1 1 2 8 2 2
left_child=1 4 3 5 21 7 11 -3 -9 -2 -11 -7 23 27 18 19 -17 -18 -5 -4 22 25 -21 24 -6 26 -1 -12 29 -19
right_child=9 2 15 14 12 6 -8 8 -10 10 13 -13 -14 -15 -16 16 17 28 -20 20 -22 -23 -24 -25 -26 -27 -28 -29 -30 -31
leaf_value=-0.012771536062803075 -0.10574750896935368 -0.10632901879853836 -0.0095926475219306542 0.068309582551661141 -0.45062461675975946 0.39505971247594951 0.040077714418722606 0.18353794614239072 0.023794856618377047 -0.096561393818621236 -0.00095492079699282303 0.11941142316606229 -0.030104303892519665 0.0070285918026144817 0.2187433008358132 -0.074381604925706321 0.020268970103438907 0.024479850076750857 0.68596206135527737 -0.25720620967965668 -0.058664855938276486 0.028899600738092592 -0.73106959822887374 -0.083535851867746258 -0.152053080977788 0.071845045694968981 0.43006089386275426 0.27147822665409677 0.11210710988752078 0.63986146194472338
leaf_weight=1857 55466 20787 107977 748 3060 11235 22227 18271 70018 31542 3792 7051 133085 48442 10733 38663 307593 1035 2436 2074 34920 43370 1445 46721 12891 9272 4357 7683 10363 1637
leaf_count=1857 55466 20787 107977 748 3060 11235 22227 18271 70018 31542 3792 7051 133085 48442 10733 38663 307593 1035 2436 2074 34920 43370 1445 46721 12891 9272 4357 7683 10363 1637
internal_value=2.42894e-06 0.0070274 0.0208849 0.0798571 -0.0293951 0.0600345 0.152328 0.0257548 0.0568529 -0.0441687 -0.00681153 0.288771 -0.0574901 0.0404342 0.292981 0.00181632 0.0155673 0.0264143 0.543229 -0.031926 -0.0946696 0.0640489 -0.450508 -0.11563 -0.209708 0.162529 0.297246 0.181293 0.171427 0.401493
internal_weight=1.07075e+06 923826 669213 163506 254613 149589 40513 109076 88289 146925 91459 18286 195757 59917 13917 505707 359291 320628 3184 146416 38439 58856 3519 62672 15951 15486 6214 11475 13035 2672
internal_count=1070751 923826 669213 163506 254613 149589 40513 109076 88289 146925 91459 18286 195757 59917 13917 505707 359291 320628 3184 146416 38439 58856 3519 62672 15951 15486 6214 11475 13035 2672
cat_boundaries=0 1 2 3 4 5 6 7 8 9 10
cat_threshold=4228482 3940480 1934979 4359426 33554688 2371596 32896 8192 256 1310720
is_linear=0
shrinkage=0.05


Tree=76
num_leaves=31
num_cat=11
split_feature=1 4 0 1 4 0 0 5 0 1 0 3 6 5 1 4 0 1 0 4 2 0 3 4 3 0 0 4 5 0
split_gain=127138 135333 207560 178784 121959 113550 110366 102785 429873 142149 139082 292269 238581 175116 164670 137660 129825 111308 110924 125619 107510 107429 162700 107422 106358 101829 99219.6 98463.2 81390.5 80891.4
threshold=20.500000000000004 64652.000000000007 0 12.500000000000002 1199.0000000000002 1 2 6.8295833333333347 3 17.500000000000004 4 10.500000000000002 4.3600000000000012 10.975833333333336 9.5000000000000018 58238.500000000007 5 13.500000000000002 6 29639.000000000004 5.5000000000000009 7 9.5000000000000018 27889.500000000004 4.5000000000000009 8 9 77597.000000000015 8.7275000000000009 10
decision_type=2 10 1 2 8 1 1 2 1 2 1 2 2 2 2 8 1 2 1 10 2 1 2 8 2 1 1 10 2 1
left_child=1 4 3 -3 25 -6 -2 8 9 -7 11 12 14 29 -9 -16 -13 21 -10 -20 -19 -15 23 -23 -25 -1 -11 -5 -14 -12
right_child=6 2 -4 27 5 7 -8 10 18 26 13 16 28 17 15 -17 -18 20 19 -21 -22 22 -24 24 -26 -27 -28 -29 -30 -31
leaf_value=0.027887215579596631 0.16036370539010605 -0.014775600945873428 0.032033714763786976 0.40190088402952329 -0.0170598537531019 0.11131841020344749 -0.11503699047262866 -0.11467880636362274 -0.42456980455516641 -0.5612845739329837 -0.00046416864644668486 -0.77572640366320789 -0.31445845937932132 0.0056550247523736857 0.11630092583416958 0.27431902462729824 -0.10804960798192874 0.036697563212531009 -0.17680962670946773 -0.020566129701107556 -0.090409977488587645 -0.035365566356184153 0.10015846070707977 0.033338355585801629 -0.23570018286294317 -0.16779087175257984 -0.048662045818754954 1.18558403381758 -0.020131746860987509 0.10530405401100629
leaf_weight=10137 4038 2985 31725 5721 411526 43993 36090 6550 2893 1114 26537 761 2698 42341 76846 16795 13370 108544 28726 23298 19647 16240 8484 4312 24808 19318 5933 431 18150 56740
leaf_count=10137 4038 2985 31725 5721 411526 43993 36090 6550 2893 1114 26537 761 2698 42341 76846 16795 13370 108544 28726 23298 19647 16240 8484 4312 24808 19318 5933 431 18150 56740
internal_value=2.32429e-06 0.00340199 0.0925737 0.302411 -0.000279436 0.00279444 -0.0873127 0.017683 -0.0265538 0.0779069 0.0282682 0.0705409 0.0956675 0.00969277 0.127689 0.144642 -0.144632 -0.0132883 -0.123632 -0.106818 0.0172166 -0.0539439 -0.100793 -0.1384 -0.195862 -0.100495 -0.130564 0.456805 -0.0582214 0.0716126
internal_weight=1.07075e+06 1.03062e+06 40862 9137 989761 960306 40128 548780 105957 51040 442823 135170 121039 307653 100191 93641 14131 224376 54917 52024 128191 96185 53844 45360 29120 29455 7047 6152 20848 83277
internal_count=1070751 1030623 40862 9137 989761 960306 40128 548780 105957 51040 442823 135170 121039 307653 100191 93641 14131 224376 54917 52024 128191 96185 53844 45360 29120 29455 7047 6152 20848 83277
cat_boundaries=0 1 2 3 4 5 6 7 8 9 10 11
cat_threshold=4196098 481807 34865280 22545536 33595680 8192 8192 3145808 2977804 1048704 2097232
is_linear=0
shrinkage=0.05


Tree=77
num_leaves=31
num_cat=8
split_feature=1 4 0 0 1 0 4 5 2 2 0 3 2 0 0 4 4 3 0 5 4 5 4 5 0 6 5 4 1 5
split_gain=118595 119915 173146 157776 205506 197915 186048 156602 155123 147250 261766 166583 139679 160525 138019 144231 136927 222801 161435 158953 153192 166311 207674 139913 136106 128955 127765 185958 125862 119208
threshold=21.500000000000004 22387.500000000004 0 1 11.500000000000002 2 77597.000000000015 14.510833333333336 5.5000000000000009 4.5000000000000009 3 3.5000000000000004 4.5000000000000009 4 5 43220.500000000007 35058.500000000007 4.5000000000000009 6 8.4870833333333362 41602.500000000007 6.4268749999999999 75218.500000000015 9.6675000000000022 7 4.3600000000000012 6.8295833333333347 28399.500000000004 18.500000000000004 8.9466666666666672
decision_type=2 8 1 1 2 1 10 2 2 2 1 2 2 1 1 8 10 2 1 2 10 2 10 2 1 2 2 10 2 2
left_child=1 2 7 -3 5 -5 8 12 9 16 11 28 13 -1 15 -12 18 -18 -6 20 -19 22 -22 -21 -25 26 27 -20 -11 -28
right_child=-2 3 -4 4 6 -7 -8 -9 -10 10 14 -13 -14 -15 -16 -17 17 19 25 23 21 -23 -24 24 -26 -27 29 -29 -30 -31
leaf_value=0.051417159220748701 -0.14873136724692601 -0.019891152657619066 -0.05934343019796702 0.037111526013375744 0.15587357077338321 -0.086933020659365937 0.59562106372374901 0.088816248393567984 -0.027842971534502065 0.7507685227693176 -0.74705068926558538 0.20850036904874072 0.23978480081468995 -0.18428988067001154 0.092530484478693997 -0.047201987016285286 0.2042319798012418 0.12663921436311013 -0.16510700754433386 0.38078455119801657 -0.10369677826598866 -0.39540004040102184 0.92848255681034875 0.1316562036759111 0.010583922536257598 -0.1229700719969429 0.20236859532725845 0.11515661859572075 0.070182608858457271 0.017114267054491383
leaf_weight=12213 13237 274402 159738 60835 14918 68193 1522 47480 66971 2912 953 11129 3647 17666 50156 3236 26153 5790 19563 3459 7538 5408 521 37750 60273 23632 10439 8486 886 51645
leaf_count=12213 13237 274402 159738 60835 14918 68193 1522 47480 66971 2912 953 11129 3647 17666 50156 3236 26153 5790 19563 3459 7538 5408 521 37750 60273 23632 10439 8486 886 51645
internal_value=1.3267e-06 0.00186303 -0.0291494 0.011004 0.0266347 -0.0284515 0.0438311 0.0303947 0.0417918 0.0553152 0.120482 0.305873 -0.0523337 -0.0879894 0.0694913 -0.205926 0.038934 0.071922 0.00127814 0.0432627 -0.0884359 -0.180905 -0.0369682 0.0682535 0.057225 -0.019006 0.00825028 -0.0803155 0.592001 0.0482635
internal_weight=1.07075e+06 1.05751e+06 240744 816770 542368 129028 413340 81006 411818 344847 69272 14927 33526 29879 54345 4189 275575 146892 128683 120739 19257 13467 8059 101482 98023 113765 90133 28049 3798 62084
internal_count=1070751 1057514 240744 816770 542368 129028 413340 81006 411818 344847 69272 14927 33526 29879 54345 4189 275575 146892 128683 120739 19257 13467 8059 101482 98023 113765 90133 28049 3798 62084
cat_boundaries=0 1 2 3 4 5 6 7 8
cat_threshold=2990528 2486796 51906720 1282 2424960 1048576 1179648 34603299
is_linear=0
shrinkage=0.05


Tree=78
num_leaves=31
num_cat=9
split_feature=1 0 1 0 0 4 0 1 3 3 1 0 1 5 0 1 5 4 1 4 4 0 4 5 2 2 5 0 0 1
split_gain=121953 256325 230301 326178 193696 171074 167409 138269 141512 153507 214079 139623 134526 121620 107929 104608 110454 106174 84910.4 88008.4 77634.4 75846.9 80909 86825.6 73402.8 90552.7 116015 112860 67939.4 67426.5
threshold=16.500000000000004 0 13.500000000000002 1 2 51677.500000000007 3 20.500000000000004 8.5000000000000018 3.5000000000000004 18.500000000000004 4 10.500000000000002 19.086458333333336 5 20.500000000000004 18.70291666666667 14747.000000000002 19.500000000000004 18409.500000000004 1199.0000000000002 6 30825.500000000004 14.967500000000001 5.5000000000000009 4.5000000000000009 8.4870833333333362 7 8 18.500000000000004
decision_type=2 1 2 1 1 10 1 2 2 2 2 1 2 2 1 2 2 8 2 10 8 1 10 2 2 2 2 1 1 2
left_child=2 7 4 5 -1 20 15 8 9 -2 11 -11 14 -7 -6 17 -17 -3 19 -10 -4 22 -14 -24 25 26 29 -27 -15 -19
right_child=1 6 3 -5 12 13 -8 -9 18 10 -12 -13 21 28 -16 16 -18 24 -20 -21 -22 -23 23 -25 -26 27 -28 -29 -30 -31
leaf_value=0.035958097027249093 -0.5158423808678031 -0.091138618729510373 -0.14964563818109292 0.0053524782899541925 -0.15830446078111846 0.3267105162592871 -0.04352553055871889 0.56195556518125711 -0.12092357304342938 0.1698062703173199 -0.45290684199125125 -0.6181314610820654 -0.02022501657107386 0.2378034974801885 -0.047260081866254716 -0.18777131902606362 0.08913205200113454 0.015590741937141573 0.38332333927406637 -0.63300766281162357 0.092889814151491487 -0.030438166193847007 0.16688999658693754 -0.003049751322758862 -0.035567222268398667 0.41227993320651629 0.10837285058552426 0.1093369209607384 -0.081651210623246609 -0.21959001454929594
leaf_weight=145958 2229 11057 3432 190084 30834 14028 191311 552 1092 5964 2435 611 31629 3108 75421 9802 5693 9806 279 3622 85441 140063 17466 13194 12895 4546 40680 9533 3564 4422
leaf_count=145958 2229 11057 3432 190084 30834 14028 191311 552 1092 5964 2435 611 31629 3108 75421 9802 5693 9806 279 3622 85441 140063 17466 13194 12895 4546 40680 9533 3564 4422
internal_value=1.32056e-06 -0.0260461 0.0109328 0.0449622 -0.0115 0.113665 -0.0153946 -0.216133 -0.242726 -0.144326 -0.0524157 0.0959031 -0.0339457 0.243128 -0.0795033 0.0342365 -0.0860346 0.0542921 -0.464221 -0.514383 0.0835238 -0.0100251 0.0358748 0.0937594 0.0739305 0.0943977 0.0653905 0.207525 0.0673936 -0.0575024
internal_weight=1.07075e+06 316529 754222 299657 454565 109573 299745 16784 16232 11239 9010 6575 308607 20700 106255 108434 15495 92939 4993 4714 88873 202352 62289 30660 81882 68987 54908 14079 6672 14228
internal_count=1070751 316529 754222 299657 454565 109573 299745 16784 16232 11239 9010 6575 308607 20700 106255 108434 15495 92939 4993 4714 88873 202352 62289 30660 81882 68987 54908 14079 6672 14228
cat_boundaries=0 1 2 3 4 5 6 7 8 9
cat_threshold=270464 5408194 3942560 54658320 262272 165122 16777987 1280 1048770
is_linear=0
shrinkage=0.05


Tree=79
num_leaves=31
num_cat=11
split_feature=1 0 1 0 0 1 0 1 3 3 1 0 2 0 3 0 4 5 0 3 1 6 0 5 4 1 4 0 4 0
split_gain=110062 233808 209099 253562 155900 169668 119680 124792 127698 138525 193181 126183 119543 183798 124303 99404.2 88227.8 93016.8 88927.8 85699.5 82859.9 76741.6 118278 93225.2 84940.5 76631.6 79427.6 68936.4 61812.4 67317.9
threshold=16.500000000000004 0 14.500000000000002 1 2 10.500000000000002 3 20.500000000000004 8.5000000000000018 3.5000000000000004 18.500000000000004 4 4.5000000000000009 5 3.5000000000000004 6 51677.500000000007 16.743750000000002 7 8.5000000000000018 21.500000000000004 2.4850000000000008 8 1.0429166666666669 50979.500000000007 19.500000000000004 18409.500000000004 9 3016.0000000000005 10
decision_type=2 1 2 1 1 2 1 2 2 2 2 1 2 1 2 1 10 2 1 2 2 2 1 2 8 2 10 1 10 1
left_child=2 6 4 16 -1 15 7 8 9 -2 11 -11 28 14 27 -6 -4 18 -18 -16 21 22 23 -3 -25 26 -10 -14 -7 -30
right_child=1 20 3 -5 5 12 -8 -9 25 10 -12 -13 13 -15 19 -17 17 -19 -20 -21 -22 -23 -24 24 -26 -27 -28 -29 29 -31
leaf_value=0.037260399578278584 -0.49005026182492162 -0.2319812075692175 0.094532888247984892 0.0047879226313170976 -0.15039180416042247 -0.080048625003348167 -0.060744741928843986 0.53385778551084406 -0.11487739250201848 0.16133016841904482 -0.43026149829738691 -0.58772257652355664 0.49192662030264267 -0.0095493723464494841 -0.0019735286897858036 -0.045039915127836713 0.49748083900052953 0.095701708374686612 0.17313116154614547 0.18467630692433001 -0.13955529721058602 -0.040485112203947841 -0.0049033987012697695 0.044946430145877819 0.16771391400565561 0.3641571671878886 -0.60135728144634593 0.17756231352060936 0.029154572017732507 -0.035326547598556822
leaf_weight=154432 2229 2208 70924 112757 30834 37436 97061 552 1092 5964 2435 611 3376 50897 12365 81814 4296 7464 4224 12235 9151 47898 86283 31925 25219 279 3622 3680 68431 99057
leaf_count=154432 2229 2208 70924 112757 30834 37436 97061 552 1092 5964 2435 611 3376 50897 12365 81814 4296 7464 4224 12235 9151 47898 86283 31925 25219 279 3622 3680 68431 99057
internal_value=1.25042e-06 -0.0247437 0.0103861 0.0542613 -0.00541087 -0.0218806 -0.0820783 -0.205339 -0.230604 -0.137129 -0.0498198 0.0910739 -0.00149987 0.0492998 0.143876 -0.0738942 0.118435 0.224569 0.337464 0.0908582 0.00746407 0.0144161 0.0324726 0.0867942 0.0991266 -0.44101 -0.488664 0.328921 -0.0219644 -0.0089817
internal_weight=1.07075e+06 316529 754222 199665 554557 400125 113845 16784 16232 11239 9010 6575 287477 82553 31656 112648 86908 15984 8520 24600 202684 193533 145635 59352 57144 4993 4714 7056 204924 167488
internal_count=1070751 316529 754222 199665 554557 400125 113845 16784 16232 11239 9010 6575 287477 82553 31656 112648 86908 15984 8520 24600 202684 193533 145635 59352 57144 4993 4714 7056 204924 167488
cat_boundaries=0 1 2 3 4 5 6 7 8 9 10 11
cat_threshold=4006563 5940674 3940512 270464 262272 34627 165122 5244162 37750032 1282 20973843
is_linear=0
shrinkage=0.05


Tree=80
num_leaves=31
num_cat=9
split_feature=1 4 4 0 1 4 2 0 0 3 0 4 4 6 0 0 2 4 3 0 3 0 5 4 5 6 4 0 5 4
split_gain=104659 123858 112122 148633 122194 101582 100563 95264.7 91645.7 83172.1 231613 190112 112710 87473.8 114032 81591.1 76539.2 78648.3 76441 293043 137614 120508 233565 342120 123197 102640 120315 90370.1 157593 111101
threshold=19.500000000000004 17489.500000000004 66692.500000000015 0 12.500000000000002 -1.0000000180025095e-35 3.5000000000000004 1 2 4.5000000000000009 3 21733.500000000004 29639.000000000004 6.1650000000000009 4 5 4.5000000000000009 29639.000000000004 7.5000000000000009 6 6.5000000000000009 7 12.121250000000002 29639.000000000004 16.369583333333335 0.6150000000000001 64308.000000000007 8 2.7412500000000004 47228.000000000007
decision_type=2 8 10 1 2 8 2 1 1 2 1 8 10 2 1 1 2 10 2 1 2 1 2 10 2 2 10 1 2 10
left_child=2 -2 5 4 -4 -1 -6 -3 18 10 11 -10 -12 15 -15 -11 17 -13 19 20 -7 22 25 -24 -25 27 -27 -20 -29 -30
right_child=1 7 3 -5 6 8 -8 -9 9 13 12 16 -14 14 -16 -17 -18 -19 21 -21 -22 -23 23 24 -26 26 -28 28 29 -31
leaf_value=-0.10614917418192578 -0.34293938490958881 0.016994373444801526 0.022831361882013054 0.03381810243362994 0.23249743026821856 0.14810657332378371 0.69607256566387621 -0.092524196900006905 -0.14027135346459826 -0.035313831860755561 -0.051423480357338847 0.0362988473539868 0.039547083927502759 -0.163124715788379 -0.0206903817177388 0.0087335387429472357 0.22697110644983406 0.1870350052978326 -0.10789264891302984 -0.061062270650322659 -0.06607143020138409 0.098447157473699379 -0.096274438832085418 0.50840786094305113 0.16823829582448946 -0.0098021560842572325 -1.9569506933540106 0.30811182215976984 -0.6973511411399661 -0.036560751067308057
leaf_weight=21347 3547 37516 2599 19936 2492 35288 2205 42172 6959 168308 79797 21506 59390 21838 39410 280064 16513 14480 4677 70239 9524 74094 11344 4147 7431 9534 80 624 2873 817
leaf_count=21347 3547 37516 2599 19936 2492 35288 2205 42172 6959 168308 79797 21506 59390 21838 39410 280064 16513 14480 4677 70239 9524 74094 11344 4147 7431 9534 80 624 2873 817
internal_value=1.50495e-06 -0.0538419 0.00453982 0.104586 0.297504 0.00170267 0.450122 -0.0409739 0.00415471 -0.00476013 0.0226837 0.105279 -0.0126061 -0.0154576 -0.0715054 -0.00780137 0.137848 0.0969519 0.0315261 0.00267322 0.102564 0.0602394 -0.00795416 0.0988748 0.29008 -0.139575 -0.0260048 -0.261016 -0.425786 -0.551046
internal_weight=1.07075e+06 83235 987516 27232 7296 960284 4697 79688 938937 708265 198645 59458 139187 509620 61248 448372 52499 35986 230672 115051 44812 115621 41527 22922 11578 18605 9614 8991 4314 3690
internal_count=1070751 83235 987516 27232 7296 960284 4697 79688 938937 708265 198645 59458 139187 509620 61248 448372 52499 35986 230672 115051 44812 115621 41527 22922 11578 18605 9614 8991 4314 3690
cat_boundaries=0 1 2 3 4 5 6 7 8 9
cat_threshold=4720386 54794428 5276064 926722 34350146 921614 1048832 1048832 256
is_linear=0
shrinkage=0.05


Tree=81
num_leaves=31
num_cat=8
split_feature=4 4 4 1 5 0 1 0 2 2 0 5 4 2 0 0 0 4 1 5 0 0 5 4 3 5 5 2 4 4
split_gain=100459 119952 194378 99613.8 114075 153660 108965 191861 195008 217991 190461 164798 163181 119646 108939 94854.5 94432.1 87036.1 77744.5 103998 113948 77257 73027.3 71899 108796 111711 116844 82888.6 76313.1 72504
threshold=77597.000000000015 77326.000000000015 75218.500000000015 18.500000000000004 14.414166666666668 0 11.500000000000002 1 4.5000000000000009 5.5000000000000009 2 16.000000000000004 1855.5000000000002 1.0000000180025095e-35 3 4 5 19612.000000000004 12.500000000000002 20.567083333333336 6 7 10.975833333333336 44652.000000000007 2.5000000000000004 8.4014583333333359 9.6675000000000022 3.5000000000000004 45631.500000000007 67676.500000000015
decision_type=10 10 10 2 2 1 2 1 2 2 1 2 10 2 1 1 1 8 2 2 1 1 2 10 2 2 2 2 10 10
left_child=1 2 3 6 16 17 10 8 12 11 -1 -10 -8 -14 -7 -12 -5 -6 -4 20 -20 -2 -11 -15 -25 27 -27 -26 -28 -29
right_child=21 -3 18 4 5 14 7 -9 9 22 15 -13 13 23 -16 -17 -18 -19 19 -21 -22 -23 -24 24 25 26 28 29 -30 -31
leaf_value=0.055933360202139508 0.51786693229432412 -0.35749592092339599 0.024533366276674087 -0.0039682051093185957 -0.11806340834036255 -0.51911898550378732 -0.099103586877530764 6.5564253706362909e-05 0.36649294352252859 0.14562161989451558 -0.097991374573122417 0.094273389976323285 0.16819876645184451 -0.003175826069059284 -0.036650994942552875 -0.023063842783992036 -0.13468008117765237 0.14020120291141883 0.25562423051715694 0.0024269432403110063 1.0088826302380154 0.013569650256036458 -0.032878964907672552 0.46923017468542505 0.066893368062100431 0.75858250864569043 0.65464457804658294 -0.59183681790564047 0.070585183865133599 0.61979998458615126
leaf_weight=58384 1643 2352 1340 20745 3845 1185 20787 501444 13911 9842 62141 9261 18887 54212 56360 131908 41415 21522 939 802 1130 1417 13714 1870 1304 684 580 1340 15651 136
leaf_count=58384 1643 2352 1340 20745 3845 1185 20787 501444 13911 9842 62141 9261 18887 54212 56360 131908 41415 21522 939 802 1130 1417 13714 1870 1304 684 580 1340 15651 136
internal_value=1.27902e-06 -0.000818616 -3.11619e-05 -0.00137658 -0.0398725 -0.00148238 0.00471986 0.0153555 0.062627 0.148811 -0.0232403 0.257697 0.0277499 0.0556053 -0.0466747 -0.047062 -0.0910792 0.101015 0.339001 0.485775 0.673134 0.286078 0.0417009 0.0275419 0.104763 0.0701576 0.118433 -0.223575 0.091456 -0.480195
internal_weight=1.07075e+06 1.06769e+06 1.06534e+06 1.06113e+06 145072 82912 916056 663623 162179 46728 252433 23172 115451 94664 57545 194049 62160 25367 4211 2871 2069 3060 23556 75777 21565 19695 16915 2780 16231 1476
internal_count=1070751 1067691 1065339 1061128 145072 82912 916056 663623 162179 46728 252433 23172 115451 94664 57545 194049 62160 25367 4211 2871 2069 3060 23556 75777 21565 19695 16915 2780 16231 1476
cat_boundaries=0 1 2 3 4 5 6 7 8
cat_threshold=39977264 4228482 3940480 128 4359426 17979548 20402332 39339875
is_linear=0
shrinkage=0.05


Tree=82
num_leaves=31
num_cat=10
split_feature=1 0 1 0 0 1 0 0 1 3 3 1 0 1 5 4 2 0 3 4 4 2 2 5 0 1 4 5 0 0
split_gain=92620.6 209668 182236 216527 130621 127988 122971 116634 90041.6 102844 101040 153989 113820 88675.8 95402.6 87348.8 79582.8 126583 105442 73164.5 66947.5 64901.9 75534 99643.3 96360.1 62047.3 62489.5 61614.9 119695 61174.7
threshold=16.500000000000004 0 14.500000000000002 1 2 9.5000000000000018 3 4 20.500000000000004 8.5000000000000018 3.5000000000000004 18.500000000000004 5 20.500000000000004 17.584166666666672 14747.000000000002 4.5000000000000009 6 3.5000000000000004 75218.500000000015 54488.000000000007 5.5000000000000009 4.5000000000000009 8.4870833333333362 7 19.500000000000004 57706.000000000007 16.000000000000004 8 9
decision_type=2 1 2 1 1 2 1 1 2 2 2 2 1 2 2 8 2 1 2 10 8 2 2 2 1 2 10 2 1 1
left_child=2 8 4 19 -1 7 13 -6 9 10 -2 12 20 15 -15 -3 -7 18 -18 -4 -12 22 23 -17 -24 26 -11 28 -19 -14
right_child=1 6 3 -5 5 16 -8 -9 -10 25 11 -13 29 14 -16 21 17 27 -20 -21 -22 -23 24 -25 -26 -27 -28 -29 -30 -31
leaf_value=0.030017559123907307 -0.38531879542343089 -0.083232973438927133 0.10570534161956024 0.0047703656067577017 -0.40186220725060889 -0.027205608581922704 -0.036623113511673119 -0.081310655332887394 0.31938284589680788 -0.35572339509291639 0.13189848238908505 -0.37215334077790635 -0.018397625287309607 -0.19590132287000747 0.0528858426868897 -0.054650780978861148 0.44538785686250776 0.11950349625826157 0.097113434984743452 0.62337402382778917 0.61521892946464551 -0.036473375435920101 0.3782473415790471 0.099075989769009623 0.098335671895889709 0.23447720296120736 -0.90115648971616558 -0.050161360538834403 -0.032758754474674266 -0.55867184168582662
leaf_weight=178391 2809 11057 86220 112757 3060 238921 188380 37878 861 5290 2062 2630 3372 8309 7186 14228 2800 24136 9709 688 1098 12895 4546 40680 9533 399 583 31936 27726 611
leaf_count=178391 2809 11057 86220 112757 3060 238921 188380 37878 861 5290 2062 2630 3372 8309 7186 14228 2800 24136 9709 688 1098 12895 4546 40680 9533 399 583 31936 27726 611
internal_value=1.69904e-06 -0.0226981 0.00952827 0.0504882 -0.00521912 -0.0219298 -0.0122066 -0.105389 -0.180553 -0.203479 -0.12103 -0.0450664 0.0753646 0.0302111 -0.0805232 0.0486762 -0.0117384 0.026633 0.174931 0.109791 0.298891 0.0664887 0.0857343 0.0592416 0.189055 -0.368877 -0.409867 0.00447429 0.0381191 -0.102468
internal_weight=1.07075e+06 316529 754222 199665 554557 376166 296814 40938 19715 18854 12582 9773 7143 108434 15495 92939 335228 96307 12509 86908 3160 81882 68987 54908 14079 6272 5873 83798 51862 3983
internal_count=1070751 316529 754222 199665 554557 376166 296814 40938 19715 18854 12582 9773 7143 108434 15495 92939 335228 96307 12509 86908 3160 81882 68987 54908 14079 6272 5873 83798 51862 3983
cat_boundaries=0 1 2 3 4 5 6 7 8 9 10
cat_threshold=336000 5940674 3941024 54658320 256 128 1280 1280 21006403 327680
is_linear=0
shrinkage=0.05


Tree=83
num_leaves=31
num_cat=11
split_feature=4 4 4 1 0 1 0 0 1 2 0 5 0 0 2 0 1 5 0 2 1 0 4 3 1 0 5 3 0 4
split_gain=89428.9 109075 173099 86505.2 182154 150634 186463 122495 132506 129537 178586 135020 103113 91081.7 89428.7 69900 69074.1 93806.6 103255 66284.4 65943.3 65427.4 267877 131626 59981.2 59891.3 65473.6 59727 59267.5 57373.8
threshold=77597.000000000015 77326.000000000015 75218.500000000015 16.500000000000004 0 14.500000000000002 1 2 9.5000000000000018 4.5000000000000009 3 16.000000000000004 4 5 4.5000000000000009 6 12.500000000000002 20.567083333333336 7 1.5000000000000002 20.500000000000004 8 37767.500000000007 9.5000000000000018 12.500000000000002 9 18.70291666666667 8.5000000000000018 10 51677.500000000007
decision_type=10 10 10 2 1 2 1 1 2 2 1 2 1 1 2 1 2 2 1 2 2 1 8 2 2 1 2 2 1 10
left_child=1 2 3 5 13 7 29 14 12 19 11 -11 -9 -5 -1 -2 -4 18 -18 -10 -6 22 23 -16 -17 26 -22 -13 -21 -7
right_child=15 -3 16 4 20 6 -8 8 9 10 -12 27 -14 -15 21 24 17 -19 -20 28 25 -23 -24 -25 -26 -27 -28 -29 -30 -31
leaf_value=0.063914678209825174 -0.12596251941111897 -0.34089493406085192 0.023501767202544571 -0.48666305172476876 0.015279531558284005 0.085969575531448086 0.0064760200067599284 -0.37906205636446716 0.0033300071880837719 0.24895513109134526 0.0026025318037675477 -0.05993950416317663 -0.078184053182428465 -0.070970640547118172 -0.38240410655078311 0.034126359333654356 1.0316907642822721 -0.0007898335337250998 0.31284386949548249 -0.17146863088047892 -0.25356184352887828 0.0045915703817747729 0.029260842083671509 -1.2515687599213852 0.59076861352585386 -0.010230847903503587 0.010799059817398328 0.2360526842242191 -0.040041468102057345 0.19880019313816061
leaf_weight=91091 819 2352 1340 1325 178433 63695 120638 3038 106807 15105 82941 7337 43783 106038 1448 707 912 802 1157 9084 6817 29281 5162 623 1534 17021 3568 2220 151985 13688
leaf_count=91091 819 2352 1340 1325 178433 63695 120638 3038 106807 15105 82941 7337 43783 106038 1448 707 912 802 1157 9084 6817 29281 5162 623 1534 17021 3568 2220 151985 13688
internal_value=1.38118e-06 -0.000772194 -2.12887e-05 -0.00129093 -0.0233519 0.00794733 0.0453403 -0.00551789 -0.0184899 -0.00860011 0.037737 0.155834 -0.0978043 -0.0761457 0.0374105 0.269916 0.319916 0.458263 0.636205 -0.0272132 0.00418817 -0.0286989 -0.163248 -0.643867 0.413312 -0.0680231 -0.162578 0.00881666 -0.0474669 0.105914
internal_weight=1.07075e+06 1.06769e+06 1.06534e+06 1.06113e+06 313202 747926 198021 549905 422300 375479 107603 24662 46821 107363 127605 3060 4211 2871 2069 267876 205839 36514 7233 2071 2241 27406 10385 9557 161069 77383
internal_count=1070751 1067691 1065339 1061128 313202 747926 198021 549905 422300 375479 107603 24662 46821 107363 127605 3060 4211 2871 2069 267876 205839 36514 7233 2071 2241 27406 10385 9557 161069 77383
cat_boundaries=0 1 2 3 4 5 6 7 8 9 10 11
cat_threshold=1909411 5416386 3416224 526080 256 8192 2437260 38307650 1048576 6456576 1024
is_linear=0
shrinkage=0.05


Tree=84
num_leaves=31
num_cat=12
split_feature=4 0 1 3 3 0 0 4 5 1 0 0 4 0 1 4 5 0 3 0 0 3 4 1 4 0 0 4 0 3
split_gain=88202.1 88184 87359.6 85384.6 192051 403429 177014 147350 132096 112941 110373 107785 106922 133542 104863 84622.8 82882.8 81857.8 79814.1 246673 212220 92633.6 74587.4 73586.3 73762.3 69903.5 69015.3 64424.3 98434 64269.4
threshold=1199.0000000000002 0 21.500000000000004 1.5000000000000002 4.5000000000000009 1 2 61959.500000000007 0.73062500000000019 18.500000000000004 3 4 28967.500000000004 5 10.500000000000002 45631.500000000007 17.853958333333335 6 7.5000000000000009 7 8 10.500000000000002 16538.000000000004 18.500000000000004 22387.500000000004 9 10 45867.500000000007 11 10.500000000000002
decision_type=8 1 2 2 2 1 1 10 2 2 1 1 8 1 2 8 2 1 2 1 1 2 10 2 10 1 1 10 1 2
left_child=1 -1 3 10 5 7 14 8 11 12 -2 -5 13 -10 17 -11 -14 29 19 -16 21 -20 -12 -22 -25 -24 -4 -7 -29 -6
right_child=2 -3 26 4 6 27 -8 -9 9 15 22 -13 16 -15 18 -17 -18 -19 20 -21 23 -23 25 24 -26 -27 -28 28 -30 -31
leaf_value=0.043867663358491529 -0.17179655029970325 -0.1431913843013706 0.048402777560308072 0.33923473635620965 0.015525458921441576 -0.036034672148381429 -0.027911045971551408 0.46523009366651924 0.40159101921795587 -0.28728862307125813 -0.073194567420955245 -0.24007890511501417 0.18371762426531693 -0.089703563193534924 -0.090182811104142613 0.053998132266606748 -0.13743397345438174 -0.067276074074035519 0.019178099006758098 0.063377148925647026 0.099085277740705163 -0.10104604496726621 0.11995568872810165 -0.20737677658888268 0.039723458735966298 -0.03035217710853802 -0.20024020640688245 0.18624460043346783 -0.028041923111107644 0.32308251948378763
leaf_weight=9124 14334 20343 3998 984 6061 82446 372255 3114 1663 2395 30767 4194 64124 7974 46586 7517 2074 48247 46764 59596 122235 24373 13906 3527 21016 17412 9235 9089 13038 2360
leaf_count=9124 14334 20343 3998 984 6061 82446 372255 3114 1663 2395 30767 4194 64124 7974 46586 7517 2074 48247 46764 59596 122235 24373 13906 3527 21016 17412 9235 9089 13038 2360
internal_value=1.31015e-06 -0.0853052 0.00241537 0.00405847 0.00814184 0.0518783 -0.00339383 0.127017 0.115448 0.130257 -0.046791 -0.129798 0.151003 -0.00460013 0.0205756 -0.0284657 0.173656 -0.0421749 0.0315481 -0.00399785 0.0488684 -0.0220101 -0.0178995 0.0832159 0.00421343 0.036417 -0.125234 -0.015702 0.060051 0.101598
internal_weight=1.07075e+06 29467 1.04128e+06 1.02805e+06 951632 198612 753020 94039 90925 85747 76419 5178 75835 9637 380765 9912 66198 56668 324097 106182 217915 71137 62085 146778 24543 31318 13233 104573 22127 8421
internal_count=1070751 29467 1041284 1028051 951632 198612 753020 94039 90925 85747 76419 5178 75835 9637 380765 9912 66198 56668 324097 106182 217915 71137 62085 146778 24543 31318 13233 104573 22127 8421
cat_boundaries=0 1 2 3 4 5 6 7 8 9 10 11 12
cat_threshold=2715660 39724354 56658417 35692592 786432 1179648 2097280 21006464 35651649 21630210 34936968 18961
is_linear=0
shrinkage=0.05


Tree=85
num_leaves=31
num_cat=12
split_feature=6 0 4 4 3 0 6 3 5 0 0 5 1 0 0 3 0 5 4 0 1 4 0 2 0 0 3 3 0 6
split_gain=80704.3 196266 184838 125315 178038 246581 134336 182316 132669 123269 97874.1 95663.6 91534.8 94540.8 91087.2 139838 190025 86921.6 118035 147341 86765.5 83427.1 80244.7 102288 78563.5 78110.7 98878.2 78012.4 76926.2 74499.8
threshold=2.4850000000000008 0 21451.000000000004 62912.000000000007 2.5000000000000004 1 1.9150000000000003 1.5000000000000002 3.6033333333333339 2 3 15.925625000000002 17.500000000000004 4 5 10.500000000000002 6 14.967500000000001 35425.500000000007 7 18.500000000000004 75218.500000000015 8 3.5000000000000004 9 10 9.5000000000000018 7.5000000000000009 11 0.99500000000000022
decision_type=2 1 10 8 2 1 2 2 2 1 1 2 2 1 1 2 1 2 10 1 2 10 1 2 1 1 2 2 1 2
left_child=3 2 -2 14 6 8 10 9 21 -8 -5 12 13 -4 15 -1 -17 18 22 20 -20 -6 23 29 27 -25 -27 -19 -3 -16
right_child=1 28 11 4 5 -7 7 -9 -10 -11 -12 -13 -14 -15 17 16 -18 24 19 -21 -22 -23 -24 25 -26 26 -28 -29 -30 -31
leaf_value=0.047597492676585286 -0.056127466090187865 -0.11173511157276206 0.027081702860102044 0.023495519381631358 -0.14308662993025861 0.031554880380703774 1.07080471306977 -0.17093378954383565 0.2260636608305463 0.26833322299177464 -0.14660679258812692 -0.033687932467903185 -0.038161743957718992 0.2254662618446418 0.076742633315408218 -0.32312408912293866 -0.0028136084393484235 -0.10443753653357223 0.14724004524567844 -0.0036771010826346234 -0.036055421687490895 0.73736256494604313 -0.044199038487621384 0.014930067197785613 -0.0062207972563545775 0.05140049348260553 -0.72271386195659171 -0.02329252913280119 -0.033863840712110758 0.36369970185135808
leaf_weight=149487 28229 39519 8057 14562 3725 80339 708 1589 30835 1506 20162 9815 5967 23730 12699 6065 19482 57954 37617 59860 7794 290 96313 3057 125720 694 1017 60583 160624 2752
leaf_count=149487 28229 39519 8057 14562 3725 80339 708 1589 30835 1506 20162 9815 5967 23730 12699 6065 19482 57954 37617 59860 7794 290 96313 3057 125720 694 1017 60583 160624 2752
internal_value=1.29776e-06 -0.0232956 0.0452229 0.00808947 0.0486349 0.0797551 -0.0444093 0.237712 0.190806 0.530999 -0.0753074 0.105377 0.14153 0.175261 -0.00163215 0.0291206 -0.0789847 -0.013182 0.00947733 0.0478533 0.115755 -0.0794925 -0.0251902 0.0653477 -0.0337589 -0.137067 -0.40635 -0.0629599 -0.0492446 0.127853
internal_weight=1.07075e+06 275941 75798 794810 153716 115189 38527 3803 34850 2214 34724 47569 37754 31787 641094 175034 25547 466060 221803 105271 45411 4015 116532 20219 244257 4768 1711 118537 200143 15451
internal_count=1070751 275941 75798 794810 153716 115189 38527 3803 34850 2214 34724 47569 37754 31787 641094 175034 25547 466060 221803 105271 45411 4015 116532 20219 244257 4768 1711 118537 200143 15451
cat_boundaries=0 1 2 3 4 5 6 7 8 9 10 11 12
cat_threshold=22218880 34611554 5768514 873550 196608 35661104 8448 21498371 5243008 22678144 4194432 33562658
is_linear=0
shrinkage=0.05


Tree=86
num_leaves=31
num_cat=7
split_feature=4 1 4 1 0 0 5 2 4 3 2 4 1 0 3 3 0 4 3 3 0 1 0 2 4 5 4 5 0 4
split_gain=78982.7 78951.8 105624 89584.5 161589 152116 127532 163558 192011 156148 143048 141940 115988 199992 162632 135528 110046 199671 109517 141188 108509 105442 99954.8 95551.7 131091 140984 94904 90590.3 85807 83788.4
threshold=1.0000000180025095e-35 19.500000000000004 17489.500000000004 11.500000000000002 0 1 19.486666666666668 4.5000000000000009 19267.000000000004 10.500000000000002 5.5000000000000009 33736.500000000007 16.500000000000004 2 8.5000000000000018 3.5000000000000004 3 45010.000000000007 9.5000000000000018 2.5000000000000004 4 18.500000000000004 5 3.5000000000000004 67676.500000000015 12.866041666666669 46394.000000000007 6.9158333333333344 6 58238.500000000007
decision_type=8 2 8 2 1 1 2 2 10 2 2 10 2 1 2 2 1 10 2 2 1 2 1 2 10 2 10 2 1 8
left_child=-1 3 -3 4 -2 6 7 8 27 18 28 -8 16 14 15 -14 17 -7 19 20 -10 22 -17 -11 25 26 -25 -5 -9 -30
right_child=1 2 -4 5 -6 12 11 10 9 23 -12 -13 13 -15 -16 21 -18 -19 -20 -21 -22 -23 -24 24 -26 -27 -28 -29 29 -31
leaf_value=-0.094945809842426385 -0.090461238337270655 -0.31649455478279132 -0.033123206631259713 -0.22439152486809588 0.0031291319337486568 0.018438083892055163 0.088832765980910708 0.040508359633487978 -0.17464486464579132 0.034702752658159822 0.073701365931085755 -0.1315179446590079 -0.44790926871019665 -0.013818720844075981 -0.45576952215878147 0.29266980311403029 0.00093599907021648223 0.16229959015144516 0.33157127946442855 0.05893289017269504 0.39399865484479774 -0.31365029115611925 -0.097651059961155751 -0.12597555778047118 0.6114389490711597 1.1353395278453826 -0.68160618406005102 -0.011191857023427912 0.2419990393824473 0.49907562889822943
leaf_weight=21464 61162 3430 79688 6540 187438 86932 13303 3122 975 11621 17087 16218 2209 163804 4487 3150 272499 33381 7051 25154 5936 2145 3405 1386 387 150 1725 20922 9123 4857
leaf_count=21464 61162 3430 79688 6540 187438 86932 13303 3122 975 11621 17087 16218 2209 163804 4487 3150 272499 33381 7051 25154 5936 2145 3405 1386 387 150 1725 20922 9123 4857
internal_value=1.6949e-06 0.00194392 -0.044817 0.00596669 -0.0199 0.0149281 0.0605626 0.0841733 0.0458069 0.100227 0.176021 -0.0322217 0.00331466 -0.03002 -0.202252 -0.0981624 0.018522 0.0583478 0.15316 0.113928 0.314092 -0.00935881 0.0902148 -0.0353765 -0.25862 -0.361874 -0.434064 -0.0619648 0.27825 0.331077
internal_weight=1.07075e+06 1.04929e+06 83118 966169 248600 717569 145557 116036 81847 54385 34189 29521 572012 179200 15396 10909 392812 120313 39116 32065 6911 8700 6555 15269 3648 3261 3111 27462 17102 13980
internal_count=1070751 1049287 83118 966169 248600 717569 145557 116036 81847 54385 34189 29521 572012 179200 15396 10909 392812 120313 39116 32065 6911 8700 6555 15269 3648 3261 3111 27462 17102 13980
cat_boundaries=0 1 2 3 4 5 6 7
cat_threshold=4359426 4359424 270464 739 32768 128 131072
is_linear=0
shrinkage=0.05


Tree=87
num_leaves=31
num_cat=9
split_feature=4 4 4 1 4 4 0 0 0 3 0 4 3 4 0 5 0 1 4 4 2 3 0 0 2 3 3 5 0 4
split_gain=74407.9 99074 147152 70917.6 75713 74071.4 145203 75850.3 73549.2 87807.1 183177 149730 87289.5 78665.6 107949 66642 117799 73502.8 68132.5 62834 94396.6 89381 87595 68927.5 75282.6 105574 76438.7 87423.3 101693 75773.6
threshold=77597.000000000015 77326.000000000015 75218.500000000015 21.500000000000004 73531.500000000015 8272.5000000000018 0 1 2 4.5000000000000009 3 21733.500000000004 1.5000000000000002 14556.000000000002 4 19.267291666666669 5 17.500000000000004 27662.000000000004 30825.500000000004 3.5000000000000004 2.5000000000000004 6 7 4.5000000000000009 9.5000000000000018 10.500000000000002 12.866041666666669 8 67676.500000000015
decision_type=10 10 10 2 10 8 1 1 1 2 1 8 2 10 1 2 1 2 8 10 2 2 1 1 2 2 2 2 1 10
left_child=1 2 3 4 5 6 7 -1 12 10 11 -10 13 -7 -15 19 17 18 -17 21 -21 22 -14 24 26 -26 -22 28 -28 -30
right_child=-2 -3 -4 -5 -6 8 -8 -9 9 -11 -12 -13 15 14 -16 16 -18 -19 -20 20 23 -23 -24 -25 25 -27 27 -29 29 -31
leaf_value=0.20232504198132426 0.24620709854866424 -0.32485860741902561 0.29499677440667826 -0.1173317290050629 -0.28503920458289311 -0.13845509096770639 -0.11233545014378508 -0.0036305510635063487 -0.12871444263362344 -0.020098170437213937 -0.022507724887627131 0.1171180546623037 0.2416305777230183 0.12958676794716861 -0.10483417332883654 0.0086966456314122569 0.028084661164825969 0.031485281218367078 -0.2054156551580856 0.097422776964625757 0.060435981069279887 0.027907120490430416 -0.12739706352382466 -0.013666843883780167 0.026017160463415446 0.22170804135244149 0.024317662679868512 0.82592870463849977 -0.60649712568329783 0.40459783783960113
leaf_weight=5285 3060 2352 4211 12976 2320 15759 39707 28713 6966 392378 85721 55890 1775 9742 9883 5003 57108 7787 14437 79795 7206 121322 16337 53453 14654 13012 1657 192 1844 206
leaf_count=5285 3060 2352 4211 12976 2320 15759 39707 28713 6966 392378 85721 55890 1775 9742 9883 5003 57108 7787 14437 79795 7206 121322 16337 53453 14654 13012 1657 192 1844 206
internal_value=1.77581e-06 -0.000703848 1.18039e-05 -0.00115882 0.000279387 0.000912318 -0.0474133 0.0284354 0.00457628 -0.00770214 0.0250341 0.0898594 0.0199807 -0.0552597 0.0115468 0.0267078 -0.0127202 -0.0982818 -0.150313 0.0373841 0.0576034 0.0124396 -0.0911688 0.0231505 0.0738945 0.118055 -0.0360573 -0.214393 -0.268275 -0.502443
internal_weight=1.07075e+06 1.06769e+06 1.06534e+06 1.06113e+06 1.04815e+06 1.04583e+06 73705 33998 972127 540955 148577 62856 431172 35384 19625 395788 84335 27227 19440 311453 172019 139434 18112 92224 38771 27666 11105 3899 3707 2050
internal_count=1070751 1067691 1065339 1061128 1048152 1045832 73705 33998 972127 540955 148577 62856 431172 35384 19625 395788 84335 27227 19440 311453 172019 139434 18112 92224 38771 27666 11105 3899 3707 2050
cat_boundaries=0 1 2 3 4 5 6 7 8 9
cat_threshold=3011212 2105344 55577072 926722 22022400 20973568 1048576 20973824 16779264
is_linear=0
shrinkage=0.05


Tree=88
num_leaves=31
num_cat=10
split_feature=6 0 4 4 0 5 5 3 0 5 5 0 5 1 0 0 3 0 5 1 0 4 5 4 1 0 2 5 0 5
split_gain=73051.9 173099 158497 109541 152935 233077 149250 148746 146080 123599 123138 113050 84740.9 82305.8 82850.6 79410.7 152163 164661 96781 119646 115736 129395 88343.6 90537.2 87982.1 103175 90782.9 72073.3 70132.1 72642.5
threshold=2.4850000000000008 0 21451.000000000004 62912.000000000007 1 6.6820833333333338 8.8791666666666682 2.5000000000000004 2 8.2068750000000019 8.0514583333333345 3 15.925625000000002 17.500000000000004 4 5 10.500000000000002 6 12.481875000000002 17.500000000000004 7 33736.500000000007 5.9760416666666671 62585.000000000007 13.500000000000002 8 5.5000000000000009 0.73062500000000019 9 8.5591666666666679
decision_type=2 1 10 8 1 2 2 2 1 2 2 1 2 2 1 1 2 1 2 2 1 10 2 10 2 1 2 2 1 2
left_child=3 2 -2 15 5 8 9 -8 27 10 -7 -9 13 14 -4 16 -1 -18 19 20 21 -17 -23 -24 25 -20 -26 -5 29 -3
right_child=1 28 12 4 -6 6 7 11 -10 -11 -12 -13 -14 -15 -16 18 17 -19 24 -21 -22 22 23 -25 26 -27 -28 -29 -30 -31
leaf_value=0.052520785455428133 -0.051666794361218016 -0.21247597930768231 0.025184547138362625 -0.40944900622719937 -0.0045937027823177139 0.30010599388355036 -0.38052515076070903 0.23199499001254528 0.063885540586891401 0.63877630060810953 -0.47407609538669171 0.068153847323881495 -0.032997337787384118 -0.038478057407895089 0.21089868509719972 0.015854066581836943 -0.63099012836466872 -0.056407031483566863 -0.14833514824463276 -0.072031906043926314 -0.0039606149661301233 0.27664361941679605 0.10909842056574284 -0.86055872999591598 0.0078191555505907583 -0.037083068911064367 -0.094728856782560197 -0.10102407289063642 -0.031846720426965243 -0.062975220245056904
leaf_weight=123226 28229 11433 8057 2637 76366 4812 1444 17838 15004 2572 575 25744 9815 5967 23730 38316 1321 19850 26930 32362 93673 9730 25772 243 152378 92150 25143 6724 160624 28086
leaf_count=123226 28229 11433 8057 2637 76366 4812 1444 17838 15004 2572 575 25744 9815 5967 23730 38316 1321 19850 26930 32362 93673 9730 25772 243 152378 92150 25143 6724 160624 28086
internal_value=1.7998e-06 -0.0221631 0.0421846 0.00769696 0.0456047 0.0951529 0.154022 0.11874 -0.0328268 0.353618 0.217471 0.135282 0.0978879 0.131914 0.1639 -0.00139223 0.0312439 -0.0925838 -0.0108804 0.0159905 0.0329732 0.0796773 0.148113 0.100041 -0.0290088 -0.0622584 -0.00670512 -0.187707 -0.0465325 -0.106199
internal_weight=1.07075e+06 275941 75798 794810 153716 77350 52985 45026 24365 7959 5387 43582 47569 37754 31787 641094 144397 21171 496697 200096 167734 74061 35745 26015 296601 119080 177521 9361 200143 39519
internal_count=1070751 275941 75798 794810 153716 77350 52985 45026 24365 7959 5387 43582 47569 37754 31787 641094 144397 21171 496697 200096 167734 74061 35745 26015 296601 119080 177521 9361 200143 39519
cat_boundaries=0 1 2 3 4 5 6 7 8 9 10
cat_threshold=22218880 35545954 33693984 33562914 196608 35660080 8192 21499522 4326528 33562658
is_linear=0
shrinkage=0.05


Tree=89
num_leaves=31
num_cat=8
split_feature=1 4 0 1 4 4 4 2 0 1 5 0 2 0 6 0 0 5 4 3 1 3 5 0 4 4 3 0 5 2
split_gain=66690.7 69166.4 113011 78376.6 68948.4 87570.7 64769.1 68216.8 75424.4 91536.7 72581.1 88846.5 68685.6 62251.1 61643.5 175143 125587 219611 184547 123244 102786 154939 119974 200271 153447 348929 124119 98261.2 93408.5 91063.7
threshold=21.500000000000004 66692.500000000015 0 10.500000000000002 77597.000000000015 77326.000000000015 -1.0000000180025095e-35 1.0000000180025095e-35 1 10.500000000000002 -0.6433333333333332 2 3.5000000000000004 3 1.1250000000000002 4 5 6.8295833333333347 62361.500000000007 2.5000000000000004 16.500000000000004 10.500000000000002 8.9850000000000012 6 27889.500000000004 43513.500000000007 11.500000000000002 7 8.8791666666666682 4.5000000000000009
decision_type=2 10 1 2 10 10 8 2 1 2 2 1 2 1 2 1 1 2 8 2 2 2 2 1 10 10 2 1 2 2
left_child=1 6 3 -3 5 -5 -1 8 9 -8 11 12 -9 -2 16 20 17 29 -19 -20 21 -16 23 -23 26 -26 -25 -17 -21 -12
right_child=13 2 -4 4 -6 -7 7 10 -10 -11 14 -13 -14 -15 15 27 -18 18 19 28 -22 22 -24 24 25 -27 -28 -29 -30 -31
leaf_value=-0.086759072107773713 0.053357633915028083 -0.12088629926000016 0.0089827388587085319 0.27721480695032813 0.70878392247134181 -0.34475148818999918 -0.064503616576501985 -0.25757097146213337 -0.0058844867735959481 0.090994012620500553 -0.14813021924446187 -0.036891694754159009 -0.8761410198108831 -0.18274516719930259 0.082671705019601277 -0.072146039360891062 -0.0069831458443247651 0.050388064226559594 -0.34735443994154536 0.56173745962911037 -0.07938206189627825 0.635876899036386 0.72934431997186522 1.5321435110643506 -1.4291541448580474 0.43433805580561363 -0.28514231510824811 -0.010494029132366996 0.20935639831864794 0.039383306518598012
leaf_weight=21460 3998 1479 20664 6963 822 616 11124 2138 65062 63433 17503 5566 568 9239 15042 98393 401864 97482 900 2144 5810 1352 1825 192 527 480 184 188336 15309 10276
leaf_count=21460 3998 1479 20664 6963 822 616 11124 2138 65062 63433 17503 5566 568 9239 15042 98393 401864 97482 900 2144 5810 1352 1825 192 527 480 184 188336 15309 10276
internal_value=1.56361e-06 0.00139764 0.0755441 0.214531 0.273836 0.226663 -0.00080761 0.0010268 0.0334594 0.0677845 -0.00420274 -0.151601 -0.385985 -0.111532 -0.00278104 -0.0205017 0.00735932 0.0474899 0.0777719 0.223221 0.105282 0.16007 0.415382 0.205882 -0.217499 -0.540896 0.642833 -0.0316521 0.252644 -0.0787653
internal_weight=1.07075e+06 1.05751e+06 30544 9880 8401 7579 1.02697e+06 1.00551e+06 139619 74557 865891 8272 2706 13237 857619 312141 545478 143614 115835 18353 25412 19602 4560 2735 1383 1007 376 286729 17453 27779
internal_count=1070751 1057514 30544 9880 8401 7579 1026970 1005510 139619 74557 865891 8272 2706 13237 857619 312141 545478 143614 115835 18353 25412 19602 4560 2735 1383 1007 376 286729 17453 27779
cat_boundaries=0 1 2 3 4 5 6 7 8
cat_threshold=4720387 55094754 37889314 34936968 1048704 33595746 128 34120802
is_linear=0
shrinkage=0.05


Tree=90
num_leaves=31
num_cat=9
split_feature=1 0 1 0 4 1 2 3 3 1 0 0 0 1 0 5 0 5 1 4 1 1 4 4 2 0 3 1 0 4
split_gain=63973.6 162990 136268 164283 108406 104172 103015 95795.5 108489 137246 95702.1 95221.9 93097.2 90547.2 92994.2 73290.7 78215.8 69890.9 97493.4 68580 61930.7 61884.8 72117.4 61367.8 55127.2 96016.7 85531.3 54022.7 59051.3 58866.8
threshold=16.500000000000004 0 14.500000000000002 1 52188.000000000007 20.500000000000004 5.5000000000000009 8.5000000000000018 3.5000000000000004 18.500000000000004 2 3 4 9.5000000000000018 5 16.743750000000002 6 10.776875000000002 18.500000000000004 14747.000000000002 21.500000000000004 19.500000000000004 18409.500000000004 28967.500000000004 4.5000000000000009 7 3.5000000000000004 17.500000000000004 8 43220.500000000007
decision_type=2 1 2 1 10 2 2 2 2 2 1 1 1 2 1 2 1 2 2 8 2 2 10 10 2 1 2 2 1 10
left_child=2 5 11 4 -4 7 12 8 -2 10 -10 -1 17 14 -13 16 -6 18 23 -19 27 22 -9 -3 -15 26 -26 -21 29 -29
right_child=1 6 3 -5 15 -7 -8 21 9 -11 -12 13 -14 24 -16 -17 -18 19 -20 20 -22 -23 -24 -25 25 -27 -28 28 -30 -31
leaf_value=0.021089451756950442 -0.42487934650609627 -0.042180969642071582 0.063126109310566114 -0.0036388125994982396 0.42577941679924525 0.50494056074623617 -0.080307777447285372 -0.062406490806783566 0.14464376147623151 -0.35595573064069852 -0.50771378291929792 -0.35858342282185851 -0.018375596002249993 -0.025875893306131284 -0.071203290186439422 0.088760125344649443 0.1460880047923292 -0.058282465014474795 -0.1329976960783521 0.017511003213059657 -0.10961655588606332 0.3478056939966363 -0.52595944689624818 0.16015200076157296 0.3930435674400069 -0.00026598495527291105 0.079370218041334623 0.1208028945175148 0.077612209897701817 0.30501999209533093
leaf_weight=216160 2229 7226 84717 96332 5080 552 44786 1092 5964 2435 611 3060 175715 214633 34203 8552 4984 7695 11038 9994 3182 279 3622 7785 2800 73992 9709 8625 14977 8722
leaf_count=216160 2229 7226 84717 96332 5080 552 44786 1092 5964 2435 611 3060 175715 214633 34203 8552 4984 7695 11038 9994 3182 279 3622 7785 2800 73992 9709 8625 14977 8722
internal_value=1.66427e-06 -0.0188639 0.00791908 0.0433383 0.0871245 -0.170442 -0.0103703 -0.193515 -0.112554 -0.0352875 0.0834694 -0.00483341 0.00191446 -0.0213923 -0.094918 0.196383 0.287836 0.0469019 -0.0201944 0.079767 0.103114 -0.375753 -0.418577 0.0627529 -0.0122948 0.0214037 0.149463 0.11911 0.150522 0.213304
internal_weight=1.07075e+06 316529 754222 199665 103333 16784 299745 16232 11239 9010 6575 554557 254959 338397 37263 18616 10064 79244 26049 53195 45500 4993 4714 15011 301134 86501 12509 42318 32324 17347
internal_count=1070751 316529 754222 199665 103333 16784 299745 16232 11239 9010 6575 554557 254959 338397 37263 18616 10064 79244 26049 53195 45500 4993 4714 15011 301134 86501 12509 42318 32324 17347
cat_boundaries=0 1 2 3 4 5 6 7 8 9
cat_threshold=270464 5957570 262272 4006561 37881104 256 5244674 1280 37748992
is_linear=0
shrinkage=0.05


Tree=91
num_leaves=31
num_cat=7
split_feature=6 0 6 0 4 0 3 3 4 6 2 0 1 2 4 4 1 4 3 0 1 5 4 5 5 1 0 4 5 0
split_gain=62135 167055 78946.1 82362.9 71419.2 80370.1 130918 66470.2 85155.1 69504 64202.1 90188.7 95230.5 62962.1 62016.3 156211 85525.9 60257.2 70413.1 76747.6 62047.5 61588.1 60298.6 58795.1 58288.5 57192.7 61814.5 60490.9 68252.8 79151.9
threshold=6.1650000000000009 0 6.1300000000000017 1 21733.500000000004 2 11.500000000000002 3.5000000000000004 24970.000000000004 6.5550000000000006 1.0000000180025095e-35 3 10.500000000000002 1.5000000000000002 77326.000000000015 75218.500000000015 16.500000000000004 75218.500000000015 2.5000000000000004 4 12.500000000000002 20.567083333333336 73531.500000000015 9.7266666666666683 6.5960416666666672 20.500000000000004 5 66692.500000000015 -0.6433333333333332 6
decision_type=2 1 2 1 10 1 2 2 10 2 2 1 2 2 10 10 2 10 2 1 2 2 10 2 2 2 1 10 2 1
left_child=2 4 10 -4 24 6 7 9 -9 -6 11 12 -1 -5 15 -14 -17 22 -19 -20 -21 -22 25 -8 -2 27 -27 28 29 -12
right_child=1 -3 3 13 5 -7 23 8 -10 -11 17 -13 14 -15 -16 16 -18 18 19 20 21 -23 -24 -25 -26 26 -28 -29 -30 -31
leaf_value=-0.072391463725544933 0.49115521373256804 -0.069930114007414917 -0.14618289135284609 0.18715585313714919 -2.1495897040647622 0.067725248077045205 -0.45979516871582971 1.4780636659690314 0.51679913876298167 0.17751717761812502 -0.34874654211336442 0.0017969266672614014 0.11184559420795098 0.86450291262709045 -0.52414518785762032 0.44774655667306096 1.9325827143409038 -0.21694414279069285 -0.049914638831949416 0.042138378640581661 0.56680215203383399 -0.019125810357831272 -0.2498808442873926 0.45251818089783802 -0.05635722212069752 0.057584109703642167 -0.10900936346553147 0.097177718133642566 0.00024584127964156908 -0.025900106202848869
leaf_weight=7963 504 90431 656 663 34 22132 626 266 1721 570 3002 76149 43936 711 376 216 176 1159 1980 1311 2373 553 2460 246 13695 7321 23206 15914 745246 5155
leaf_count=7963 504 90431 656 663 34 22132 626 266 1721 570 3002 76149 43936 711 376 216 176 1159 1980 1311 2373 553 2460 246 13695 7321 23206 15914 745246 5155
internal_value=1.51355e-06 -0.0323677 0.00448335 0.315955 0.0529963 0.1029 0.326566 0.505857 0.645484 0.0465211 0.00380962 0.0365965 0.0868949 0.533776 0.115288 0.120711 1.11441 -0.0014066 0.140851 0.207553 0.327216 0.456065 -0.00271446 -0.202422 -0.036923 -0.00195427 -0.0690737 0.00070907 -0.00132862 -0.145176
internal_weight=1.07075e+06 130225 940526 2030 39794 25595 3463 2591 1987 604 938496 128816 52667 1374 44704 44328 392 809680 7376 6217 4237 2926 802304 872 14199 799844 30527 769317 753403 8157
internal_count=1070751 130225 940526 2030 39794 25595 3463 2591 1987 604 938496 128816 52667 1374 44704 44328 392 809680 7376 6217 4237 2926 802304 872 14199 799844 30527 769317 753403 8157
cat_boundaries=0 1 2 3 4 5 6 7
cat_threshold=24316032 3240204 1048576 38315362 19214476 34869384 37889826
is_linear=0
shrinkage=0.05


Tree=92
num_leaves=31
num_cat=11
split_feature=3 3 0 1 4 2 0 0 0 4 3 3 0 0 1 4 0 5 0 3 4 0 4 3 2 4 0 1 4 0
split_gain=60431.2 166699 310167 132859 132760 131940 161703 117368 89083.2 81108.1 77161.7 76936.9 164601 117765 73866.8 72587.5 71711.6 70554.2 70111.9 75468 91817.4 66725.5 63404.3 190760 97598.9 68605 95938.8 68040.7 76363.8 151781
threshold=1.5000000000000002 4.5000000000000009 0 18.500000000000004 30165.500000000004 4.5000000000000009 1 2 3 61959.500000000007 2.5000000000000004 3.5000000000000004 4 5 10.500000000000002 1199.0000000000002 6 4.4695833333333344 7 6.5000000000000009 44531.000000000007 8 37371.000000000007 8.5000000000000018 4.5000000000000009 31859.000000000004 9 20.500000000000004 21451.000000000004 10
decision_type=2 2 1 2 10 2 1 1 1 10 2 2 1 1 2 8 1 2 1 2 8 1 8 2 2 10 1 2 8 1
left_child=8 2 3 4 5 6 -2 -3 -1 11 -5 12 -6 -13 -9 16 -16 -8 19 20 -17 -7 23 27 25 26 -25 28 -21 -30
right_child=1 7 -4 10 9 21 17 14 -10 -11 -12 13 -14 -15 15 18 -18 -19 -20 22 -22 -23 -24 24 -26 -27 -28 -29 29 -31
leaf_value=-0.17618864612889823 0.15773616260342249 -0.031866263745963026 -0.018968589473225817 -0.31316498207210497 0.34419071602316786 0.33087323665328383 -0.20490647451737007 -0.039484345028836389 -0.020992025100887317 0.44647330567881865 0.010664441008025998 0.32667045876807377 0.10195316124287057 -0.046483570261267079 0.15255513021222739 -0.12713203219174771 -0.13872402975777609 -0.005818482375151245 0.0052455811032461608 0.16452034771863724 0.068371156231709071 0.088891911743224403 0.024892237860717797 0.16340463488241186 0.18602832829328272 0.11595052442222223 -0.097130374044891971 -0.50549921931544695 0.060323097765017424 0.54127472430333068
leaf_weight=10746 13703 296376 98366 2291 13223 6066 6127 70687 65947 2907 9335 2918 14981 7605 2521 12242 12858 16260 276936 13093 11789 5411 50307 4346 8728 8818 18722 314 2582 4546
leaf_count=10746 13703 296376 98366 2291 13223 6066 6127 70687 65947 2907 9335 2918 14981 7605 2521 12242 12858 16260 276936 13093 11789 5411 50307 4346 8728 8818 18722 314 2582 4546
internal_value=1.14721e-06 0.0033005 0.0442021 0.105822 0.126554 0.0694859 0.0225261 -0.00694943 -0.0427634 0.191754 -0.0531488 0.172633 0.215681 0.0572573 0.00786532 0.0156892 -0.0909671 -0.0602791 0.0196664 0.0491385 -0.0312231 0.217153 0.0664697 0.100675 0.0378798 -0.00267214 -0.048017 0.224872 0.236213 0.367902
internal_weight=1.07075e+06 994058 199193 100827 89201 47567 36090 794865 76693 41634 11626 38727 28204 10523 498489 427802 15379 22387 412423 135487 24031 11477 111456 61149 40614 31886 23068 20535 20221 7128
internal_count=1070751 994058 199193 100827 89201 47567 36090 794865 76693 41634 11626 38727 28204 10523 498489 427802 15379 22387 412423 135487 24031 11477 111456 61149 40614 31886 23068 20535 20221 7128
cat_boundaries=0 1 2 3 4 5 6 7 8 9 10 11
cat_threshold=39740738 1974272 1971214 35692576 4719874 34734080 2170880 33200 533826 128 384
is_linear=0
shrinkage=0.05


Tree=93
num_leaves=31
num_cat=9
split_feature=1 4 0 1 0 0 5 2 4 3 2 0 5 3 4 5 1 0 3 3 4 1 0 4 6 4 0 0 3 0
split_gain=57756.1 98084.9 68810.2 63843.6 140129 110135 112729 126062 143853 133578 123892 90466.7 88968.6 106175 90376.5 106076 88899.4 164597 126319 110980 88746.7 83588.8 86638.2 80148.6 187191 79759.3 220423 95537.3 134863 79246
threshold=19.500000000000004 16538.000000000004 0 11.500000000000002 1 2 21.215208333333337 4.5000000000000009 19267.000000000004 2.5000000000000004 5.5000000000000009 3 8.4870833333333362 9.5000000000000018 31304.500000000004 9.3652083333333369 16.500000000000004 4 8.5000000000000018 3.5000000000000004 36187.000000000007 18.500000000000004 5 49851.500000000007 1.7950000000000002 45010.000000000007 6 7 6.5000000000000009 8
decision_type=2 8 1 2 1 1 2 2 10 2 2 1 2 2 10 2 2 1 2 2 10 2 1 10 2 8 1 1 2 1
left_child=3 -2 -3 4 -1 6 7 8 -5 11 29 -10 -11 -14 -15 -16 25 18 19 -18 -8 22 -21 -17 -25 27 -27 28 -7 -9
right_child=1 2 -4 5 -6 16 20 10 9 12 -12 -13 13 14 15 23 17 -19 -20 21 -22 -23 -24 24 -26 26 -28 -29 -30 -31
leaf_value=-0.083103691314330388 -0.30789259444430728 -0.079915620877445082 0.013252636501022078 -0.049491563639859702 0.0030013646157984941 -0.056125427316899457 0.062948929328929953 0.31843875847354325 -0.15872473737158754 -0.05453389351585352 0.052021633891678201 0.36050435747900211 0.039604870281547418 0.019031413274269535 0.7586937983783133 0.36024386024049604 -0.406291918310005 -0.013322182434851068 -0.39938372829713403 0.13709341258310317 -0.15684382836619931 -0.2805651633588202 -0.48360133270422623 0.43417200792313482 -0.54326972950597385 0.099786072909014201 -0.015300592792304338 -0.03139323228393983 0.071568762731389776 0.10962073563792069
leaf_weight=62672 3282 36252 43701 32869 191941 29576 7897 11174 975 13939 18777 5936 27178 3664 1173 4378 2209 166209 4714 5964 10976 2145 611 1045 922 81018 85514 137605 68722 7713
leaf_count=62672 3282 36252 43701 32869 191941 29576 7897 11174 975 13939 18777 5936 27178 3664 1173 4378 2209 166209 4714 5964 10976 2145 611 1045 922 81018 85514 137605 68722 7713
internal_value=1.90365e-06 -0.0399966 -0.0289997 0.00337327 -0.0181962 0.0108666 0.0492967 0.0659086 0.0343873 0.0809507 0.14297 0.287544 0.0536506 0.092962 0.222647 0.321882 0.00109084 -0.0279223 -0.182925 -0.0897275 -0.0648763 -0.00953356 0.0788866 0.241129 -0.0239883 0.0142013 0.0406943 -0.00450099 0.0331446 0.233389
internal_weight=1.07075e+06 83235 79953 987516 254613 732903 148616 129743 92079 59210 37664 6911 52299 38360 11182 7518 584287 181852 15643 10929 18873 8720 6575 6345 1967 402435 166532 235903 98298 18887
internal_count=1070751 83235 79953 987516 254613 732903 148616 129743 92079 59210 37664 6911 52299 38360 11182 7518 584287 181852 15643 10929 18873 8720 6575 6345 1967 402435 166532 235903 98298 18887
cat_boundaries=0 1 2 3 4 5 6 7 8 9
cat_threshold=3852035 4359426 4359424 32768 270464 262272 1598179 19202288 34048
is_linear=0
shrinkage=0.05


Tree=94
num_leaves=31
num_cat=10
split_feature=6 0 4 0 5 5 3 0 5 0 5 0 3 0 0 5 4 0 4 4 1 3 0 3 0 4 1 5 3 3
split_gain=56415.9 142106 87839.9 123731 137540 143211 105613 101048 93825.5 92100.5 84054.3 63853.1 135826 149858 77512.1 77447.8 84072.3 103830 72671.3 84403.8 64369.5 63686.9 71370.9 60445.8 120586 61151.6 59736.4 58891.1 103333 88609.8
threshold=2.4850000000000008 0 62912.000000000007 1 6.6820833333333338 8.8791666666666682 2.5000000000000004 2 8.2068750000000019 3 8.0514583333333345 4 10.500000000000002 5 6 14.967500000000001 44330.500000000007 7 29639.000000000004 47228.000000000007 10.500000000000002 5.5000000000000009 8 4.5000000000000009 9 21998.500000000004 17.500000000000004 8.7275000000000009 1.5000000000000002 3.5000000000000004
decision_type=2 1 8 1 2 2 2 1 2 1 2 1 2 1 1 2 10 1 10 10 2 2 1 2 1 10 2 2 2 2
left_child=2 27 11 4 7 8 -7 -4 10 -8 -6 12 20 -14 18 16 26 -18 -15 -20 -1 22 23 25 -25 -22 -13 28 -2 -29
right_child=1 -3 3 -5 5 6 9 -9 -10 -11 -12 15 13 14 -16 -17 17 -19 19 -21 21 -23 -24 24 -26 -27 -28 29 -30 -31
leaf_value=-0.031504782753707834 -0.33045359494842835 0.0058061498535014718 -0.1699123034645075 -0.00053877962713902536 0.28801454707066565 -0.34342776643928735 0.20129011914624637 0.059419996935894059 0.59934779841515584 0.047941694453053733 -0.38348426875940228 0.0026235145194178763 -0.59590496350888644 -0.12771199248747631 -0.13233975760433178 -0.031672751328469854 0.13209666786653262 0.0011241587578003614 0.23256693600567285 -0.10016277922177606 -0.099798482418718595 0.071707927179826256 -0.13260937409210818 0.13825294035954303 -0.39151493193061421 0.12371332890257543 -0.088249890905731432 0.1132810621459123 -0.084183750693910889 -0.066186641449635347
leaf_weight=26480 5290 184400 7053 83301 4346 1297 17409 15004 2375 22409 522 130800 1321 4461 14431 233576 27273 33988 5694 2865 3880 108045 8528 2102 2181 14483 20986 7830 21865 56556
leaf_count=26480 5290 184400 7053 83301 4346 1297 17409 15004 2375 22409 522 130800 1321 4461 14431 233576 27273 33988 5694 2865 3880 108045 8528 2102 2181 14483 20986 7830 21865 56556
internal_value=1.89078e-06 -0.0194764 0.00676432 0.0407101 0.0894949 0.136702 0.100587 -0.013962 0.341707 0.11505 0.216009 -0.0013749 0.0225379 -0.0777395 -0.0525681 -0.0117874 0.0100135 0.059454 0.0358823 0.121191 0.0399515 0.0535427 -0.0094154 0.037019 -0.132108 0.0764865 -0.00994068 -0.0703983 -0.132159 -0.0443615
internal_weight=1.07075e+06 275941 794810 153716 70415 48358 41115 22057 7243 39818 4868 641094 194471 28772 27451 446623 213047 61261 13020 8559 165699 139219 31174 22646 4283 18363 151786 91541 27155 64386
internal_count=1070751 275941 794810 153716 70415 48358 41115 22057 7243 39818 4868 641094 194471 28772 27451 446623 213047 61261 13020 8559 165699 139219 31174 22646 4283 18363 151786 91541 27155 64386
cat_boundaries=0 1 2 3 4 5 6 7 8 9 10
cat_threshold=33564514 35545922 33693952 33693954 35693872 8192 1072 21498371 33555728 33554448
is_linear=0
shrinkage=0.05


Tree=95
num_leaves=31
num_cat=13
split_feature=4 0 3 3 0 0 1 4 2 0 3 0 4 0 3 0 3 0 1 0 3 0 0 4 0 5 6 0 3 1
split_gain=53992.5 96551.2 59160.3 122633 267842 128005 125163 123654 120893 150190 99696.3 160537 100349 96056.2 109859 100034 98632.8 192696 121337 163188 82251.8 155436 118200 91643.5 76827.2 75492.8 90145 73148.1 72133.3 74717.6
threshold=5494.5000000000009 0 1.5000000000000002 4.5000000000000009 1 2 18.500000000000004 29639.000000000004 4.5000000000000009 3 7.5000000000000009 4 26148.000000000004 5 10.500000000000002 6 11.500000000000002 7 15.500000000000002 8 3.5000000000000004 9 10 61959.500000000007 11 14.578125000000002 3.6750000000000003 12 3.5000000000000004 21.500000000000004
decision_type=8 1 2 2 1 1 2 10 2 1 2 1 10 1 2 1 2 1 2 1 2 1 1 10 1 2 2 1 2 2
left_child=1 -1 24 4 6 10 7 8 9 -4 11 12 25 16 -15 -16 -12 18 19 -18 21 23 -22 -9 -2 26 -5 -27 -8 -30
right_child=2 -3 3 5 -6 -7 28 20 -10 -11 13 -13 -14 14 15 -17 17 -19 -20 -21 22 -23 -24 -25 -26 27 -28 -29 29 -31
leaf_value=0.029757092035999397 -0.11909153285040373 -0.11107745292289291 0.14850809274969598 0.081292081085290999 -0.014312330263146345 -0.019560591318421611 -0.19112933529852622 0.32013361265330109 0.21128038375023572 -0.066428260075221318 0.053147525487887919 -0.095941379660234458 -0.011072298782649535 0.046261896487643811 0.017715347790281867 -0.16092864227852458 0.76948374019631971 -0.015409034801253703 0.10925038653780131 0.25786722681973739 0.32177394864439957 0.11288472952831344 -0.038088145338039038 0.88806667709375431 -0.0081847648077346472 0.2878032545784176 -0.52548904407414654 0.051442371944639409 0.10544431891756773 -0.66071034569890197
leaf_weight=21254 21819 28459 13557 2256 104724 463518 5206 13422 10893 20263 84196 39383 33222 57951 15977 15372 2452 7597 4506 4351 3269 13559 7502 750 54874 7938 840 5593 5711 337
leaf_count=21254 21819 28459 13557 2256 104724 463518 5206 13422 10893 20263 84196 39383 33222 57951 15977 15372 2452 7597 4506 4351 3269 13559 7502 750 54874 7938 840 5593 5711 337
internal_value=1.40547e-06 -0.0508822 0.00247886 0.00590873 0.040758 -0.00340713 0.101797 0.122973 0.0664144 0.0197549 0.0231784 -0.0205037 0.0391069 0.0434384 0.00547233 -0.0699285 0.0763141 0.179525 0.310214 0.443779 0.188655 0.234201 0.0713934 0.349942 -0.0397541 0.139392 -0.0833385 0.190355 -0.0546904 0.0627535
internal_weight=1.07075e+06 49713 1.02104e+06 944345 199193 745152 94469 83215 44713 33820 281634 89232 49849 192402 89300 31349 103102 18906 11309 6803 38502 27731 10771 14172 76693 16627 3096 13531 11254 6048
internal_count=1070751 49713 1021038 944345 199193 745152 94469 83215 44713 33820 281634 89232 49849 192402 89300 31349 103102 18906 11309 6803 38502 27731 10771 14172 76693 16627 3096 13531 11254 6048
cat_boundaries=0 1 2 3 4 5 6 7 8 9 10 11 12 13
cat_threshold=3011084 39724354 50366897 1974272 33554737 16812192 17 16779392 128 4719874 34734080 35692657 33554720
is_linear=0
shrinkage=0.05


Tree=96
num_leaves=31
num_cat=6
split_feature=2 2 0 1 1 3 3 0 0 3 4 1 3 5 4 4 4 2 2 5 0 4 5 0 3 4 3 1 3 0
split_gain=51433.7 110083 257344 175349 214047 179373 199504 146486 138902 198569 187220 157903 136209 417713 323257 271674 233078 142122 108950 124536 220329 103147 113210 102282 223622 97663.3 92965 99739.3 92818.2 91045.7
threshold=5.5000000000000009 4.5000000000000009 0 20.500000000000004 10.500000000000002 8.5000000000000018 4.5000000000000009 1 2 6.5000000000000009 22887.000000000004 17.500000000000004 8.5000000000000018 12.121250000000002 29639.000000000004 38917.500000000007 41956.500000000007 3.5000000000000004 1.0000000180025095e-35 6.5177083333333341 3 28967.500000000004 6.4268749999999999 4 8.5000000000000018 14238.000000000002 8.5000000000000018 19.500000000000004 10.500000000000002 5
decision_type=2 2 1 2 2 2 2 1 1 2 10 2 2 2 10 10 10 2 2 2 1 10 2 1 2 10 2 2 2 1
left_child=1 8 3 4 -3 6 7 -6 9 25 -11 12 15 14 28 -12 17 -16 -10 20 21 -20 -23 24 29 -1 -13 -28 -14 -21
right_child=-2 2 -4 -5 5 -7 -8 -9 18 10 11 26 13 -15 16 -17 -18 -19 19 23 -22 22 -24 -25 -26 -27 27 -29 -30 -31
leaf_value=0.080642423579659839 -0.026587528469519995 -0.075471922649571171 -0.01988525562499709 -0.18700632481140617 0.40174900393231294 0.26857677831973609 -0.0062385409440693087 0.099974177227272878 0.031188288111734571 -0.21797085741694677 -0.91327553734208478 0.028620560495119518 -0.40932536839761524 0.82237976803352453 -0.51570554982999273 0.15115892297438677 0.13757893417819139 -1.8713554906434027 -0.19897338662332109 0.27512836471964536 0.0029550285829980324 -0.033910838560384189 -0.80656062551609287 -0.02082392887366739 -0.056239817350112867 0.36075306462659995 -0.96884857112961709 0.061076658704642496 0.82129433942003804 0.066859254490489628
leaf_weight=5172 155466 11170 81652 4762 6846 24226 21446 9781 142263 6677 740 1176 176 2585 1160 3156 1644 232 30900 5630 54506 19340 486 347138 46357 7812 692 356 1184 76020
leaf_count=5172 155466 11170 81652 4762 6846 24226 21446 9781 142263 6677 740 1176 176 2585 1160 3156 1644 232 30900 5630 54506 19340 486 347138 46357 7812 692 356 1184 76020
internal_value=1.96479e-06 0.00451833 0.0422094 0.107008 0.12608 0.162217 0.0945407 0.224529 -0.0034591 0.0972207 -0.0024861 0.107337 0.185829 0.31801 0.0214236 -0.0510181 -0.265545 -0.741647 -0.00802481 -0.0176369 -0.0668523 -0.141834 -0.052851 -0.00673702 0.031464 0.249175 -0.276548 -0.618988 0.662038 0.0812619
internal_weight=1.07075e+06 915285 159883 78231 73469 62299 38073 16627 755402 32762 19778 13101 10877 6981 4396 3896 3036 1392 722640 580377 105232 50726 19826 475145 128007 12984 2224 1048 1360 81650
internal_count=1070751 915285 159883 78231 73469 62299 38073 16627 755402 32762 19778 13101 10877 6981 4396 3896 3036 1392 722640 580377 105232 50726 19826 475145 128007 12984 2224 1048 1360 81650
cat_boundaries=0 1 2 3 4 5 6
cat_threshold=4755299 525570 1048576 34121571 36053280 8192
is_linear=0
shrinkage=0.05


Tree=97
num_leaves=31
num_cat=10
split_feature=6 0 6 0 5 3 4 6 0 5 2 2 0 1 1 5 0 0 4 0 2 1 3 3 5 0 0 1 5 0
split_gain=51362.8 147173 72398.8 73402.3 65797.9 181986 76277.5 98652.8 65815.1 60947.4 59014.5 97904.2 271716 171513 186962 165348 119996 118859 190677 109548 117612 100001 89977.6 89629.3 88504.2 102965 99630.4 126576 73131.8 101795
threshold=6.1650000000000009 0 6.1300000000000017 1 8.7275000000000009 4.5000000000000009 28399.500000000004 6.5550000000000006 2 9.7266666666666683 5.5000000000000009 4.5000000000000009 3 10.500000000000002 19.500000000000004 17.378541666666671 4 5 47938.000000000007 6 1.0000000180025095e-35 17.500000000000004 8.5000000000000018 9.5000000000000018 10.975833333333336 7 8 17.500000000000004 6.5177083333333341 9
decision_type=2 1 2 1 2 2 10 2 1 2 2 2 1 2 2 2 1 1 8 1 2 2 2 2 2 1 1 2 2 1
left_child=2 4 10 -4 6 8 -2 -8 -6 -7 11 19 13 -13 15 16 -15 18 23 -1 -21 -20 -17 -14 26 -26 27 -12 29 -22
right_child=1 -3 3 -5 5 9 7 -9 -10 -11 24 12 17 14 -16 22 -18 -19 21 20 28 -23 -24 -25 25 -27 -28 -29 -30 -31
leaf_value=0.035439160264111209 -0.28245310050969469 0.015356320002193891 -0.13401827501026806 0.50797201326295915 0.35139289644535193 0.11279425352945432 -0.7409971147715686 -0.011245409018138043 0.027420027597355928 -0.12714172159573492 0.17778355454674988 -0.074049454888790847 -0.3791749556663418 0.33040862054508169 -0.069789159647889218 0.0076121814109713776 0.14910772624022908 -0.0055780916603811294 0.066315125902097885 0.038194418241330401 -0.24951655212038604 -0.659008952425574 0.31498409899387347 -1.0665324778598204 -0.12057753012476445 -0.006419604477454534 -0.031254218691200868 -0.11886261978508272 -0.013105384957825608 -0.04918559694551574
leaf_weight=167223 8328 76166 656 1374 3117 2910 497 6795 3161 29251 15624 10605 1293 18100 8879 15501 18530 62079 3378 96484 6995 553 2813 749 37862 41299 33061 4671 325631 67166
leaf_count=167223 8328 76166 656 1374 3117 2910 497 6795 3161 29251 15624 10605 1293 18100 8879 15501 18530 62079 3378 96484 6995 553 2813 749 37862 41299 33061 4671 325631 67166
internal_value=2.24284e-06 -0.0294276 0.00407709 0.302353 -0.0925113 -0.0573646 -0.179063 -0.060983 0.188875 -0.105432 0.00343191 0.00851593 0.0461215 0.112137 0.143092 0.177494 0.238825 -0.0260919 -0.238931 0.000440502 -0.011353 -0.0357211 0.054824 -0.631296 -0.0274895 -0.0610364 0.0222819 0.109455 -0.0233108 -0.0681215
internal_weight=1.07075e+06 130225 940526 2030 54059 38439 15620 7292 6278 32161 938496 805979 142480 74428 63823 54944 36630 68052 5973 663499 496276 3931 18314 2042 132517 79161 53356 20295 399792 74161
internal_count=1070751 130225 940526 2030 54059 38439 15620 7292 6278 32161 938496 805979 142480 74428 63823 54944 36630 68052 5973 663499 496276 3931 18314 2042 132517 79161 53356 20295 399792 74161
cat_boundaries=0 1 2 3 4 5 6 7 8 9 10
cat_threshold=34121570 3240204 533762 4771683 558850 1048576 36970656 22941314 21499712 33024
is_linear=0
shrinkage=0.05


Tree=98
num_leaves=31
num_cat=10
split_feature=1 0 6 0 4 5 4 0 5 5 3 5 5 1 0 0 0 5 0 5 0 3 0 4 4 1 5 5 0 1
split_gain=48577.3 50857.9 50804.5 116794 127516 84594.9 84279.9 114617 167239 113982 104236 89793.6 83844 76771 69956.4 67537.5 65732.3 58178.8 57441.1 62919 56182 135620 134661 78317 90859.5 75179.9 74194.8 72332.4 67049.4 63797.7
threshold=21.500000000000004 0 2.4850000000000008 1 17489.500000000004 14.298333333333337 62912.000000000007 2 6.6820833333333338 8.8791666666666682 2.5000000000000004 8.2068750000000019 8.0514583333333345 17.500000000000004 3 4 5 0.73062500000000019 6 11.674583333333336 7 10.500000000000002 8 62585.000000000007 29639.000000000004 10.500000000000002 14.967500000000001 12.866041666666669 9 16.500000000000004
decision_type=2 1 2 1 10 2 8 1 2 2 2 2 2 2 1 1 1 2 1 2 1 2 1 10 10 2 2 2 1 2
left_child=2 -2 6 4 -4 13 20 8 15 11 -11 12 -10 16 -12 17 -6 -8 19 -5 21 25 -23 24 -24 -1 29 28 -26 -22
right_child=1 -3 3 18 5 -7 7 -9 9 10 14 -13 -14 -15 -16 -17 -18 -19 -20 -21 26 22 23 -25 27 -27 -28 -29 -30 -31
leaf_value=-0.035110670426417905 0.47314495631048636 -0.11194734784340082 -0.059908475387677185 -0.15070990549946101 0.024491379590141762 -0.027834165195174211 -0.37471057182560674 0.0041701409240082823 0.28253548299076786 -0.35206411673406246 0.21796814028151745 0.60185104321418326 -0.43813864589069368 -0.054066366866782671 0.073591129822842771 0.040044487671664547 0.18845310918767111 -0.058956119871155635 -0.024218985694114147 -0.023231790867610427 0.027350427964306291 -0.56360262633881386 -0.15022207722229231 -0.7560680934977837 0.093396866503812792 0.046812387993661726 -0.033171870842713523 0.65047089169625527 -0.080094623968815601 -0.04161305898600106
leaf_weight=33276 373 12864 23898 21016 8181 13475 2073 87905 3990 1166 13520 2174 449 5542 22186 13087 24334 4924 158709 17944 139251 1321 12794 390 10775 176780 202234 441 11505 44174
leaf_count=33276 373 12864 23898 21016 8181 13475 2073 87905 3990 1166 13520 2174 449 5542 22186 13087 24334 4924 158709 17944 139251 1321 12794 390 10775 176780 202234 441 11505 44174
internal_value=2.51387e-06 -0.0951874 0.00119401 -0.0173794 0.0355503 0.0798263 0.00766045 0.0411625 0.0923015 0.147431 0.113149 0.338578 0.20964 0.117946 0.128341 -0.0270171 0.147265 -0.152287 -0.0375771 -0.0919731 -0.000357189 0.0182458 -0.0697123 -0.05137 -0.043646 0.0338346 -0.0122855 0.0163661 0.00381488 0.010742
internal_weight=1.07075e+06 13237 1.05751e+06 273099 75430 51532 784415 151474 63569 43485 36872 6613 4439 38057 35706 20084 32515 6997 197669 38960 632941 247282 37226 35905 35515 210056 385659 22721 22280 183425
internal_count=1070751 13237 1057514 273099 75430 51532 784415 151474 63569 43485 36872 6613 4439 38057 35706 20084 32515 6997 197669 38960 632941 247282 37226 35905 35515 210056 385659 22721 22280 183425
cat_boundaries=0 1 2 3 4 5 6 7 8 9 10
cat_threshold=1310848 22218880 35283778 33562882 33693952 196608 33562658 35693937 8192 1073
is_linear=0
shrinkage=0.05


Tree=99
num_leaves=31
num_cat=12
split_feature=3 3 0 1 4 2 0 0 5 0 3 1 4 3 0 0 5 0 0 1 2 1 0 0 4 0 0 3 4 5
split_gain=46849.6 116509 229957 105675 100802 93322 123265 91760 73395 68283.6 64939.5 65271.1 60357.4 62998.4 127165 98672.5 58791.5 52471.7 52320 49774.6 63137.6 48224.5 77745 54877.8 51943.4 61048.6 58209 117349 158842 87150.4
threshold=1.5000000000000002 4.5000000000000009 0 18.500000000000004 30165.500000000004 4.5000000000000009 1 2 11.342708333333336 3 3.5000000000000004 21.500000000000004 61959.500000000007 3.5000000000000004 4 5 4.4695833333333344 6 7 13.500000000000002 5.5000000000000009 9.5000000000000018 8 9 1716.0000000000002 10 11 7.5000000000000009 26148.000000000004 14.578125000000002
decision_type=2 2 1 2 10 2 1 1 2 1 2 2 10 2 1 1 2 1 1 2 2 2 1 1 8 1 1 2 10 2
left_child=9 2 3 4 5 6 8 19 -2 -1 -5 -12 13 14 -6 -15 18 -7 -8 -3 -21 22 -9 -24 25 -23 27 28 29 -26
right_child=1 7 -4 10 12 17 16 21 -10 -11 11 -13 -14 15 -16 -17 -18 -19 -20 20 -22 24 23 -25 26 -27 -28 -29 -30 -31
leaf_value=-0.15446601999311771 0.26555244095604164 -0.060820159960549985 -0.01729074127779507 -0.18135033618678303 0.30087429461128035 0.28394589930734954 0.0098274500901886531 -0.25471553835726918 -0.098641243064776063 -0.01858993578274638 0.093946641642154993 -0.62112450847617773 0.38519458233295212 0.24650797980325079 0.087962184338303398 -0.071352542598781404 0.014461332211613873 0.069419139316323555 -0.25348044424226085 0.0013017748520169385 -0.096397697326486828 0.054555405341094335 0.20364801083610973 -0.046502807203940802 -0.15015390431858705 -0.12303154698649309 -0.00061189795703712503 0.062575474029605505 -0.088178721381615699 0.12152572472104253
leaf_weight=10746 6547 92624 98366 5272 13223 6066 3172 4222 1754 65947 6017 337 2907 3832 14981 6691 19955 5411 4662 112807 19377 7108 2398 24508 3483 15135 335475 122039 36332 19357
leaf_count=10746 6547 92624 98366 5272 13223 6066 3172 4222 1754 65947 6017 337 2907 3832 14981 6691 19955 5411 4662 112807 19377 7108 2398 24508 3483 15135 335475 122039 36332 19357
internal_value=2.54483e-06 0.00290757 0.0371018 0.0901595 0.108648 0.0589215 0.0194276 -0.0056615 0.188371 -0.0376511 -0.0516189 0.0560211 0.165461 0.148967 0.187921 0.0445643 -0.0310951 0.183112 -0.147178 -0.0327129 -0.0130201 0.00500701 -0.055504 -0.0241407 0.00850215 -0.0663124 0.0117229 0.0345563 -0.0232259 0.0800958
internal_weight=1.07075e+06 994058 199193 100827 89201 47567 36090 794865 8301 76693 11626 6354 41634 38727 28204 10523 27789 11477 7834 224808 132184 570057 31128 26906 538929 22243 516686 181211 59172 22840
internal_count=1070751 994058 199193 100827 89201 47567 36090 794865 8301 76693 11626 6354 41634 38727 28204 10523 27789 11477 7834 224808 132184 570057 31128 26906 538929 22243 516686 181211 59172 22840
cat_boundaries=0 1 2 3 4 5 6 7 8 9 10 11 12
cat_threshold=39740738 1441792 1971202 35692576 4719874 34750464 533826 541760 10496 2097280 2187276 16810416
is_linear=0
shrinkage=0.05


Tree=100
num_leaves=31
num_cat=15
split_feature=1 0 1 0 4 5 0 3 4 0 0 0 0 3 0 0 0 5 0 1 4 2 5 0 0 0 2 0 4 3
split_gain=45339.2 141836 108919 130321 83846.5 76783.4 75605.5 75169 109284 98518.6 83721.2 77050.3 73590.8 72468.8 299239 115866 72232.2 60831.2 80705.8 89078.8 84354.3 55094 53177.4 123683 52365.6 49485 45702.2 44518.7 53655 69418.4
threshold=16.500000000000004 0 14.500000000000002 1 49345.000000000007 16.743750000000002 2 4.5000000000000009 28967.500000000004 3 4 5 6 11.500000000000002 7 8 9 14.414166666666668 10 19.500000000000004 51227.500000000007 4.5000000000000009 25.240416666666672 11 12 13 5.5000000000000009 14 21733.500000000004 1.5000000000000002
decision_type=2 1 2 1 10 2 1 2 10 1 1 1 1 2 1 1 1 2 1 2 10 2 2 1 1 1 2 1 8 2
left_child=2 16 6 4 24 12 13 8 11 -10 -9 27 -6 22 -15 -16 -2 18 19 20 -18 -13 -1 -24 -4 -7 -3 28 -8 -30
right_child=1 26 3 -5 5 25 7 10 9 -11 -12 21 -14 14 15 -17 17 -19 -20 -21 -22 -23 23 -25 -26 -27 -28 -29 29 -31
leaf_value=0.018952432050956841 -0.42402984127678051 0.019174094255491589 -0.020362103447591436 -0.0035064352977389589 0.39262542325055527 -0.069967670025189152 0.5125645283668141 -0.054892108176553191 -0.018399504551398042 0.11911588838391794 -0.0044564003994893688 -0.09950627906098497 0.14308230372420197 0.69416781640633873 0.073841068244515404 -0.64554180005266348 -0.20508911352237044 -0.019798277268468879 -0.0658216950538595 0.22331146693644685 -0.61715673357658007 0.058827500081730155 1.0813654050695451 0.072965714792141464 0.07532680051785838 0.1480558224355655 -0.047347031782195695 0.010816245192196271 -0.27818528077362153 0.22751322807208296
leaf_weight=72228 1341 172313 18633 96332 5080 4192 955 137375 19932 37581 205162 30567 7144 2080 4100 638 7084 56858 46065 991 1506 6698 381 1393 61444 6840 30371 32063 936 2468
leaf_count=72228 1341 172313 18633 96332 5080 4192 955 137375 19932 37581 205162 30567 7144 2080 4100 638 7084 56858 46065 991 1506 6698 381 1393 61444 6840 30371 32063 936 2468
internal_value=2.56542e-06 -0.0158795 0.00666787 0.038334 0.0773325 0.160916 -0.00473333 -0.0123589 0.0198225 0.0714754 -0.0246855 -0.0204928 0.247225 0.0399612 0.19595 -0.0241837 -0.0605356 -0.0561656 -0.0933351 -0.225314 -0.277333 -0.0710284 0.025595 0.296046 0.053068 0.0652808 0.00920584 0.0312234 0.180961 0.088461
internal_weight=1.07075e+06 316529 754222 199665 103333 23256 554557 473737 131200 57513 342537 73687 12224 80820 6818 4738 113845 112504 55646 9581 8590 37265 74002 1774 80077 11032 202684 36422 4359 3404
internal_count=1070751 316529 754222 199665 103333 23256 554557 473737 131200 57513 342537 73687 12224 80820 6818 4738 113845 112504 55646 9581 8590 37265 74002 1774 80077 11032 202684 36422 4359 3404
cat_boundaries=0 1 2 3 4 5 6 7 8 9 10 11 12 13 14 15
cat_threshold=4006563 5957570 270496 2215964 39453954 3887182 5243650 128 262176 8192 2359424 8192 16898 4752640 1048576
is_linear=0
shrinkage=0.05


Tree=101
num_leaves=31
num_cat=10
split_feature=6 0 3 1 0 5 3 0 1 0 1 1 4 5 4 0 0 0 5 0 3 5 3 5 1 0 4 4 0 5
split_gain=44121.1 119402 141287 105976 100323 172471 124391 106829 112917 85217.9 136910 84039.9 82361.2 81689.7 81182.2 141939 79233.1 76431.1 75370.5 130174 96092 74289.2 83635 73355.2 69480.7 124824 96711.8 69134.9 75670 67600.3
threshold=1.1250000000000002 0 10.500000000000002 17.500000000000004 1 6.8295833333333347 8.5000000000000018 2 16.500000000000004 3 15.500000000000002 10.500000000000002 60022.500000000007 23.883750000000003 42847.000000000007 4 5 6 11.577708333333335 7 9.5000000000000018 8.8791666666666682 2.5000000000000004 7.8862500000000013 13.500000000000002 8 27889.500000000004 35425.500000000007 9 7.2612500000000013
decision_type=2 1 2 2 1 2 2 1 2 1 2 2 8 2 10 1 1 1 2 1 2 2 2 2 2 1 8 8 1 2
left_child=4 2 -2 9 5 16 7 8 13 10 -4 -9 -13 23 -8 -16 -1 -17 19 20 27 -14 -23 -7 25 26 -20 -6 -29 -3
right_child=1 29 3 -5 18 6 14 11 -10 -11 -12 12 21 -15 15 17 -18 -19 24 -21 -22 22 -24 -25 -26 -27 -28 28 -30 -31
leaf_value=-0.37887784951266612 0.0019291419066702912 -0.078880493417079423 0.62777197731799894 -0.089359014408698464 -0.071306360296719107 1.742196200174444 -0.041181872625087546 -0.042269649548408707 -0.49750078917255902 0.15127655031319509 -0.17604960979988976 0.071288831618313911 0.46444312553138528 0.87005139462493686 0.47098097086217666 -0.52197809306407972 -0.041168666409008604 0.065145732285530361 -0.015093348869413282 -0.013214760608083291 0.12900435826556189 -0.4042403643349311 0.17726846926197182 0.26193100915735984 0.0010742467954374254 -0.015150260465009774 -0.18115141228092482 0.23187622808520636 0.027631591248159365 -0.017633839170088501
leaf_weight=1827 68998 56145 2337 3773 14150 85 32912 11249 422 14054 685 52007 2199 668 2240 590 32056 7273 13607 117711 36683 641 17478 5445 193852 95262 24655 5392 28308 228047
leaf_count=1827 68998 56145 2337 3773 14150 85 32912 11249 422 14054 685 52007 2199 668 2240 590 32056 7273 13607 117711 36683 641 17478 5445 193852 95262 24655 5392 28308 228047
internal_value=3.13968e-06 -0.013849 0.0363914 0.150459 0.00743985 0.0412177 0.0668398 0.100207 0.293446 0.203447 0.444099 0.084855 0.104639 0.347773 -0.00312452 0.120853 -0.0595022 0.0204839 -0.00321757 0.0207803 0.0681115 0.190003 0.156696 0.284684 -0.0180429 -0.0457975 -0.122065 0.0214437 0.0603877 -0.0297327
internal_weight=1.07075e+06 374039 89847 20849 696712 167092 133209 90194 6620 17076 3022 83574 72325 6198 43015 10103 33883 7863 529620 202244 84533 20318 18119 5530 327376 133524 38262 47850 33700 284192
internal_count=1070751 374039 89847 20849 696712 167092 133209 90194 6620 17076 3022 83574 72325 6198 43015 10103 33883 7863 529620 202244 84533 20318 18119 5530 327376 133524 38262 47850 33700 284192
cat_boundaries=0 1 2 3 4 5 6 7 8 9 10
cat_threshold=22087808 33562978 8192 128 256 8192 8192 21499520 4850816 524288
is_linear=0
shrinkage=0.05


Tree=102
num_leaves=31
num_cat=9
split_feature=1 4 0 1 0 0 4 0 2 5 3 4 5 2 0 3 4 0 3 5 2 0 2 0 0 3 2 4 2 5
split_gain=45520.3 89548.7 59570 46400.3 206548 94052.1 61054 112479 73637.4 58410.6 58373.8 56319.3 55244.1 50057.3 64958.3 55142.1 80921.3 56861.1 50725.9 47264.6 58136.5 79017.3 47098.2 44565.3 41703.1 146548 74074.9 77761.7 65748.9 55070.1
threshold=19.500000000000004 17489.500000000004 0 9.5000000000000018 1 2 66692.500000000015 3 3.5000000000000004 22.50854166666667 2.5000000000000004 48918.500000000007 0.21958333333333338 1.0000000180025095e-35 4 9.5000000000000018 31859.000000000004 5 10.500000000000002 -0.6433333333333332 3.5000000000000004 6 1.0000000180025095e-35 7 8 10.500000000000002 4.5000000000000009 12055.500000000002 4.5000000000000009 6.4268749999999999
decision_type=2 8 1 2 1 1 10 1 2 2 2 10 2 2 1 2 10 1 2 2 2 1 2 1 1 2 2 10 2 2
left_child=3 -2 -3 4 22 11 13 8 12 10 -10 -6 -8 14 15 -5 18 -18 -17 20 -15 -22 -1 -7 25 26 27 29 -27 -21
right_child=1 2 -4 6 5 23 7 -9 9 -11 -12 -13 -14 19 -16 16 17 -19 -20 24 21 -23 -24 -25 -26 28 -28 -29 -30 -31
leaf_value=-0.1053996562410523 -0.28132409294234201 0.029722194275571941 -0.058982209371112648 0.042895843935000927 -0.21724783615040325 -0.013169281102004904 0.77426455586749532 0.011779052944490984 -0.0056733967999129421 -0.29071669488845925 0.5530919931399717 -0.69893792675183208 0.047046208636818417 -0.055379283782276391 0.00064023731487863563 0.19291642812767731 -0.43226514021954404 0.30645066495388151 -0.062156097191897665 -0.48228820969512126 -0.84382013797858202 -0.10920266536549511 0.28105433576350203 -0.11032049614851165 -0.0025631920561791097 -0.30067534986842048 0.20720944437524841 0.10774443407746773 0.053955642353743317 -0.046999164018530784
leaf_weight=919 3547 30922 48766 41970 2758 27155 280 17530 560 280 2827 778 3880 6049 71109 3378 264 6752 4608 842 597 950 5548 20886 732807 3772 10144 13571 2000 5302
leaf_count=919 3547 30922 48766 41970 2758 27155 280 17530 560 280 2827 778 3880 6049 71109 3378 264 6752 4608 842 597 950 5548 20886 732807 3772 10144 13571 2000 5302
internal_value=2.97174e-06 -0.0355068 -0.0245652 0.00299599 -0.0403748 -0.0737772 0.00570443 0.0822239 0.239677 0.403331 0.460707 -0.322319 0.0959936 0.00355835 0.0325178 0.0722925 0.154582 0.278475 0.0457371 -0.00122128 -0.125332 -0.398858 0.225788 -0.0554203 5.55573e-06 0.0528217 0.0974197 0.0409294 -0.177796 -0.106653
internal_weight=1.07075e+06 83235 79688 987516 58044 51577 929472 25357 7827 3667 3387 3536 4160 904115 128081 56972 15002 7016 7986 776034 7596 1547 6467 48041 768438 35631 29859 19715 5772 6144
internal_count=1070751 83235 79688 987516 58044 51577 929472 25357 7827 3667 3387 3536 4160 904115 128081 56972 15002 7016 7986 776034 7596 1547 6467 48041 768438 35631 29859 19715 5772 6144
cat_boundaries=0 1 2 3 4 5 6 7 8 9
cat_threshold=54792348 3145856 270592 4720387 21540194 8192 38274402 37834813 256
is_linear=0
shrinkage=0.05


Tree=103
num_leaves=31
num_cat=9
split_feature=1 0 4 0 6 0 5 0 5 1 4 2 5 4 3 0 5 5 0 4 1 2 4 0 1 0 1 5 0 4
split_gain=42582.4 45777.6 43945.5 82911.9 49262.4 116320 202574 109279 109388 98907.6 111494 102968 96793.5 94078.5 75031.1 70542.4 70411.2 66109.9 71417 108542 110093 91048.8 69215.3 87591.2 118046 70826.2 68145.1 60971 138074 55449
threshold=21.500000000000004 0 5494.5000000000009 1 1.1250000000000002 2 6.8295833333333347 3 14.298333333333337 10.500000000000002 62361.500000000007 2.5000000000000004 12.036458333333334 49851.500000000007 10.500000000000002 4 15.546875000000002 19.267291666666669 5 44330.500000000007 11.500000000000002 4.5000000000000009 27662.000000000004 6 17.500000000000004 7 10.500000000000002 7.2612500000000013 8 46394.000000000007
decision_type=2 1 8 1 2 1 2 1 2 2 8 2 2 8 2 1 2 2 1 10 2 2 8 1 2 1 2 2 1 8
left_child=2 -2 3 -1 5 6 15 8 13 -8 14 16 -13 -6 -11 -4 -12 18 26 21 -21 -20 25 24 -24 -19 -7 28 29 -9
right_child=1 -3 4 -5 7 17 9 27 -10 10 11 12 -14 -15 -16 -17 -18 22 19 20 -22 -23 23 -25 -26 -27 -28 -29 -30 -31
leaf_value=0.18903792843536582 0.052254027767102418 -0.15019180135925189 -0.3590490582158255 -0.062593020247596706 0.11288337262809139 0.068482157384735898 -0.030739180819384617 -0.11642271607030835 -0.040332928780603454 0.081375023552225326 -0.10504180423035442 0.50143946861030864 0.19911247290160022 -0.014011676562516593 -0.10094038195742572 -0.041069611344311863 0.19715863870721229 -0.050013032581582219 -0.016404233238786304 -0.034648253269014523 0.11761945117002529 0.079619745904131276 -0.154296585143019 -0.0064382279976156588 0.024840084140723515 0.10280495279483833 -0.03093160425045223 -0.016190435910728895 -0.022747001047254439 -0.30184871419429637
leaf_weight=3514 3998 9239 1827 46191 43841 20007 18736 9285 33563 87160 3750 3596 10037 21904 6034 34764 3966 13999 114216 15536 50320 31493 32570 47265 12815 16521 124540 205711 37227 7126
leaf_count=3514 3998 9239 1827 46191 43841 20007 18736 9285 33563 87160 3750 3596 10037 21904 6034 34764 3966 13999 114216 15536 50320 31493 32570 47265 12815 16521 124540 205711 37227 7126
internal_value=2.25262e-06 -0.0891206 0.00111781 -0.044778 0.00338139 0.0115982 0.0471486 -0.0114907 0.0331089 0.0757609 0.0931813 0.196248 0.278858 0.0706063 0.0695707 -0.0570558 0.0502883 -0.00100271 0.00991838 0.0284256 0.0816982 0.00435003 -0.0325781 -0.0540905 -0.103692 0.0327273 -0.0171704 -0.0285687 -0.0760466 -0.196819
internal_weight=1.07075e+06 13237 1.05751e+06 49705 1.00781e+06 649152 169870 358657 99308 133279 114543 21349 13633 65745 93194 36591 7716 479282 356112 211565 65856 145709 123170 92650 45385 30520 144547 259349 53638 16411
internal_count=1070751 13237 1057514 49705 1007809 649152 169870 358657 99308 133279 114543 21349 13633 65745 93194 36591 7716 479282 356112 211565 65856 145709 123170 92650 45385 30520 144547 259349 53638 16411
cat_boundaries=0 1 2 3 4 5 6 7 8 9
cat_threshold=34936968 2105344 33595746 22218880 8192 3477644 21892608 5394445 33595682
is_linear=0
shrinkage=0.05


Tree=104
num_leaves=31
num_cat=13
split_feature=1 0 1 0 5 0 3 4 0 0 0 2 3 0 0 0 1 4 0 1 3 3 0 1 2 5 0 3 1 0
split_gain=43683.5 125358 93077.5 114465 78371.1 66294.7 67731.2 93110.6 85544.2 74615.4 68308.2 64683.5 62715.5 248260 99611.5 61826.8 97594 119859 60785 48545.7 83907.8 101773 66780.2 63746.3 47683 45574.2 102834 45495.2 47903.2 89765.1
threshold=16.500000000000004 0 14.500000000000002 1 11.182708333333336 2 4.5000000000000009 28967.500000000004 3 4 5 5.5000000000000009 11.500000000000002 6 7 8 20.500000000000004 57338.000000000007 9 17.500000000000004 3.5000000000000004 8.5000000000000018 10 19.500000000000004 4.5000000000000009 25.240416666666672 11 8.5000000000000018 19.500000000000004 12
decision_type=2 1 2 1 2 1 2 10 1 1 1 2 2 1 1 1 2 10 1 2 2 2 1 2 2 2 1 2 2 1
left_child=2 4 5 -4 15 12 7 10 -9 -8 -7 -3 25 -14 -15 -2 17 19 -6 22 -21 -22 -17 -23 -12 -1 -27 28 -20 -30
right_child=1 11 3 -5 18 6 9 8 -10 -11 24 -13 13 14 -16 16 -18 -19 27 20 21 23 -24 -25 -26 26 -28 -29 29 -31
leaf_value=0.01834316384017291 -0.077237609072234634 0.013998309807148286 0.092537808094930327 0.010547565673150528 -0.4080654603028484 0.030892954664289308 -0.051353202475040674 -0.01665866662874696 0.11148259120124533 -0.0037392495570166642 -0.091876425064930684 -0.059509318797553418 0.63676801586104781 0.073322061468793845 -0.59369035809096748 0.14210978045990938 0.32026329434987127 -0.74778837943951726 0.034377149246080978 -0.8102404242731146 0.20996183032180227 -0.59242378627237857 -0.22783962623234269 0.14342371022223302 0.055423828051731419 0.99095916990428945 0.071377501904125396 -0.10692284843376268 -0.034467705940931619 -0.4874605446687717
leaf_weight=72228 18371 199603 61525 138140 1043 36422 137375 19932 37581 205162 30567 35206 2080 4100 638 1726 761 1150 29110 783 905 1424 4116 371 6698 381 1393 12554 8152 1254
leaf_count=72228 18371 199603 61525 138140 1043 36422 137375 19932 37581 205162 30567 35206 2080 4100 638 1726 761 1150 29110 783 905 1424 4116 371 6698 381 1393 12554 8152 1254
internal_value=1.97756e-06 -0.0155873 0.00654445 0.0358173 -0.0689204 -0.00399507 -0.0111356 0.0194121 0.0670898 -0.0228365 -0.0178005 0.00297684 0.037857 0.18297 -0.0175564 -0.133891 -0.22625 -0.266169 -0.0320219 -0.206774 -0.354523 -0.222365 -0.118686 -0.440335 -0.0653832 0.0244926 0.274863 -0.0242574 0.00268053 -0.0954152
internal_weight=1.07075e+06 316529 754222 199665 81720 554557 473737 131200 57513 342537 73687 234809 80820 6818 4738 29607 11236 10475 52113 9325 3483 2700 5842 1795 37265 74002 1774 51070 38516 9406
internal_count=1070751 316529 754222 199665 81720 554557 473737 131200 57513 342537 73687 234809 80820 6818 4738 29607 11236 10475 52113 9325 3483 2700 5842 1795 37265 74002 1774 51070 38516 9406
cat_boundaries=0 1 2 3 4 5 6 7 8 9 10 11 12 13
cat_threshold=3482274 5416320 270496 2215964 39453954 3887182 128 262176 66082 8192 1048576 8192 66082
is_linear=0
shrinkage=0.05


Tree=105
num_leaves=31
num_cat=4
split_feature=1 0 4 6 0 6 0 5 3 6 4 2 5 2 3 0 4 3 3 6 4 2 6 5 4 2 4 3 4 4
split_gain=41454.5 60193.5 49888.5 41246.8 108213 64717.3 67316 62982.7 163391 61899.8 88416.5 57154.6 54519.4 54435.6 79371.5 53416.9 73008.2 89147.4 109435 59384.6 58932.9 114280 57201.8 51654.9 54956.6 52289.2 52822.7 51459.4 46687 57394.5
threshold=20.500000000000004 0 28181.500000000004 6.1650000000000009 1 6.1300000000000017 2 8.7275000000000009 4.5000000000000009 6.455000000000001 29316.500000000004 1.5000000000000002 9.7266666666666683 1.0000000180025095e-35 1.5000000000000002 3 20726.000000000004 11.500000000000002 3.5000000000000004 6.455000000000001 31758.000000000004 4.5000000000000009 13.575000000000001 9.7266666666666683 45631.500000000007 3.5000000000000004 39485.500000000007 5.5000000000000009 21102.000000000004 10441.500000000002
decision_type=2 1 8 2 1 2 1 2 2 2 10 2 2 2 2 1 8 2 2 2 8 2 2 2 10 2 10 2 8 10
left_child=3 -2 -3 5 7 -1 -7 9 13 -5 -11 -8 -10 -9 -15 16 27 18 19 -18 21 -20 -22 24 25 26 -19 -6 29 -14
right_child=1 2 -4 4 15 6 11 8 12 10 -12 -13 28 14 -16 -17 17 23 20 -21 22 -23 -24 -25 -26 -27 -28 -29 -30 -31
leaf_value=0.0050470449054812079 0.13302814445295924 -0.32434790948481995 -0.056749476770593214 -0.80815443356358818 0.7991536658061178 -0.11062520655242443 0.16009930145230164 -0.086155228489818145 0.12008913141914011 -0.2685692177582642 -0.0040973373868821179 0.82674489052623779 -0.17746769103337509 0.72884475833403339 0.1808269865239531 -0.00099024604123527948 -2.0983826525071088 0.41232266219711938 1.1446868122208151 0.022332198550264359 0.11861229019079211 -0.29188680122470301 0.74496221236821991 0.41128752708685501 0.12743829292732126 -1.4932668904463451 -1.2489086213689973 -0.32336063773841706 -0.17346519070226535 0.082973696323254451
leaf_weight=902911 4038 1835 34255 378 114 684 619 1253 2571 7635 5392 669 3703 825 3318 74521 34 113 727 1134 941 171 595 238 241 168 83 978 15673 4934
leaf_count=902911 4038 1835 34255 378 114 684 619 1253 2571 7635 5392 669 3703 825 3318 74521 34 113 727 1134 941 171 595 238 241 168 83 978 15673 4934
internal_value=1.99982e-06 -0.0498563 -0.0703361 0.00194327 -0.0248901 0.00567195 0.291795 -0.0862846 -0.0484684 -0.177404 -0.159102 0.502461 -0.0988706 0.202618 0.289954 0.0101518 0.159842 0.25012 0.358446 -0.0394009 0.54936 0.87113 0.361241 -0.212736 -0.45822 -0.845977 -0.291158 -0.206175 -0.122028 -0.0286871
internal_weight=1.07075e+06 40128 36090 1.03062e+06 125740 904883 1972 45682 32277 13405 13027 1288 26881 5396 4143 80058 5537 4445 3602 1168 2434 898 1536 843 605 364 196 1092 24310 8637
internal_count=1070751 40128 36090 1030623 125740 904883 1972 45682 32277 13405 13027 1288 26881 5396 4143 80058 5537 4445 3602 1168 2434 898 1536 843 605 364 196 1092 24310 8637
cat_boundaries=0 1 2 3 4
cat_threshold=34865280 34121058 3240716 1048576
is_linear=0
shrinkage=0.05


Tree=106
num_leaves=31
num_cat=5
split_feature=2 2 0 3 1 4 0 3 4 1 3 5 4 4 4 3 5 1 0 4 3 0 5 2 2 0 3 4 4 6
split_gain=41193.7 75545.4 200673 138574 154497 137566 110530 158236 161445 132910 117360 380348 285970 243564 207188 131969 128091 100781 91859.1 89918.6 95731 88082.6 85655.7 85012.8 84843.1 91270.7 124174 107585 115405 177410
threshold=5.5000000000000009 4.5000000000000009 0 8.5000000000000018 20.500000000000004 68228.500000000015 1 6.5000000000000009 22887.000000000004 17.500000000000004 8.5000000000000018 12.121250000000002 29639.000000000004 38917.500000000007 41956.500000000007 11.500000000000002 7.944583333333334 10.500000000000002 2 31859.000000000004 10.500000000000002 3 12.036458333333334 1.0000000180025095e-35 1.0000000180025095e-35 4 10.500000000000002 28399.500000000004 49851.500000000007 3.805000000000001
decision_type=2 2 1 2 2 8 1 2 10 2 2 2 10 10 10 2 2 2 1 10 2 1 2 2 2 1 2 10 10 2
left_child=1 6 3 5 17 -3 7 -1 -9 10 13 12 22 -10 15 19 -17 -5 -19 20 -14 -7 -12 -15 -8 26 -26 -28 29 -29
right_child=-2 2 -4 4 -6 21 24 8 9 -11 11 -13 14 23 -16 16 -18 18 -20 -21 -22 -23 -24 -25 25 -27 27 28 -30 -31
leaf_value=0.22289296153795127 -0.023793951485251694 -0.010139877256633676 -0.029128092934638861 -0.018276942781340077 -0.28626919068237894 0.28385814982708962 0.027966267579565454 -0.20186319518167628 -0.86404484392420666 -0.25197170828829235 0.677995076923537 0.77621344394376601 1.116782995644543 -0.37273528190774829 0.12208449373887331 -0.58248476554919326 1.0666120897564624 0.30529729422548701 0.12394142141019088 -1.5978300156296585 -1.5195334774075133 0.030109444052103335 -1.8635998781989604 0.27418674941612631 -0.026063125736901373 -0.0014680396674599007 -0.26782857661974918 -0.095619699935193425 -0.23121583158827252 0.32012345592873559
leaf_weight=12984 155466 41942 68870 5105 1825 7717 142263 6677 740 2224 1326 2585 72 636 1644 646 144 15434 12835 464 66 6155 34 2520 156610 393741 10322 9112 7020 3572
leaf_count=12984 155466 41942 68870 5105 1825 7717 142263 6677 740 2224 1326 2585 72 636 1644 646 144 15434 12835 464 66 6155 34 2520 156610 393741 10322 9112 7020 3572
internal_value=1.90981e-06 0.00404376 0.0352674 0.0839898 0.161689 0.0350039 -0.00256481 0.087246 -0.00176039 0.100223 0.172236 0.294931 0.0119197 -0.0476135 -0.257991 -0.706873 -0.28189 0.186185 0.223108 -1.26457 -0.144064 0.171496 0.614455 0.143818 -0.00663764 -0.0151199 -0.0439185 -0.137063 -0.0685618 0.0214597
internal_weight=1.07075e+06 915285 159883 91013 35199 55814 755402 32762 19778 13101 10877 6981 4396 3896 3036 1392 790 33374 28269 602 138 13872 1360 3156 722640 580377 186636 30026 19704 12684
internal_count=1070751 915285 159883 91013 35199 55814 755402 32762 19778 13101 10877 6981 4396 3896 3036 1392 790 33374 28269 602 138 13872 1360 3156 722640 580377 186636 30026 19704 12684
cat_boundaries=0 1 2 3 4 5
cat_threshold=21548899 1048576 4755200 4719938 558914
is_linear=0
shrinkage=0.05


Tree=107
num_leaves=31
num_cat=11
split_feature=3 3 0 1 4 2 0 0 3 0 1 4 0 5 2 0 3 4 2 1 0 0 4 5 3 0 3 0 0 3
split_gain=40042.8 91409.9 186981 89249.4 88786.1 71825.6 107034 68377.4 58647.4 57370.4 57061.9 54095.9 51406.8 50376.4 46672.2 54103.3 137049 103217 59348.7 66659.5 59294.3 57752.6 46256.9 46158.8 45942.2 51953.9 44913.7 121781 97184.3 44578.4
threshold=1.5000000000000002 4.5000000000000009 0 18.500000000000004 30165.500000000004 4.5000000000000009 1 2 3.5000000000000004 3 21.500000000000004 61959.500000000007 4 15.059375000000001 3.5000000000000004 5 8.5000000000000018 28399.500000000004 4.5000000000000009 18.500000000000004 6 7 16538.000000000004 1.0000000180025095e-35 6.5000000000000009 8 3.5000000000000004 9 10 2.5000000000000004
decision_type=2 2 1 2 10 2 1 1 2 1 2 10 1 2 2 1 2 8 2 2 1 1 10 2 2 1 2 1 1 2
left_child=9 2 3 4 5 6 13 14 -5 -1 -10 26 -7 -2 -3 16 17 -16 -18 20 -20 -19 -11 -8 25 -17 27 29 -28 -6
right_child=1 7 -4 8 11 12 23 -9 10 22 -12 -13 -14 -15 15 24 18 21 19 -21 -22 -23 -24 -25 -26 -27 28 -29 -30 -31
leaf_value=-0.097211746572970589 0.14895787611657205 -0.008104806450990586 -0.01951749497281521 -0.17155977063284028 0.3544001209748262 0.25687347587872955 -0.24769996108260517 0.0043071390284894033 0.083731089580490678 -0.052831211085102636 -0.58410784611450806 0.34464297964967716 0.050663793692203862 -0.27903432393774968 0.06901794507708485 -0.20694978207773015 -0.044987905501528397 -0.013482894390514309 0.23917831034420015 -0.074489479226236013 -0.019236723546810507 -0.23225043821628724 0.041659605149079182 -0.024671166400007633 -0.11037104540681997 0.063999485693965338 0.21635242894533616 0.074233964626849558 -0.077794725007597057 0.16853150661806798
leaf_weight=24872 12977 126132 91619 5465 7639 6066 2596 570057 6284 25501 337 3147 6048 726 6143 2240 7467 4138 9533 3274 2899 11223 26320 21814 43489 8270 4825 17375 6691 5584
leaf_count=24872 12977 126132 91619 5465 7639 6066 2596 570057 6284 25501 337 3147 6048 726 6143 2240 7467 4138 9533 3274 2899 11223 26320 21814 43489 8270 4825 17375 6691 5584
internal_value=2.14706e-06 0.00268786 0.0329758 0.0776782 0.093888 0.0481201 0.0144109 -0.0049023 -0.050327 -0.0348088 0.049739 0.144678 0.154176 0.12619 -0.0282541 -0.0540126 -0.0132948 -0.104205 0.0710618 0.126235 0.179096 -0.173478 -0.00483818 -0.0483704 -0.0876826 0.00611596 0.129735 0.161413 0.045568 0.2757
internal_weight=1.07075e+06 994058 199193 107574 95488 50227 38113 794865 12086 76693 6621 45261 12114 13703 224808 98676 44677 21504 23173 15706 12432 15361 51821 24410 53999 10510 42114 30598 11516 13223
internal_count=1070751 994058 199193 107574 95488 50227 38113 794865 12086 76693 6621 45261 12114 13703 224808 98676 44677 21504 23173 15706 12432 15361 51821 24410 53999 10510 42114 30598 11516 13223
cat_boundaries=0 1 2 3 4 5 6 7 8 9 10 11
cat_threshold=39740739 1974272 1971202 35692785 533826 529408 525312 4096 262144 4719874 34750465
is_linear=0
shrinkage=0.05


Tree=108
num_leaves=31
num_cat=9
split_feature=2 0 1 0 3 3 2 0 3 1 4 0 2 1 0 0 5 0 1 4 5 0 3 3 0 5 4 3 4 6
split_gain=37598.8 70074.3 69181.1 87497.1 84641.7 97009.5 66953.5 178682 146731 133874 126573 99700.4 91124.8 90510.9 88795.3 86098.3 72094.2 116846 66178.9 64461.6 176426 141136 124658 153187 118777 113205 90770 83438 245119 236455
threshold=5.5000000000000009 0 17.500000000000004 1 3.5000000000000004 8.5000000000000018 4.5000000000000009 2 8.5000000000000018 20.500000000000004 68228.500000000015 3 1.0000000180025095e-35 10.500000000000002 4 5 24.201875000000001 6 10.500000000000002 35058.500000000007 15.818750000000001 7 8.5000000000000018 7.5000000000000009 8 17.693541666666672 12650.000000000002 10.500000000000002 49851.500000000007 3.805000000000001
decision_type=2 1 2 1 2 2 2 1 2 2 8 1 2 2 1 1 2 1 2 10 2 1 2 2 1 2 10 2 10 2
left_child=6 -2 3 4 -3 -6 11 -8 10 13 -9 16 -13 -10 -15 -12 18 -18 -1 20 21 -14 23 -22 26 27 -25 -21 29 -29
right_child=1 2 -4 -5 5 -7 7 8 9 -11 15 12 19 14 -16 -17 17 -19 -20 25 22 -23 -24 24 -26 -27 -28 28 -30 -31
leaf_value=0.10351423000476019 -0.07481669492906988 0.33691934952694197 -0.072878714838845476 -0.0044271792277802797 -0.072716600166018303 0.20108808308687776 -0.039001743946629593 -0.015430009946733087 -0.013423622637426908 -0.25920570335071391 0.28785620680500396 0.027733707209259596 -0.11353354791151485 0.28713727933998978 0.12066628052212861 0.051567226463779772 0.86219749988216654 0.12743151654908494 0.011731065219633099 0.06236117109554902 -0.0060697912334291993 -0.026531959129364426 -0.061920938014394279 0.079768949617772061 0.064841516968555418 -0.046132107533941126 0.38731315467169181 -0.041074613358674995 -0.1600194128884829 0.32172197700668925
leaf_weight=23150 45615 3637 25710 67564 6483 6457 55729 48147 5835 1929 6448 117327 82877 15434 16758 9603 584 6238 129519 76950 39035 106568 32789 3687 16522 76001 6869 11848 18205 7233
leaf_count=23150 45615 3637 25710 67564 6483 6457 55729 48147 5835 1929 6448 117327 82877 15434 16758 9603 584 6238 129519 76950 39035 106568 32789 3687 16522 76001 6869 11848 18205 7233
internal_value=2.15142e-06 -0.0227317 -0.00109679 0.0208367 0.123734 0.0639107 0.00386362 0.0332581 0.0719186 0.147151 0.0251064 -0.00235782 -0.0117552 0.167764 0.200605 0.146701 0.0327527 0.191782 0.0256486 -0.0214364 -0.0363413 -0.0646002 0.0177879 0.0573199 0.148701 0.00115548 0.279629 0.0326158 -0.0287719 0.09645
internal_weight=1.07075e+06 155466 109851 84141 16577 12940 915285 159883 104154 39956 64198 755402 595911 38027 32192 16051 159491 6822 152669 478584 288347 189445 98902 66113 27078 190237 10556 114236 37286 19081
internal_count=1070751 155466 109851 84141 16577 12940 915285 159883 104154 39956 64198 755402 595911 38027 32192 16051 159491 6822 152669 478584 288347 189445 98902 66113 27078 190237 10556 114236 37286 19081
cat_boundaries=0 1 2 3 4 5 6 7 8 9
cat_threshold=35004578 525568 37171212 36970624 4755200 4719874 8192 558883 17337392
is_linear=0
shrinkage=0.05


Tree=109
num_leaves=31
num_cat=8
split_feature=6 0 0 5 4 5 3 3 4 1 5 4 0 1 0 0 3 0 2 4 0 5 0 6 6 3 5 4 6 5
split_gain=36673 92606.5 59934.8 197549 153448 105248 91216.4 85207.7 75781 72918.8 65811.1 79893.9 106587 104807 80355 65046.5 46503.4 55772.1 48372.5 44947.8 70839.4 60452.5 68718.3 59278.7 100897 62555.3 74675 57766.3 43807.1 43765.6
threshold=2.4850000000000008 0 1 6.8295833333333347 77597.000000000015 8.8791666666666682 2.5000000000000004 10.500000000000002 4129.0000000000009 9.5000000000000018 19.267291666666669 27662.000000000004 2 17.500000000000004 3 4 6.5000000000000009 5 1.5000000000000002 45010.000000000007 6 16.743750000000002 7 1.9150000000000003 1.9850000000000003 1.5000000000000002 4.4695833333333344 64652.000000000007 10.840000000000002 8.2385416666666682
decision_type=2 1 1 2 8 2 2 2 10 2 2 8 1 2 1 1 2 1 2 8 1 2 1 2 2 2 2 8 2 2
left_child=2 28 3 15 7 29 -7 8 -5 -10 19 14 -13 16 -12 -1 18 -18 -14 -4 -21 23 -23 25 -25 26 -22 -28 -2 -6
right_child=1 -3 10 4 5 6 -8 -9 9 -11 11 12 13 -15 -16 -17 17 -19 -20 20 21 22 -24 24 -26 -27 27 -29 -30 -31
leaf_value=-0.32951159120544254 -0.039890862153630816 0.0047079501046081553 -0.0062568983457424931 -0.091333498424539 0.31589976370745571 -0.35974847880050215 0.16665650965650516 -0.10930434946136269 -0.10872172183624029 0.068926345966945204 0.098572150285929264 -0.0041099672469505372 0.13088254327159307 0.0012411163937553896 -0.030307341302171633 -0.053076874636056093 -0.29363274196768491 -0.13752350957952611 -0.12347363608125915 -0.010043302686912987 0.1294040964852757 0.076586393720785476 -0.10251710176950238 0.71560646144293427 0.12180212390377715 0.076569534734291678 0.063412582095954115 -0.24739202854842537 -0.12750487368229341 0.70285419215791756
leaf_weight=2246 73858 184400 256627 8999 2085 873 14354 9215 6104 107634 20204 51747 2519 16157 30103 37894 8248 18917 7246 80581 3665 9578 12124 922 3192 75517 2181 4753 17683 1125
leaf_count=2246 73858 184400 256627 8999 2085 873 14354 9215 6104 107634 20204 51747 2519 16157 30103 37894 8248 18917 7246 80581 3665 9578 12124 922 3192 75517 2181 4753 17683 1125
internal_value=2.76453e-06 -0.0157017 0.00545501 0.0299063 0.056211 0.191327 0.136476 0.037332 0.0483413 0.0593925 -0.00225491 -0.0303305 -0.0551862 -0.104953 0.021466 -0.0686399 -0.151441 -0.185081 -0.0578594 0.00744284 0.0257051 0.051437 -0.0234832 0.0694625 0.254881 0.0606045 -0.0531452 -0.149632 -0.0568091 0.451515
internal_weight=1.07075e+06 275941 794810 190529 150389 18437 15227 131952 122737 113738 604281 155141 104834 53087 50307 40140 36930 27165 9765 449140 192513 111932 21702 90230 4114 86116 10599 6934 91541 3210
internal_count=1070751 275941 794810 190529 150389 18437 15227 131952 122737 113738 604281 155141 104834 53087 50307 40140 36930 27165 9765 449140 192513 111932 21702 90230 4114 86116 10599 6934 91541 3210
cat_boundaries=0 1 2 3 4 5 6 7 8
cat_threshold=33564514 33562978 3231901 2983440 8192 4751360 18944156 1196545
is_linear=0
shrinkage=0.05


Tree=110
num_leaves=31
num_cat=12
split_feature=1 0 1 0 4 0 2 5 0 0 1 0 1 4 4 1 0 3 0 4 4 3 0 5 3 3 0 0 0 4
split_gain=36535.4 115393 83820.5 140278 143673 80616.1 64040.3 59465.5 83875.8 61454 59066.3 85769.8 82875.6 61240.6 57348.8 54533 50585.9 87955.6 88662.6 134842 90866.1 115088 67465.8 80679.9 60707.5 54777.6 308866 89394.6 51034 72322
threshold=16.500000000000004 0 13.500000000000002 1 59765.000000000007 2 5.5000000000000009 10.644791666666668 3 4 17.500000000000004 5 18.500000000000004 40401.000000000007 36187.000000000007 19.500000000000004 6 8.5000000000000018 7 32309.000000000004 15322.000000000002 3.5000000000000004 8 11.577708333333335 7.5000000000000009 10.500000000000002 9 10 11 21451.000000000004
decision_type=2 1 2 1 10 1 2 2 1 1 2 1 2 8 8 2 1 2 1 10 10 2 1 2 2 2 1 1 1 10
left_child=2 -2 5 4 -4 -1 7 9 14 -3 -11 12 13 -12 15 -9 17 18 19 20 21 -7 -19 -24 -20 28 -27 -28 29 -18
right_child=1 6 3 -5 -6 16 -8 8 -10 10 11 -13 -14 -15 -16 -17 25 22 24 -21 -22 -23 23 -25 -26 26 27 -29 -30 -31
leaf_value=-0.041333372685482067 -0.085370738206642621 0.014834499558663842 0.049672966876284246 -0.0042985019745938012 0.24499689856621201 -0.088082988037221407 -0.059704032570265908 0.059206601593962432 0.007265895230566307 0.012597387342548602 -0.3744896825715528 -0.097966293180702907 -0.074639714905159069 -1.1978009866264931 0.14950449249038886 -0.22373046159052645 0.029817388931898406 0.020287505547088511 0.020486000088233813 0.68848523135118644 -0.28846619255366152 0.48143269652819332 -0.46180432807552585 -0.016610906292571583 0.22810486545126302 0.51084315502597233 0.15310621669857505 -0.026004058879997533 -0.0062092618243468432 -0.194309189226201
leaf_weight=127159 48321 38191 124024 165445 10188 1464 40108 10519 123150 11838 441 20566 711 463 20189 2032 6120 15305 17354 1509 961 2251 1779 2378 4417 3325 8776 33630 219398 8739
leaf_count=127159 48321 38191 124024 165445 10188 1464 40108 10519 123150 11838 441 20566 711 463 20189 2032 6120 15305 17354 1509 961 2251 1779 2378 4417 3325 8776 33630 219398 8739
internal_value=2.26168e-06 -0.0142546 0.00598555 0.0265152 0.0644952 -0.00754794 -0.00143896 0.00880602 0.0261812 -0.0287043 -0.0775641 -0.125718 -0.47557 -0.796164 0.0972983 0.0133992 0.00557485 0.0533264 0.110156 0.277072 0.144896 0.256999 -0.0282781 -0.206636 0.0625799 -0.00251384 0.0475405 0.0110905 -0.0122854 -0.101929
internal_weight=1.07075e+06 316529 754222 299657 134212 454565 268208 228100 155890 72210 34019 22181 1615 904 32740 12551 327406 47418 27956 6185 4676 3715 19462 4157 21771 279988 45731 42406 234257 14859
internal_count=1070751 316529 754222 299657 134212 454565 268208 228100 155890 72210 34019 22181 1615 904 32740 12551 327406 47418 27956 6185 4676 3715 19462 4157 21771 279988 45731 42406 234257 14859
cat_boundaries=0 1 2 3 4 5 6 7 8 9 10 11 12
cat_threshold=336544 5425090 4375872 34734336 21519384 1048576 270368 8192 262176 128 16779776 128
is_linear=0
shrinkage=0.05


Tree=111
num_leaves=31
num_cat=12
split_feature=4 0 1 0 0 4 1 0 0 2 4 3 0 0 0 2 4 0 4 5 0 5 0 4 3 3 4 2 0 4
split_gain=34745.8 42622.8 36189.4 168798 83603 50719 47298 107793 72449.8 61026.7 112778 109272 164813 132784 89126.5 73601.4 71562.5 68626.8 60954.5 65579.9 101825 58150.5 56756.6 54706.4 66593.8 78244.2 109798 76037.5 59500.4 53494.9
threshold=-1.0000000180025095e-35 0 9.5000000000000018 1 2 25414.000000000004 16.500000000000004 3 4 4.5000000000000009 17489.500000000004 10.500000000000002 5 6 7 1.5000000000000002 50774.500000000007 8 66692.500000000015 8.4870833333333362 9 19.486666666666668 10 46394.000000000007 9.5000000000000018 2.5000000000000004 55071.000000000007 3.5000000000000004 11 61959.500000000007
decision_type=8 1 2 1 1 8 2 1 1 2 10 2 1 1 1 2 10 1 10 2 1 2 1 8 2 2 10 2 1 10
left_child=1 -1 3 -2 5 -5 8 22 9 15 14 13 16 -12 -11 -4 -13 -14 19 20 -17 -15 -8 -22 25 26 28 29 -25 -26
right_child=2 -3 6 4 -6 -7 7 -9 -10 10 11 12 17 21 -16 18 -18 -19 -20 -21 23 -23 -24 24 27 -27 -28 -29 -30 -31
leaf_value=0.031932741908300102 0.20406146086350807 -0.11524603307974327 0.049126645468628966 -0.051175274398268723 -0.050922669827931977 -0.45270313900023879 -0.38376706461103904 0.0094052494506174176 -0.0045918833243226423 0.28601704764038333 -0.11581575669550002 0.19945865058778692 -0.53811790449870933 0.084719979478201937 0.083724555410988805 0.095972872908755405 0.55808573912056192 0.055202798392841416 0.19630066162094584 0.0088482403189127593 -0.057294658835217484 -0.065757532161809504 -0.047939181763307984 -0.62795497122743682 0.33564568472137879 0.090875358424993627 0.26829659811819279 -0.58780282876067813 -0.22250553331872883 -0.41396809353516634
leaf_weight=7629 6402 13835 90795 1230 46879 2181 1263 200525 357210 8492 17667 3024 504 28560 15225 7749 2576 9408 3528 93478 21224 8282 111233 1176 476 2864 952 1876 4032 476
leaf_count=7629 6402 13835 90795 1230 46879 2181 1263 200525 357210 8492 17667 3024 504 28560 15225 7749 2576 9408 3528 93478 21224 8282 111233 1176 476 2864 952 1876 4032 476
internal_value=2.35649e-06 -0.0629728 0.00129056 -0.0375637 -0.06835 -0.307013 0.00350972 -0.0125722 0.0109173 0.0281021 0.0620782 0.0301598 0.147247 -0.00316051 0.156312 0.014173 0.363778 0.024522 -0.00885243 -0.0142416 -0.0671109 0.0508792 -0.0517433 -0.105315 -0.191397 -0.125048 -0.225439 -0.403112 -0.315692 -0.0391612
internal_weight=1.07075e+06 21464 1.04929e+06 56692 50290 3411 992595 313021 679574 322364 93738 70021 15512 54509 23717 228626 5600 9912 137831 134303 40825 36842 112496 33076 11852 9024 6160 2828 5208 952
internal_count=1070751 21464 1049287 56692 50290 3411 992595 313021 679574 322364 93738 70021 15512 54509 23717 228626 5600 9912 137831 134303 40825 36842 112496 33076 11852 9024 6160 2828 5208 952
cat_boundaries=0 1 2 3 4 5 6 7 8 9 10 11 12
cat_threshold=2716684 3145856 270592 4006563 5022691 4719232 4464768 532800 8192 262272 8192 4194560
is_linear=0
shrinkage=0.05


Tree=112
num_leaves=31
num_cat=10
split_feature=4 4 4 4 4 1 2 0 0 0 0 1 1 2 0 1 0 2 0 3 4 1 0 2 0 5 0 1 3 3
split_gain=34094 77990.6 87576 66783.1 56783.9 54905.1 74341.7 120221 47545.6 41567.5 41253.5 35732.4 35706.5 33180.7 59740 65742.5 76563.5 58786.7 144099 131543 112499 105503 91522.6 83526.8 73718.8 63718.4 101064 60414.4 58313.8 65875.4
threshold=77597.000000000015 77326.000000000015 75218.500000000015 72790.500000000015 67172.500000000015 12.500000000000002 2.5000000000000004 0 1 2 3 12.500000000000002 18.500000000000004 5.5000000000000009 4 15.500000000000002 5 4.5000000000000009 6 8.5000000000000018 37767.500000000007 20.500000000000004 7 1.0000000180025095e-35 8 24.201875000000001 9 10.500000000000002 3.5000000000000004 8.5000000000000018
decision_type=10 10 10 10 10 2 2 1 1 1 1 2 2 2 1 2 1 2 1 2 10 2 1 2 1 2 1 2 2 2
left_child=1 2 3 4 13 -4 7 12 -5 -6 11 -2 -7 17 -15 16 28 22 -19 20 -20 24 25 -24 27 -1 -27 -21 -16 -30
right_child=10 -3 5 8 9 6 -8 -9 -10 -11 -12 -13 -14 14 15 -17 -18 18 19 21 -22 -23 23 -25 -26 26 -28 -29 29 -31
leaf_value=0.023857801319192101 -0.033320635111532479 -0.2880792489587361 -0.036543736033030412 -0.0089769889286125549 0.19470556918169762 1.3799801515415311 0.20919076812559886 0.32322787798887376 -0.32896220465322751 0.020338231099806772 0.064601986666935673 0.74063145170306299 2.7436926470862497 -0.076104857340211635 0.33870377732674906 -0.050063552432426855 0.0014364901219056153 -0.039127144993406908 0.098121247908450865 0.012278140759020461 -0.037914868908968391 -0.24374768413387612 0.025799227241454805 -0.021834843344360366 0.089380796500093618 0.80363219934170727 0.12027061392552536 0.27059362123367775 -0.047043810239153903 0.21061163367180363
leaf_weight=149026 214 2352 1340 2081 6353 144 2190 465 2635 7406 2354 492 72 39015 2805 47039 55761 49331 26431 2679 35759 1739 114616 467025 20087 584 6238 14594 5011 4913
leaf_count=149026 214 2352 1340 2081 6353 144 2190 465 2635 7406 2354 492 72 39015 2805 47039 55761 49331 26431 2679 35759 1739 114616 467025 20087 584 6238 14594 5011 4913
internal_value=1.61262e-06 -0.00047603 0.000158926 -0.000744157 9.39316e-05 0.227726 0.351071 0.807337 -0.188481 0.101006 0.16666 0.498967 1.75338 -0.00123772 -0.0226198 -0.00455052 0.0267072 0.00248308 0.0309482 0.0650746 0.019901 0.136943 -0.00333045 -0.012448 0.154663 0.0306962 0.180124 0.230396 0.1373 0.0805117
internal_weight=1.07075e+06 1.06769e+06 1.06534e+06 1.06113e+06 1.05641e+06 4211 2871 681 4716 13759 3060 706 216 1.04265e+06 154544 115529 68490 888109 150620 101289 62190 39099 737489 581641 37360 155848 6822 17273 12729 9924
internal_count=1070751 1067691 1065339 1061128 1056412 4211 2871 681 4716 13759 3060 706 216 1042653 154544 115529 68490 888109 150620 101289 62190 39099 737489 581641 37360 155848 6822 17273 12729 9924
cat_boundaries=0 1 2 3 4 5 6 7 8 9 10
cat_threshold=4228866 4511118 18362147 526082 35004546 525568 37105676 36970624 4755200 8192
is_linear=0
shrinkage=0.05


Tree=113
num_leaves=31
num_cat=8
split_feature=6 0 0 5 4 1 1 5 4 0 1 0 0 4 0 5 1 2 3 4 0 6 6 3 5 3 5 0 4 5
split_gain=32789.7 84077.4 53021.7 170609 127410 72474.9 57908 55963 73836.1 99647.9 96170.9 70995.8 51840.1 51109.6 70281.9 75457.9 70483.1 50391.4 56093.6 45840.9 63036.6 63215.9 111821 50390.9 46576.4 59718.2 78764.6 53675.5 51950.1 45141.8
threshold=2.4850000000000008 0 1 6.8295833333333347 58238.500000000007 9.5000000000000018 21.500000000000004 19.267291666666669 27662.000000000004 2 17.500000000000004 3 4 17489.500000000004 5 14.298333333333337 17.500000000000004 2.5000000000000004 3.5000000000000004 45010.000000000007 6 1.9150000000000003 1.9850000000000003 1.5000000000000002 16.743750000000002 1.5000000000000002 4.4695833333333344 7 64652.000000000007 1.484791666666667
decision_type=2 1 1 2 8 2 2 2 8 1 2 1 1 10 1 2 2 2 2 8 1 2 2 2 2 2 2 1 8 2
left_child=2 -2 3 12 -5 -6 17 19 11 10 -10 -9 -1 -3 15 16 -15 -7 -19 -4 -21 24 -23 -24 25 26 -22 -26 -28 -14
right_child=1 13 7 4 5 6 -8 8 9 -11 -12 -13 29 14 -16 -17 -18 18 -20 20 21 22 23 -25 27 -27 28 -29 -30 -31
leaf_value=-0.30205275401669551 -0.047776770447224941 -0.032831721307189754 -0.0059528995344354657 0.030600983913964454 -0.18400542035590842 0.091828594908776998 -0.22491487588536929 0.082350006389259017 -0.14357659281460686 -0.0041208989275646904 0.002680150145992391 -0.033265912372607523 -0.16116299386691932 0.15710431870583 -0.0027259023949326375 -0.033446052228554235 -0.045614155014770202 0.45892417933476159 0.19908620686850018 -0.0090779778843834685 0.12828624127204427 0.68754094934342491 0.54958648069020399 0.034607682133433945 0.069816618247700621 0.070607388623114817 0.04867152868338101 -0.084811434142742115 -0.23018378434370976 -0.018430032117574296
leaf_weight=2246 113851 51546 272173 93676 1517 9249 891 25447 36930 57697 16157 27748 7339 24334 70278 10727 5205 2441 13931 80581 4090 1022 548 3567 9344 83837 2432 14023 5332 22592
leaf_count=2246 113851 51546 272173 93676 1517 9249 891 25447 36930 57697 16157 27748 7339 24334 70278 10727 5205 2441 13931 80581 4090 1022 548 3567 9344 83837 2432 14023 5332 22592
internal_value=2.07578e-06 -0.0148476 0.00515758 0.0315123 0.0585848 0.15211 0.171342 -0.00117046 -0.026368 -0.0496171 -0.0990448 0.0220507 -0.070876 0.008284 0.0274568 0.0801167 0.121384 0.185123 0.237827 0.00749263 0.0253634 0.0477068 0.219444 0.103188 0.0403008 0.0557548 -0.0492897 -0.0229852 -0.142835 -0.0534099
internal_weight=1.07075e+06 275941 794810 153882 121705 28029 26512 640928 163979 110784 53087 53195 32177 162090 110544 40266 29539 25621 16372 476949 204776 124195 5137 4115 119058 95691 11854 23367 7764 29931
internal_count=1070751 275941 794810 153882 121705 28029 26512 640928 163979 110784 53087 53195 32177 162090 110544 40266 29539 25621 16372 476949 204776 124195 5137 4115 119058 95691 11854 23367 7764 29931
cat_boundaries=0 1 2 3 4 5 6 7 8
cat_threshold=34121570 33562914 21925376 2983632 8192 22022272 18944156 1196545
is_linear=0
shrinkage=0.05


Tree=114
num_leaves=31
num_cat=8
split_feature=4 0 6 0 5 0 5 3 4 3 0 1 0 3 4 3 4 4 0 5 4 4 6 2 2 4 6 6 0 0
split_gain=32037.8 72612.8 35414.8 82798.4 117866 82224.2 87586.1 73084.3 84977.6 77670.4 76248.2 68419.5 92808 63330.9 62904 59335.6 76745.2 68756.4 111589 117319 148430 111288 72616.1 72003.6 66468.1 167340 67412 57333.2 59483.1 56717.6
threshold=5494.5000000000009 0 1.1250000000000002 1 6.8295833333333347 2 14.298333333333337 8.5000000000000018 16165.500000000002 2.5000000000000004 3 16.500000000000004 4 7.5000000000000009 9485.0000000000018 10.500000000000002 64308.000000000007 24522.000000000004 5 8.9850000000000012 39905.500000000007 27889.500000000004 1.4150000000000003 3.5000000000000004 2.5000000000000004 43994.000000000007 4.285000000000001 0.72500000000000009 6 7
decision_type=8 1 2 1 2 1 2 2 10 2 1 2 1 2 10 2 10 10 1 2 10 10 2 2 2 10 2 2 1 1
left_child=1 -1 3 4 -2 6 11 8 9 -6 13 12 15 14 -11 16 29 -17 -19 20 21 23 -23 -20 25 -21 -27 -9 -29 -4
right_child=2 -3 5 -5 7 -7 -8 27 -10 10 -12 -13 -14 -15 -16 17 -18 18 19 24 -22 22 -24 -25 -26 26 -28 28 -30 -31
leaf_value=0.030733899107295782 -0.042166079813444418 -0.091397411341795395 0.24195974512233534 -0.0011207896428776156 -0.23870872027269929 -0.02659865203307726 -0.03714278556889495 -0.011702211570172129 0.05771855316220055 0.41489814635212463 0.15562589278096819 -0.03203055048522082 0.043654811082264065 0.84058215314489171 -0.38995732742033978 0.72805159209852544 -1.1526435845484169 0.49075419461238301 0.66931023359298703 0.99670289155095826 0.23308603996744057 1.1457423783838749 -1.3115750068959817 -2.0000257078806558 0.76575750718928048 -0.065068403631448751 -2.1829120405427704 0.65906556908374181 0.096388716001555047 0.0032762308830676583
leaf_weight=21254 33883 28459 5296 500787 1115 250216 37824 35093 62033 1575 20162 16972 42222 729 287 867 118 2264 160 160 699 32 497 30 576 64 91 611 1976 4699
leaf_count=21254 33883 28459 5296 500787 1115 250216 37824 35093 62033 1575 20162 16972 42222 729 287 867 118 2264 160 160 699 32 497 30 576 64 91 611 1976 4699
internal_value=1.81716e-06 -0.0391943 0.00191023 0.00882331 0.0404463 -0.0106331 0.0248544 0.0630999 0.088566 0.168739 0.188706 0.05623 0.0821574 0.443803 0.290841 0.186533 0.115026 0.319809 0.24241 -0.00320552 -0.285736 -0.790125 -1.16293 0.247836 0.446397 -0.137577 -1.30845 0.00504358 0.232202 0.129992
internal_weight=1.07075e+06 49713 1.02104e+06 658251 157464 362787 112571 123581 85901 23868 22753 74747 57775 2591 1862 15553 10113 5440 4573 2309 1418 719 529 190 891 315 155 37680 2587 9995
internal_count=1070751 49713 1021038 658251 157464 362787 112571 123581 85901 23868 22753 74747 57775 2591 1862 15553 10113 5440 4573 2309 1418 719 529 190 891 315 155 37680 2587 9995
cat_boundaries=0 1 2 3 4 5 6 7 8
cat_threshold=3011084 33562978 22481024 8192 1048704 128 256 1048576
is_linear=0
shrinkage=0.05


Tree=115
num_leaves=31
num_cat=10
split_feature=1 0 3 1 0 0 2 2 2 0 3 3 0 0 1 4 3 1 4 0 3 0 4 6 5 4 5 0 0 3
split_gain=31930.9 41058 40169.1 30820.8 143882 75115.6 43522.6 38694.1 69315 192496 114061 108740 132116 86771.9 81725.2 71388.1 98128.8 69830.9 69815.7 116095 168458 125308 158669 166652 126879 93632.8 92134.8 167373 143364 176554
threshold=21.500000000000004 0 4.5000000000000009 9.5000000000000018 1 2 1.0000000180025095e-35 5.5000000000000009 4.5000000000000009 3 8.5000000000000018 3.5000000000000004 4 5 19.500000000000004 44652.000000000007 9.5000000000000018 17.500000000000004 35058.500000000007 6 10.500000000000002 7 49851.500000000007 3.805000000000001 12.866041666666669 65652.000000000015 15.818750000000001 8 9 8.5000000000000018
decision_type=2 1 2 2 1 1 2 2 2 1 2 2 1 1 2 8 2 2 10 1 2 1 10 2 2 10 2 1 1 2
left_child=3 -2 -3 4 6 -6 -1 8 18 10 11 12 -10 15 -12 16 -11 -17 26 20 -20 -22 23 24 -23 -24 27 -5 29 -28
right_child=1 2 -4 7 5 -7 -8 -9 9 13 14 -13 -14 -15 -16 17 -18 -19 19 -21 21 22 25 -25 -26 -27 28 -29 -30 -31
leaf_value=-0.13071817580095701 0.43339577896992232 -0.43115000653999458 -0.069275056290635115 0.016542724019130556 -0.15964112240990244 -0.024906277086213971 0.24077693084667812 -0.020829325762944058 0.32553703162834935 -0.15104030424321774 0.19801685108939193 -0.011610327382845982 0.037480639474008877 0.0016560698742452155 -0.047641691689015997 -0.0053329870488829818 -0.70171803949448786 -0.49530741167050307 0.089462873687820077 -0.006576534357287978 -0.28198347174729466 -0.083218726331024243 -0.27616468924625681 0.46209055094226015 0.93608999474526644 0.090862900153881682 0.15559375500008596 -0.061279203032099806 -0.014368363603292803 -0.049723519827523419
leaf_weight=919 373 819 12045 118938 14317 37260 5548 145283 6361 2470 26805 31284 10635 59180 3875 6424 1203 820 89951 162864 5150 4599 5314 2902 327 2582 33077 164841 99265 15320
leaf_count=919 373 819 12045 118938 14317 37260 5548 145283 6361 2470 26805 31284 10635 59180 3875 6424 1203 820 89951 162864 5150 4599 5314 2902 327 2582 33077 164841 99265 15320
internal_value=2.47446e-06 -0.077173 -0.0922425 0.000968487 -0.0344521 -0.0623303 0.187695 0.00302553 0.00708284 0.0380617 0.0915916 0.0436984 0.145504 -0.0222463 0.166989 -0.151702 -0.331401 -0.0607967 0.000534235 0.0202877 0.0597616 -0.0681997 0.00199785 0.161518 -0.0155545 -0.156146 -0.0119966 -0.0286639 0.0200349 0.0905822
internal_weight=1.07075e+06 13237 12864 1.05751e+06 58044 51577 6467 999470 854187 149057 78960 48280 16996 70097 30680 10917 3673 7244 705130 273689 110825 20874 15724 7828 4926 7896 431441 283779 147662 48397
internal_count=1070751 13237 12864 1057514 58044 51577 6467 999470 854187 149057 78960 48280 16996 70097 30680 10917 3673 7244 705130 273689 110825 20874 15724 7828 4926 7896 431441 283779 147662 48397
cat_boundaries=0 1 2 3 4 5 6 7 8 9 10
cat_threshold=1310848 3145856 306498 21532515 525570 3145728 55584035 1057024 7819404 827760
is_linear=0
shrinkage=0.05


Tree=116
num_leaves=31
num_cat=8
split_feature=1 4 3 4 0 0 1 0 3 0 0 5 1 4 4 0 1 0 0 5 4 4 4 2 3 3 4 3 1 4
split_gain=30657.2 79985 50263.7 71193.5 45606.1 43069.8 36058.5 92762.4 72918.9 100010 69388.9 82797.3 71611.7 78383.9 66823.4 66594.8 52450 99387.4 90117.8 92971.2 67296.4 65427.2 50130.5 78992.6 58831.1 146395 73492 68431.4 91422.1 66914
threshold=19.500000000000004 16538.000000000004 3.5000000000000004 30165.500000000004 0 1 11.500000000000002 2 9.5000000000000018 3 4 21.215208333333337 13.500000000000002 58238.500000000007 36187.000000000007 5 15.500000000000002 6 7 14.967500000000001 62585.000000000007 60022.500000000007 11522.000000000002 4.5000000000000009 10.500000000000002 9.5000000000000018 51342.500000000007 2.5000000000000004 17.500000000000004 28399.500000000004
decision_type=2 8 2 10 1 1 2 1 2 1 1 2 2 10 10 1 2 1 1 2 10 10 10 2 2 2 10 2 2 10
left_child=6 -2 3 -3 -4 -5 7 -1 15 -10 11 12 -8 22 -13 -9 17 21 19 20 -18 -12 23 -14 25 27 -27 28 -24 -29
right_child=1 2 4 5 -6 -7 10 8 9 -11 16 14 13 -15 -16 -17 18 -19 -20 -21 -22 -23 24 -25 -26 26 -28 29 -30 -31
leaf_value=0.023003302799809208 -0.2710575768612617 0.0040761540359066815 0.030014263725961523 -0.084045345094199975 -0.048094350918889001 -0.52372798556315947 -0.0093883023372533705 -0.10802567781466076 0.20274285776006651 -0.014613495062201177 0.040273035073936952 0.051663885226812159 -0.057819193476013102 0.22162208479012435 -0.13905848634716009 -0.028462202458982684 -0.13965669099060793 -0.0070522054531818885 -0.0043987477970485415 -0.0024973141248830844 -0.54386684772745797 0.18475867432285586 0.2757816949069633 0.17238286376399764 -0.0032806025725095863 0.23264914079350354 0.6375438767276943 0.13045309233074862 -0.11881129370497329 -0.017732789930954108
leaf_weight=102533 3282 2773 37662 889 37076 1553 34094 43508 6199 35839 108011 7897 16462 8323 10976 66534 18915 205732 225144 16948 1089 8448 6977 4817 15334 7619 1314 11960 1859 20984
leaf_count=102533 3282 2773 37662 889 37076 1553 34094 43508 6199 35839 108011 7897 16462 8323 10976 66534 18915 205732 225144 16948 1089 8448 6977 4817 15334 7619 1314 11960 1859 20984
internal_value=2.47495e-06 -0.029139 -0.0192084 -0.169289 -0.00873625 -0.366152 0.00245873 -0.0137513 -0.0385305 0.017483 0.00809016 0.0385939 0.0528304 0.0750082 -0.0592548 -0.0599321 0.000330722 0.0138422 -0.0162788 -0.088637 -0.161662 0.0507497 0.0610346 -0.00570757 0.0825375 0.108486 0.292207 0.0692047 0.192764 0.0360647
internal_weight=1.07075e+06 83235 79953 5215 74738 2442 987516 254613 152080 42038 732903 148616 129743 95649 18873 110042 584287 322191 262096 36952 20004 116459 87326 21279 66047 50713 8933 41780 8836 32944
internal_count=1070751 83235 79953 5215 74738 2442 987516 254613 152080 42038 732903 148616 129743 95649 18873 110042 584287 322191 262096 36952 20004 116459 87326 21279 66047 50713 8933 41780 8836 32944
cat_boundaries=0 1 2 3 4 5 6 7 8
cat_threshold=54857980 17898137 3946540 4194432 4359424 4359298 262883 262304
is_linear=0
shrinkage=0.05


Tree=117
num_leaves=31
num_cat=7
split_feature=3 3 0 1 4 0 2 0 3 0 2 0 3 5 4 1 0 4 5 4 3 4 1 5 4 3 0 4 6 6
split_gain=28791.5 78015.7 150591 77319.7 75234.1 60176.9 58944.3 57691.4 51728.5 48364.3 46772.5 40937.1 138025 55613 42225 53778.1 39418.4 233507 113124 97945 97864.2 117432 105327 78996.3 64124.7 57696.4 73330.9 56025.5 52272.3 116557
threshold=1.5000000000000002 4.5000000000000009 0 18.500000000000004 30165.500000000004 1 4.5000000000000009 2 2.5000000000000004 3 3.5000000000000004 4 3.5000000000000004 10.776875000000002 61959.500000000007 12.500000000000002 5 37767.500000000007 12.62166666666667 31304.500000000004 9.5000000000000018 26509.000000000004 16.500000000000004 5.4408333333333347 34548.500000000007 8.5000000000000018 6 21102.000000000004 4.7100000000000017 4.5200000000000005
decision_type=2 2 1 2 10 1 2 1 2 1 2 1 2 2 10 2 1 8 2 10 2 10 2 2 8 2 1 10 2 2
left_child=9 2 -2 4 5 6 -4 10 -5 -1 -3 12 14 -14 -6 -16 17 18 20 27 -12 23 -23 -22 -18 26 -26 -20 29 -19
right_child=1 7 3 8 11 -7 -8 -9 -10 -11 16 -13 13 -15 15 -17 24 28 19 -21 21 22 -24 -25 25 -27 -28 -29 -30 -31
leaf_value=-0.12782640723285932 -0.016848775671376642 -0.0065885340161963611 -0.047237406078591351 -0.25619546136821536 0.2349004015450869 0.1037042525511734 0.12417474410847357 0.0031170209106870296 0.0028183373259829756 -0.01347479886353032 0.27406127240335892 0.082757414052871833 -0.18434814076288397 0.10965112076766011 0.10776602744057191 0.89459899729252723 0.02337905862119366 -0.00341991379305389 -0.16713130402517754 0.39025492904065162 2.0544205216800466 -1.5110093316145703 -0.46400324425069234 -0.41896010939270867 -0.0216450153352227 -0.016911361981849272 -0.19669151820118572 -0.57741394060533302 0.30764447144779761 -2.8557269626193578
leaf_weight=10746 91619 113266 20989 2407 15983 22648 6590 593375 9679 65947 237 21800 2815 3753 358 552 25772 7038 2318 571 34 678 372 639 9961 22762 15015 1298 1493 36
leaf_count=10746 91619 113266 20989 2407 15983 22648 6590 593375 9679 65947 237 21800 2815 3753 358 552 25772 7038 2318 571 34 678 372 639 9961 22762 15015 1298 1493 36
internal_value=2.08837e-06 0.00227944 0.0302605 0.0703778 0.0854653 0.0433348 -0.00627621 -0.00473262 -0.0487658 -0.0295158 -0.0278481 0.132218 0.178066 -0.016355 0.253763 0.585054 -0.0551452 -0.129829 -0.365063 -0.218309 -0.678564 -0.809599 -1.14007 -0.294005 -0.0401731 -0.0744909 -0.126966 -0.314406 0.0388044 -0.0179355
internal_weight=1.07075e+06 994058 199193 107574 95488 50227 27579 794865 12086 76693 201490 45261 23461 6568 16893 910 88224 14714 6147 4187 1960 1723 1050 673 73510 47738 24976 3616 8567 7074
internal_count=1070751 994058 199193 107574 95488 50227 27579 794865 12086 76693 201490 45261 23461 6568 16893 910 88224 14714 6147 4187 1960 1723 1050 673 73510 47738 24976 3616 8567 7074
cat_boundaries=0 1 2 3 4 5 6 7
cat_threshold=18979516 37766465 1967106 35692576 38274306 1048576 131074
is_linear=0
shrinkage=0.05


Tree=118
num_leaves=31
num_cat=4
split_feature=6 0 6 0 5 3 2 3 6 4 5 0 2 5 4 0 4 3 3 6 4 2 6 3 5 4 2 4 1 4
split_gain=28374.9 88824.3 57604.6 55577.8 50825.2 146751 48185.6 75805.3 45205.6 67091.5 42840.3 41730.8 41431.6 40060.1 47092.1 39514.9 58211.7 72489.8 100705 54870.2 49738.3 90308.1 49227.8 41546 39833.4 43996.2 39784.7 37993.5 36163.2 35722.1
threshold=6.1650000000000009 0 6.1300000000000017 1 8.7275000000000009 4.5000000000000009 1.0000000180025095e-35 1.5000000000000002 6.455000000000001 33327.000000000007 9.7266666666666683 2 1.5000000000000002 12.121250000000002 53268.000000000007 3 20726.000000000004 11.500000000000002 3.5000000000000004 6.455000000000001 31758.000000000004 4.5000000000000009 13.575000000000001 5.5000000000000009 9.7266666666666683 45631.500000000007 3.5000000000000004 39485.500000000007 17.500000000000004 34095.500000000007
decision_type=2 1 2 1 2 2 2 2 2 10 2 1 2 2 8 1 8 2 2 2 8 2 2 2 2 10 2 10 2 10
left_child=2 4 -1 -4 8 6 -6 11 -2 -10 -7 -8 -5 14 -12 16 23 18 19 -18 21 -20 -22 -3 25 26 27 -19 -21 -11
right_child=1 15 3 12 5 10 7 -9 9 29 13 -13 -14 -15 -16 -17 17 24 20 28 22 -23 -24 -25 -26 -27 -28 -29 -30 -31
leaf_value=0.0024550879816664026 -0.6533902696784738 0.7157817139960172 -0.093031829980687361 0.16129405731290147 -0.077728558696629188 0.1011348096479045 0.95943990938158508 0.16397316109217258 -0.2265254135899428 0.48184681020037295 -0.15127413262004613 0.24478495397286326 0.72077007975392293 -0.071280618198138565 -0.49500647854038438 0.0004216190464409581 -2.0435690080418309 0.34781696870923046 1.0401022460186109 0.058081339436962656 0.10243914522539088 -0.22799924637224703 0.68337520017343412 -0.29250954509659755 0.34841660115776996 0.11672307906242518 -1.2852733995137591 -1.0377963678234003 -1.2677895236898351 -0.03383727985012093
leaf_weight=938496 442 114 700 619 1282 2694 530 3415 8438 361 5581 367 711 19103 1213 76408 34 113 727 1080 942 174 595 984 246 247 178 88 54 4815
leaf_count=938496 442 114 700 619 1282 2694 530 3415 8438 361 5581 367 711 19103 1213 76408 34 113 727 1080 942 174 595 984 246 247 178 88 54 4815
internal_value=1.89672e-06 -0.0218723 0.00303059 0.269092 -0.0756962 -0.0428029 0.191402 0.271417 -0.155748 -0.139592 -0.0886265 0.68047 0.456947 -0.108367 -0.212644 0.00980685 0.138182 0.218427 0.317353 -0.0643957 0.500241 0.795208 0.32733 -0.187824 -0.190666 -0.402509 -0.740901 -0.25882 -0.00505537 0.0021291
internal_weight=1.07075e+06 130225 940526 2030 48241 34185 5594 4312 14056 13614 28591 897 1330 25897 6794 81984 5576 4478 3606 1168 2438 901 1537 1098 872 626 379 201 1134 5176
internal_count=1070751 130225 940526 2030 48241 34185 5594 4312 14056 13614 28591 897 1330 25897 6794 81984 5576 4478 3606 1168 2438 901 1537 1098 872 626 379 201 1134 5176
cat_boundaries=0 1 2 3 4
cat_threshold=34121058 3240716 525634 1048576
is_linear=0
shrinkage=0.05


Tree=119
num_leaves=31
num_cat=9
split_feature=4 0 0 6 0 0 5 5 4 5 3 3 4 1 5 0 3 4 0 3 1 1 0 4 0 0 5 1 5 4
split_gain=27621 64672.6 40261 30570.4 72982.9 71813.1 113754 71655.8 70450.6 69060.2 71578.8 65347.4 64679.8 56896.5 51248.9 101522 62942.1 70211.5 53155.4 60152.1 51202.8 50552.1 102175 65724.1 49952.3 48902.1 75768.1 115503 51106.3 48205.9
threshold=5494.5000000000009 0 1 1.1250000000000002 2 3 6.8295833333333347 14.760625000000003 16538.000000000004 8.8791666666666682 2.5000000000000004 8.5000000000000018 15703.000000000002 18.500000000000004 11.577708333333335 4 9.5000000000000018 47677.000000000007 5 10.500000000000002 10.500000000000002 13.500000000000002 6 27889.500000000004 7 8 11.577708333333335 16.500000000000004 1.7954166666666669 15580.500000000002
decision_type=8 1 1 2 1 1 2 2 10 2 2 2 10 2 2 1 2 8 1 2 2 2 1 8 1 1 2 2 2 10
left_child=1 -1 -3 5 7 6 24 -5 9 -8 -11 13 -13 20 15 16 17 -7 19 -18 -12 22 23 -16 -2 26 27 28 -6 -22
right_child=3 2 -4 4 25 14 8 -9 -10 10 11 12 -14 -15 21 -17 18 -19 -20 -21 29 -23 -24 -25 -26 -27 -28 -29 -30 -31
leaf_value=0.17010796686723484 -0.2962940180524129 -0.10876419261239423 -0.013651209811118701 -0.092040202704692764 1.0223135423469432 -0.040581961636583556 0.37918563551280032 0.016890602343505194 0.036450585514918775 -0.2971691716584961 0.011219248530171436 -0.071836934963914037 0.33603989442756593 -0.016355556972765965 -0.0057097656227800535 -0.016653479754752711 0.21981547657767975 0.074222530747420301 0.13627478670932763 -0.067426787183004058 0.22253639502325928 0.0021993741166339759 -0.0099676003126627482 -0.15628984144688757 -0.028796532352078109 -0.0058523859144350987 -0.025001177552419332 -0.13031233729248407 0.19175290260484731 0.97488597689403422
leaf_weight=3514 1827 18680 27519 46081 188 25133 2387 22453 103841 1094 3134 6528 1142 3851 10263 100652 2410 28329 30056 7478 14895 172733 82497 24655 35130 264816 13511 3243 12495 216
leaf_count=3514 1827 18680 27519 46081 188 25133 2387 22453 103841 1094 3134 6528 1142 3851 10263 100652 2410 28329 30056 7478 14895 172733 82497 24655 35130 264816 13511 3243 12495 216
internal_value=2.32098e-06 -0.0363918 -0.0521242 0.0017743 -0.00987954 0.00819718 0.0357422 -0.0563442 0.0567323 0.120079 0.100037 0.114635 -0.0111074 0.158283 -0.00170443 0.0181858 0.0557236 0.0202518 0.103214 0.0025801 0.195145 -0.0150076 -0.0403213 -0.112 -0.0421085 0.000944358 0.0620693 0.135975 0.204064 0.233291
internal_weight=1.07075e+06 49713 46199 1.02104e+06 362787 658251 174045 68534 137088 33247 30860 29766 7670 22096 484206 194058 93406 53462 39944 9888 18245 290148 117415 34918 36957 294253 29437 15926 12683 15111
internal_count=1070751 49713 46199 1021038 362787 658251 174045 68534 137088 33247 30860 29766 7670 22096 484206 194058 93406 53462 39944 9888 18245 290148 117415 34918 36957 294253 29437 15926 12683 15111
cat_boundaries=0 1 2 3 4 5 6 7 8 9
cat_threshold=2105344 50465075 33562722 33595746 21761664 786432 4850816 8192 1048704
is_linear=0
shrinkage=0.05


Tree=120
num_leaves=31
num_cat=7
split_feature=1 0 3 4 4 4 4 4 4 1 2 0 2 0 0 3 1 2 5 0 4 4 5 0 3 6 5 3 1 0
split_gain=27718.6 37267.6 35294.7 28611 27667 73950.3 79198.1 77731.8 55430.3 54259.8 79360.7 100116 46887.1 39053.7 38167.4 35121.9 34340.3 30176.8 51800.3 48689 51549.8 47890.6 86457 113939 91237.8 65345.1 76125.7 61238.1 59204.1 84886.2
threshold=21.500000000000004 0 4.5000000000000009 64060.500000000007 77597.000000000015 77326.000000000015 75218.500000000015 72790.500000000015 67172.500000000015 13.500000000000002 2.5000000000000004 1 4.5000000000000009 2 3 8.5000000000000018 12.500000000000002 1.5000000000000002 -0.6433333333333332 4 34161.500000000007 35425.500000000007 11.375625000000001 5 11.500000000000002 3.9500000000000006 8.7275000000000009 11.500000000000002 17.500000000000004 6
decision_type=2 1 2 10 10 10 10 10 10 2 2 1 2 1 1 2 2 2 2 1 8 10 2 1 2 2 2 2 2 1
left_child=4 3 -3 -2 5 6 7 8 17 -8 11 -11 -9 15 16 -10 -6 21 19 20 -19 -1 23 25 28 27 -27 -23 -24 -30
right_child=1 2 -4 -5 14 -7 9 12 13 10 -12 -13 -14 -15 -16 -17 -18 18 -20 -21 -22 22 24 -25 -26 26 -28 -29 29 -31
leaf_value=-0.001229419362246987 0.22258425978670682 -0.403941999317314 -0.06473306296100062 1.3700771808624268 -0.040418801756105689 -0.28741459819787479 0.00397002600968774 -0.36617679302405909 0.10665620451165128 2.0681160313495695 0.21027686877335705 0.49015204370404719 -0.042903915151151682 0.02987196270166453 0.054312135496939064 0.365756749805283 0.72367108427780746 0.10620705899483213 -0.0042732099346526799 -0.069668100014665918 -0.55928244279648154 0.21937737658431558 -0.01603642955871944 0.027429668944295674 -0.44175278155062925 0.14998722056026828 0.62322262531141193 -0.029859961559243843 0.29498228611619171 0.028996837718719488
leaf_weight=189060 307 819 12045 66 214 2226 1708 2284 3515 128 1833 457 2204 7865 2326 2083 470 389 735319 5200 1155 8923 44553 21811 1121 1622 1785 3405 4010 11848
leaf_count=189060 307 819 12045 66 214 2226 1708 2284 3515 128 1833 457 2204 7865 2326 2083 470 389 735319 5200 1155 8923 44553 21811 1121 1622 1785 3405 4010 11848
internal_value=2.12391e-06 -0.071903 -0.0862621 0.414513 0.000902167 0.000470084 0.00107908 0.000218452 0.00111135 0.219709 0.3721 0.879147 -0.207422 0.10191 0.152275 0.202705 0.477631 -0.000205912 -0.00553834 -0.14348 -0.389097 0.0135271 0.0416854 0.101478 0.0052005 0.203974 0.397925 0.150538 0.0134943 0.0964607
internal_weight=1.07075e+06 13237 12864 373 1.05751e+06 1.0545e+06 1.05228e+06 1.04815e+06 1.04366e+06 4126 2418 585 4488 13463 3010 5598 684 1.0302e+06 742063 6744 1544 288138 99078 37546 61532 15735 3407 12328 60411 15858
internal_count=1070751 13237 12864 373 1057514 1054504 1052278 1048152 1043664 4126 2418 585 4488 13463 3010 5598 684 1030201 742063 6744 1544 288138 99078 37546 61532 15735 3407 12328 60411 15858
cat_boundaries=0 1 2 3 4 5 6 7
cat_threshold=1310848 4227330 18362146 526082 4203778 21008163 38798592
is_linear=0
shrinkage=0.05


Tree=121
num_leaves=31
num_cat=9
split_feature=1 5 0 0 0 4 4 1 4 0 3 0 4 2 0 3 0 0 4 4 4 0 4 1 1 4 5 3 4 5
split_gain=27366.4 76094.4 91736.9 66701 64942.2 52580.5 44428.2 39527.8 42271.3 47909.8 37192.9 181211 85679.4 93680.5 103803 74679.8 281032 204162 114750 126199 96863 91267.9 122406 147090 80655.8 74922 106377 91281.6 88732.7 65564.4
threshold=18.500000000000004 14.414166666666668 0 1 2 30165.500000000004 55071.000000000007 21.500000000000004 25414.000000000004 3 4.5000000000000009 4 21998.500000000004 4.5000000000000009 5 7.5000000000000009 6 7 25164.000000000004 40851.500000000007 8272.5000000000018 8 25164.000000000004 12.500000000000002 9.5000000000000018 16538.000000000004 18.70291666666667 8.5000000000000018 15703.000000000002 26.585208333333338
decision_type=2 2 1 1 1 8 10 2 8 1 2 1 10 2 1 2 1 1 8 8 10 1 8 2 2 10 2 2 10 2
left_child=10 4 -3 6 5 -2 -4 8 -5 -10 11 12 13 14 -1 16 18 20 -12 -20 -17 22 -18 -24 -22 27 -27 -26 -29 -25
right_child=1 2 3 7 -6 -7 -8 -9 9 -11 15 -13 -14 -15 -16 17 21 -19 19 -21 24 -23 23 29 25 26 -28 28 -30 -31
leaf_value=0.077354162408596647 -0.27155911415391765 -0.42061541684389908 0.078675639102539038 -0.055439703549188528 -0.0016913719672661657 -0.083054019655024861 0.32386832136285093 -0.11543828615718039 0.087609780501688467 -0.011393416369939917 -0.0040854800011872446 -0.012858699926335471 0.12572607146385925 0.16127426408790829 -0.087408334250358835 -0.057059829781123311 -0.050685772639266873 -0.025601724319591502 -0.28355884635427797 -0.10186184877363957 -0.061742089741148636 0.0076164297918261299 0.88646425769964443 0.084705405064478517 0.27767996928080624 0.0658999856793311 -0.03811773638938587 0.033877195356240918 0.38016868822244682 2.3723881959915163
leaf_weight=18681 4173 1202 7522 16952 26459 32588 2449 6634 23509 25437 20547 158701 43976 10567 19557 22771 2143 226041 12317 42640 14652 130834 1139 1473 8154 142313 29711 15476 2101 32
leaf_count=18681 4173 1202 7522 16952 26459 32588 2449 6634 23509 25437 20547 158701 43976 10567 19557 22771 2143 226041 12317 42640 14652 130834 1139 1473 8154 142313 29711 15476 2101 32
internal_value=3.38315e-06 -0.0200405 0.0112311 0.0175716 -0.0614449 -0.104424 0.138759 0.000895133 0.0126066 0.0361739 0.00319115 0.0195951 0.0751002 0.0294989 -0.006917 -0.00294453 -0.0275742 0.00832984 -0.10488 -0.142584 0.0409425 0.0154708 0.229675 0.45778 0.0514507 0.0598373 0.0479346 0.139412 0.0752698 0.133347
internal_weight=1.07075e+06 146925 83705 82503 63220 36761 9971 72532 65898 48946 923826 251482 92781 48805 38238 672344 211125 461219 75504 54957 235178 135621 4787 2644 212407 197755 172024 25731 17577 1505
internal_count=1070751 146925 83705 82503 63220 36761 9971 72532 65898 48946 923826 251482 92781 48805 38238 672344 211125 461219 75504 54957 235178 135621 4787 2644 212407 197755 172024 25731 17577 1505
cat_boundaries=0 1 2 3 4 5 6 7 8 9
cat_threshold=128 33554688 6850403 23725168 6169858 1974272 21761664 21794736 8192
is_linear=0
shrinkage=0.05


Tree=122
num_leaves=31
num_cat=13
split_feature=2 0 1 0 1 0 2 0 1 3 3 0 4 3 5 0 5 0 6 2 0 0 0 0 4 0 6 1 0 1
split_gain=25649.5 60503 52140.9 69476.9 48238.7 116923 68505.5 153798 113226 96150.4 96844.6 129500 77927.8 152765 117744 112674 82786 96629.3 77268.3 127458 99383.3 98976.1 72417 72260 72656.1 60300.2 56562.5 55455.3 51108.3 50314.4
threshold=5.5000000000000009 0 15.500000000000002 1 11.500000000000002 2 4.5000000000000009 3 19.500000000000004 8.5000000000000018 4.5000000000000009 4 43220.500000000007 6.5000000000000009 8.4870833333333362 5 9.6675000000000022 6 1.0000000180025095e-35 1.0000000180025095e-35 7 8 9 10 56998.500000000007 11 7.2250000000000005 19.500000000000004 12 16.500000000000004
decision_type=2 1 2 1 2 1 2 1 2 2 2 1 10 2 2 1 2 1 2 2 1 1 1 1 10 1 2 2 1 2
left_child=4 -2 3 -3 5 -1 12 28 9 10 11 -9 25 15 18 -14 17 27 19 20 29 -20 -18 -11 -25 -6 -23 -16 -8 -15
right_child=1 2 -4 -5 6 -7 7 8 -10 23 -12 -13 13 14 16 -17 22 -19 21 -21 -22 26 -24 24 -26 -27 -28 -29 -30 -31
leaf_value=-0.081571890214879622 -0.06717131358878356 0.13419775612022947 -0.040210108888669167 0.0043091430752241391 0.012880568300841347 0.0035492152481086192 -0.14869202203050377 0.34582836954426122 -0.057422433671547271 0.28034441624898065 -0.0048967096781687746 0.062161521859780147 -0.019325412382801409 0.7679576093455156 0.68420752288614661 0.15880029710676036 0.066571889210889995 0.063693097847856664 -0.015302511007976262 -0.0634212374967697 0.21145839660923921 -0.37855541500231543 -0.022486967981611108 0.19636626533523008 -0.015350645042043354 -0.025803667532599141 0.16739081100319805 -0.05456923955726245 -0.0094083375222657958 2.2158639494578045
leaf_weight=53461 45615 12811 44762 52278 176180 164316 8547 5600 12711 10594 25537 14279 12208 120 1312 32568 37991 3155 4121 7414 537 5640 57152 10403 6638 235229 518 315 28619 120
leaf_count=53461 45615 12811 44762 52278 176180 164316 8547 5600 12711 10594 25537 14279 12208 120 1312 32568 37991 3155 4121 7414 537 5640 57152 10403 6638 235229 518 315 28619 120
internal_value=3.03326e-06 -0.0187739 0.00132878 0.0298955 0.0031924 -0.0173503 0.00960628 0.0434835 0.0802949 0.104269 0.0595225 0.142277 0.00235845 0.031597 0.00184501 0.110266 0.0232822 0.226282 -0.114133 0.000429896 0.609686 -0.205425 0.0130792 0.177806 0.113829 -0.00923801 -0.332092 0.537869 -0.0414705 1.43223
internal_weight=1.07075e+06 155466 109851 65089 915285 217777 697508 122928 85762 73051 45416 19879 574580 163171 118395 44776 99925 4782 18470 8191 777 10279 95143 27635 17041 411409 6158 1627 37166 240
internal_count=1070751 155466 109851 65089 915285 217777 697508 122928 85762 73051 45416 19879 574580 163171 118395 44776 99925 4782 18470 8191 777 10279 95143 27635 17041 411409 6158 1627 37166 240
cat_boundaries=0 1 2 3 4 5 6 7 8 9 10 11 12 13
cat_threshold=35004578 525568 4359426 3616780 525570 2429068 4755200 4228866 1397404 34743715 4753152 41353456 3145728
is_linear=0
shrinkage=0.05


Tree=123
num_leaves=31
num_cat=10
split_feature=3 3 0 1 4 5 0 3 0 5 0 4 0 1 0 4 0 2 0 0 0 4 5 4 3 4 1 5 4 4
split_gain=25476.4 62605.3 124880 64597.8 59462.7 66161.9 48395.7 45659.6 42599.5 41966.8 48331.6 45712.3 61615.6 41313.1 57581 43795.7 52231.9 40776.2 37015.1 35742.2 34941.8 205754 101112 86677.6 85991.9 105413 96202.1 67120.2 55829.4 50970.5
threshold=1.5000000000000002 4.5000000000000009 0 18.500000000000004 53772.500000000007 17.276458333333338 1 2.5000000000000004 2 1.0000000180025095e-35 3 29639.000000000004 4 11.500000000000002 5 68228.500000000015 6 3.5000000000000004 7 8 9 37767.500000000007 12.62166666666667 31304.500000000004 9.5000000000000018 26509.000000000004 16.500000000000004 5.4408333333333347 34548.500000000007 21102.000000000004
decision_type=2 2 1 2 10 2 1 2 1 2 1 8 1 2 1 10 1 2 1 1 1 8 2 10 2 10 2 2 8 10
left_child=8 2 3 4 5 9 17 -5 -1 10 -2 12 -11 -6 -15 -16 -17 -3 -9 -4 21 22 24 29 -19 27 -27 -26 -22 -24
right_child=1 6 19 7 13 -7 -8 18 -10 11 -12 -13 -14 14 15 16 -18 20 -20 -21 28 -23 23 -25 25 26 -28 -29 -30 -31
leaf_value=-0.074767713214911088 0.19309778826887611 -0.0054572506099151308 -0.2350584203581029 -0.2400402769766358 0.029299966366585207 -0.17859249097007257 0.0030535919342712784 -0.10065289782016172 0.0017786568655353341 0.12560187886741347 -0.16395476565301645 0.097251959300830165 -0.10415418393776073 0.0083098445520459318 0.28219503943893315 1.1824000390878375 0.29358062162156684 0.25466387449186062 0.095081511773131983 -0.011241460122979149 0.022600593347310211 0.037186508920443548 -0.15310492258248942 0.36931284312285229 1.8920683811692631 -1.4287503402844994 -0.42812728019811774 -0.38782307400430283 -0.068719980263244593 -0.54444090975061044
leaf_weight=29589 1277 113266 1810 2407 2796 2721 593375 4538 47104 4977 3597 65843 7024 1789 4764 308 392 237 5141 89809 25772 8567 2318 571 34 678 372 639 47738 1298
leaf_count=29589 1277 113266 1810 2407 2796 2721 593375 4538 47104 4977 3597 65843 7024 1789 4764 308 392 237 5141 89809 25772 8567 2318 571 34 678 372 639 47738 1298
internal_value=3.32712e-06 0.00214556 0.0272112 0.0637436 0.077534 0.0640024 -0.00413589 -0.0451582 -0.0277633 0.0719825 -0.0703463 0.0808941 -0.00885293 0.192584 0.255529 0.335842 0.705747 -0.0253073 0.00330566 -0.0156883 -0.0507947 -0.12111 -0.341922 -0.203177 -0.638311 -0.76114 -1.07424 -0.272643 -0.0366987 -0.293579
internal_weight=1.07075e+06 994058 199193 107574 95488 85439 794865 12086 76693 82718 4874 77844 12001 10049 7253 5464 700 201490 9679 91619 88224 14714 6147 4187 1960 1723 1050 673 73510 3616
internal_count=1070751 994058 199193 107574 95488 85439 794865 12086 76693 82718 4874 77844 12001 10049 7253 5464 700 201490 9679 91619 88224 14714 6147 4187 1960 1723 1050 673 73510 3616
cat_boundaries=0 1 2 3 4 5 6 7 8 9 10
cat_threshold=39740739 1967106 35711217 786496 5375232 1310784 525315 4457730 32768 1048576
is_linear=0
shrinkage=0.05


Tree=124
num_leaves=31
num_cat=12
split_feature=1 0 1 0 1 4 3 3 1 0 1 5 0 1 0 0 4 0 5 0 3 0 3 0 4 0 3 0 4 3
split_gain=24713.8 92668.1 69667.1 77806.4 68790.3 69606.4 62227.1 61796.4 79646.6 70729.7 57953.8 45133.1 65612.2 54804.2 103306 78398.7 59948.8 44990 43906.5 115894 126914 113915 172909 87219 86637.4 53697.3 60511.3 46779 71327.1 41931.5
threshold=16.500000000000004 0 14.500000000000002 1 20.500000000000004 16165.500000000002 8.5000000000000018 3.5000000000000004 18.500000000000004 2 19.500000000000004 14.414166666666668 3 17.500000000000004 4 5 29639.000000000004 6 10.975833333333336 7 8.5000000000000018 8 10.500000000000002 9 16538.000000000004 10 9.5000000000000018 11 31072.000000000004 10.500000000000002
decision_type=2 1 2 1 2 10 2 2 2 1 2 2 1 2 1 1 8 1 2 1 2 1 2 1 10 1 2 1 10 2
left_child=2 4 17 -4 5 -2 7 -7 9 -9 -8 13 -13 14 -3 -15 -17 29 21 20 -20 22 -19 24 -23 26 -21 28 -25 -1
right_child=1 11 3 -5 -6 6 10 8 -10 -11 -12 12 -14 15 -16 16 -18 18 19 25 -22 23 -24 27 -26 -27 -28 -29 -30 -31
leaf_value=-0.019109955828932948 0.022501652627268609 0.16392557915280553 0.077014128752760438 0.009416047634927014 0.42282119748938451 -0.44068323716209135 -0.41800185438119791 0.10881652564322171 -0.33918757718879095 -0.61969735862388797 0.32866212764628044 0.097443530721055993 0.00085486770488924803 -0.15126528454582466 -0.019043904112840633 -0.12520508422281801 -0.0092453157019330885 0.022546056569230248 0.19617645288516122 -0.085947511877846328 -0.051648381163118873 -0.018646381100307471 0.45681912590238982 0.00080804651220176514 -0.49483267600795044 -0.0075851285860301905 0.059224095549404734 -0.0038081228824283042 0.10164140170513072 -0.10226397712938901
leaf_weight=89363 4497 9777 61525 138140 552 1289 3792 4189 1834 352 279 20229 133949 15056 36426 13218 71090 6021 13288 47095 8452 2237 3701 36822 1667 180095 8469 105600 33489 18258
leaf_count=89363 4497 9777 61525 138140 552 1289 3792 4189 1834 352 279 20229 133949 15056 36426 13218 71090 6021 13288 47095 8452 2237 3701 36822 1667 180095 8469 105600 33489 18258
internal_value=3.7272e-06 -0.011722 0.00492472 0.0302501 -0.126015 -0.144757 -0.208853 -0.124937 -0.0610949 0.05122 -0.36683 -0.00531781 0.0135342 -0.0252854 0.0197056 -0.0462056 -0.0274225 -0.00419355 0.00279519 -0.0106527 0.0997821 0.0210581 0.187673 0.0120386 -0.22141 -0.0208438 -0.0638091 0.0172319 0.0488278 -0.033214
internal_weight=1.07075e+06 316529 754222 199665 16784 16232 11735 7664 6375 4541 4071 299745 154178 145567 46203 99364 84308 554557 446936 257399 21740 189537 9722 179815 3904 235659 55564 175911 70311 107621
internal_count=1070751 316529 754222 199665 16784 16232 11735 7664 6375 4541 4071 299745 154178 145567 46203 99364 84308 554557 446936 257399 21740 189537 9722 179815 3904 235659 55564 175911 70311 107621
cat_boundaries=0 1 2 3 4 5 6 7 8 9 10 11 12
cat_threshold=270464 5416320 262272 35651840 5244160 3146016 33719552 8224 128 8192 20973696 21760514
is_linear=0
shrinkage=0.05


Tree=125
num_leaves=31
num_cat=9
split_feature=1 4 0 5 3 0 0 1 5 4 4 0 1 0 3 0 0 0 4 3 2 0 6 6 5 4 4 4 4 3
split_gain=23672.3 47840.5 50395.9 30153.9 48955.6 39560.3 33358.5 29375.7 28578.7 32695 24838 28440.7 26413.4 80048.4 60514.2 78766.2 60066.1 59814.4 81552.3 76171.5 62247.4 60426.9 58798.7 78141.6 59725.1 102291 77920.1 58931.1 58886.6 53059
threshold=20.500000000000004 28181.500000000004 0 17.896250000000006 8.5000000000000018 1 2 21.500000000000004 4.4695833333333344 64060.500000000007 -771.49999999999989 3 11.500000000000002 4 9.5000000000000018 5 6 7 58238.500000000007 6.5000000000000009 1.0000000180025095e-35 8 1.1050000000000002 0.64500000000000013 7.2612500000000013 47014.000000000007 31304.500000000004 47228.000000000007 12055.500000000002 2.5000000000000004
decision_type=2 8 1 2 2 1 1 2 2 10 8 1 2 1 2 1 1 1 10 2 2 1 2 2 2 10 10 8 8 2
left_child=10 -2 8 5 6 -4 -5 -8 -3 -10 11 -1 13 -12 16 -16 -15 18 20 -20 -14 -21 23 28 25 26 -24 -25 -22 -29
right_child=1 2 3 4 -6 -7 7 -9 9 -11 12 -13 17 14 15 -17 -18 -19 19 21 22 -23 24 27 -26 -27 -28 29 -30 -31
leaf_value=-0.12458903016869714 -0.27775355196639717 -0.31841527356551247 -0.19510072244672527 0.19622409303011615 -0.53886450934671348 -0.03483448484876598 0.056504149114599868 -0.099363293419785906 0.33168701517365012 1.2325975377295839 0.026337534368494397 0.0017892151559339136 0.065154061376484482 -0.099099550529534397 0.27274553328898293 -0.00061537399184419272 -0.024329348561635187 -0.0069352672203471166 0.20989962693935824 0.17691157874126293 -0.069171454714439945 0.0027181088937330965 -0.14003602713746757 0.039595622912826228 -0.005702955844625472 -0.42776920843591193 0.064775009724980168 -0.4854091867866358 0.023265469623948581 0.27025688486270372
leaf_weight=8304 1973 130 5035 2567 385 16326 8238 4775 577 122 89243 9592 50146 42554 2801 42135 72865 380009 10006 6696 19434 19340 12256 7643 89462 2122 7477 241 151866 6431
leaf_count=8304 1973 130 5035 2567 385 16326 8238 4775 577 122 89243 9592 50146 42554 2801 42135 72865 380009 10006 6696 19434 19340 12256 7643 89462 2122 7477 241 151866 6431
internal_value=3.38023e-06 -0.0376733 -0.0252587 -0.0338577 0.0181164 -0.0727185 0.03188 -0.000689438 0.358005 0.488927 0.00147035 -0.0569207 0.00250218 -0.0116172 -0.0327398 0.0164846 -0.0519072 0.00712022 0.0210612 0.092648 0.0136279 0.0475866 0.00492618 0.0221567 -0.0238048 -0.0979037 -0.0624314 0.134381 0.0127785 0.242961
internal_weight=1.07075e+06 40128 38155 37326 15965 21361 15580 13013 829 699 1.03062e+06 17896 1.01273e+06 249598 160355 44936 115419 763129 383120 36042 347078 26036 296932 185615 111317 21855 19733 14315 171300 6672
internal_count=1070751 40128 38155 37326 15965 21361 15580 13013 829 699 1030623 17896 1012727 249598 160355 44936 115419 763129 383120 36042 347078 26036 296932 185615 111317 21855 19733 14315 171300 6672
cat_boundaries=0 1 2 3 4 5 6 7 8 9
cat_threshold=1310848 6423808 33685760 50760162 3946508 128 4359298 21153139 1282
is_linear=0
shrinkage=0.05


Tree=126
num_leaves=31
num_cat=9
split_feature=4 4 4 4 4 0 1 2 0 0 1 2 5 0 4 5 0 3 6 5 0 3 5 1 0 5 3 0 0 2
split_gain=23114.4 61978.2 59614 57344.1 46306.7 41622.4 41101.5 71711.6 84198.4 34265.2 35705.1 25345.4 45079.3 43021.6 34970.3 71161.9 96525.6 81791.7 60731.8 65400.6 55517.1 52611.9 42695.6 42284 39379.4 36090.7 98244.4 89315.2 35952.9 29942.9
threshold=77597.000000000015 77326.000000000015 75218.500000000015 72790.500000000015 72284.500000000015 0 13.500000000000002 2.5000000000000004 1 2 12.500000000000002 1.5000000000000002 -0.6433333333333332 3 35425.500000000007 11.375625000000001 4 11.500000000000002 3.9500000000000006 8.7275000000000009 5 11.500000000000002 1.7954166666666669 10.500000000000002 6 19.666875000000005 8.5000000000000018 7 8 2.5000000000000004
decision_type=10 10 10 10 10 1 2 2 1 1 2 2 2 1 10 2 1 2 2 2 1 2 2 2 1 2 2 1 1 2
left_child=1 2 3 4 11 -5 -4 8 -8 -2 -11 14 13 29 25 16 18 20 21 -20 23 -16 -23 -17 -18 -1 27 -27 -19 -13
right_child=9 -3 6 5 -6 -7 7 -9 -10 10 -12 12 -14 -15 15 17 24 28 19 -21 -22 22 -24 -25 -26 26 -28 -29 -30 -31
leaf_value=-0.0084044884532923428 -0.15340157887088171 -0.25677464783847409 -0.0011696228321283987 -0.006600238716456726 0.23035994558750983 -0.30597289145387191 1.8917184417230495 0.16916506397855935 0.44509501286186037 -0.055177884519304311 0.3680206815391438 -0.22787299909713596 -0.0039376399782614629 -0.10320380633544951 0.19648395700229659 -0.086066023187771998 -0.20899238703337186 -0.075999279034805203 0.14321475902089784 0.57845030329283431 -0.025240315329258262 0.41351844650445824 -0.10247445606641603 0.095396538178232154 0.0416075641003123 0.2723380624371558 -0.10667748627576622 0.027030419995401164 -0.63923368080376897 -1.1555275633757891
leaf_weight=168373 759 2352 1708 2081 2181 2635 128 1918 457 730 1571 176 752858 6463 8958 3758 1689 499 1660 1798 39810 463 2989 22026 20293 6321 6254 8987 684 172
leaf_count=168373 759 2352 1708 2081 2181 2635 128 1918 457 730 1571 176 752858 6463 8958 3758 1689 499 1660 1798 39810 463 2989 22026 20293 6321 6254 8987 684 172
internal_value=3.30052e-06 -0.000389982 0.00017605 -0.00056904 0.000207566 -0.174533 0.187931 0.31697 0.801567 0.137227 0.232748 -0.000268575 -0.00509614 -0.133151 0.0121816 0.0353936 0.0901648 0.00434861 0.184095 0.369517 0.01178 0.132576 -0.0332668 0.0689218 0.0222663 -0.000604865 0.0603007 0.128519 -0.407702 -0.667197
internal_weight=1.07075e+06 1.06769e+06 1.06534e+06 1.06113e+06 1.05641e+06 4716 4211 2503 585 3060 2301 1.05423e+06 759669 6811 294562 104627 37850 66777 15868 3458 65594 12410 3452 25784 21982 189935 21562 15308 1183 348
internal_count=1070751 1067691 1065339 1061128 1056412 4716 4211 2503 585 3060 2301 1054231 759669 6811 294562 104627 37850 66777 15868 3458 65594 12410 3452 25784 21982 189935 21562 15308 1183 348
cat_boundaries=0 1 2 3 4 5 6 7 8 9
cat_threshold=4511118 4227330 2470024 256 21008163 36726051 2105344 17606496 2445981
is_linear=0
shrinkage=0.05


Tree=127
num_leaves=31
num_cat=14
split_feature=1 0 1 0 4 0 2 5 0 0 1 0 1 4 3 3 0 0 0 3 0 0 4 0 3 4 3 0 4 0
split_gain=23325.4 84764.6 60893.5 70547.9 62802 45812.3 43902.4 45064.2 59311.3 48908.5 61463 72000.1 76861 58175.7 47738.9 69319 44287.8 41509.6 40316.1 40096.9 42017.9 40066.3 39694.8 39571.3 45377.1 47192.8 38806.6 116501 54926.2 53949.9
threshold=16.500000000000004 0 14.500000000000002 1 49345.000000000007 2 5.5000000000000009 10.644791666666668 3 4 17.500000000000004 5 19.500000000000004 57423.000000000007 3.5000000000000004 9.5000000000000018 6 7 8 3.5000000000000004 9 10 26803.500000000004 11 4.5000000000000009 21998.500000000004 9.5000000000000018 12 31304.500000000004 13
decision_type=2 1 2 1 10 1 2 2 1 1 2 1 2 10 2 2 1 1 1 2 1 1 8 1 2 10 2 1 10 1
left_child=2 18 23 -4 21 -6 7 9 22 -3 17 12 13 14 -12 -16 -8 -11 -2 20 -20 -5 -9 -1 25 -25 29 28 -28 -26
right_child=1 6 3 4 5 -7 16 8 -10 10 11 -13 -14 -15 15 -17 -18 -19 19 -21 -22 -23 -24 24 26 -27 27 -29 -30 -31
leaf_value=0.011558942404078705 -0.34175807254583329 0.021014902594814925 -0.0048324854379011052 -0.019365908562362744 0.19734997466024368 0.061841597200446644 -0.10795459647080563 -0.0052463229712094196 0.0072979134861823509 0.12353526265268358 -1.0028991761961066 -0.08583912723569545 0.13554939897752358 -1.5950031480045184 0.82713949538893616 -0.50133963136846182 -0.0020987946170493961 -0.050566233256471638 -0.4448657188548647 -0.045074008479928845 -0.11889132965500598 0.056226430024122878 0.11736787459607322 -0.021730223948649957 -0.082042600242294525 0.051493265322959531 -0.0029856931926164256 -0.044787670446941381 0.13261013174724698 -0.018725214627322108
leaf_weight=239846 1341 32419 88554 24523 11608 13536 17626 9168 123150 5883 336 24131 435 141 118 585 22482 8162 1184 39863 5933 61444 23572 43786 54882 44235 12661 53981 18210 86956
leaf_count=239846 1341 32419 88554 24523 11608 13536 17626 9168 123150 5883 336 24131 435 141 118 585 22482 8162 1184 39863 5933 61444 23572 43786 54882 44235 12661 53981 18210 86956
internal_value=3.67677e-06 -0.0113879 0.00478445 0.0284615 0.0549919 0.124504 -0.000403985 0.00807864 0.0232042 -0.0245751 -0.0617086 -0.107622 -0.4299 -0.641992 -0.512662 -0.278352 -0.048646 0.0224113 -0.0723395 -0.0645781 -0.173913 0.0346672 0.0830075 -0.00374035 -0.0154 0.0150683 -0.0272312 -0.000484402 0.0769738 -0.043232
internal_weight=1.07075e+06 316529 754222 199665 111111 25144 268208 228100 155890 72210 39791 25746 1615 1180 1039 703 40108 14045 48321 46980 7117 85967 32740 554557 314711 88021 226690 84852 30871 141838
internal_count=1070751 316529 754222 199665 111111 25144 268208 228100 155890 72210 39791 25746 1615 1180 1039 703 40108 14045 48321 46980 7117 85967 32740 554557 314711 88021 226690 84852 30871 141838
cat_boundaries=0 1 2 3 4 5 6 7 8 9 10 11 12 13 14
cat_threshold=336544 52762684 1065731 34734336 17308696 1048576 5768514 5243138 8192 128 16899 2957997 21007360 21105664
is_linear=0
shrinkage=0.05


end of trees

feature_importances:
ride=1242
hour=811
attendance=789
month=429
temp=280
day_of_week=220
rain=69

parameters:
[boosting: gbdt]
[objective: regression]
[metric: l1]
[tree_learner: serial]
[device_type: cpu]
[data_sample_strategy: bagging]
[data: ]
[valid: ]
[num_iterations: 500]
[learning_rate: 0.05]
[num_leaves: 31]
[num_threads: 0]
[seed: 0]
[deterministic: 0]
[force_col_wise: 0]
[force_row_wise: 0]
[histogram_pool_size: -1]
[max_depth: -1]
[min_data_in_leaf: 20]
[min_sum_hessian_in_leaf: 0.001]
[bagging_fraction: 1]
[pos_bagging_fraction: 1]
[neg_bagging_fraction: 1]
[bagging_freq: 0]
[bagging_seed: 7719]
[bagging_by_query: 0]
[feature_fraction: 1]
[feature_fraction_bynode: 1]
[feature_fraction_seed: 2437]
[extra_trees: 0]
[extra_seed: 11797]
[early_stopping_round: 0]
[early_stopping_min_delta: 0]
[first_metric_only: 0]
[max_delta_step: 0]
[lambda_l1: 0]
[lambda_l2: 0]
[linear_lambda: 0]
[min_gain_to_split: 0]
[drop_rate: 0.1]
[max_drop: 50]
[skip_drop: 0.5]
[xgboost_dart_mode: 0]
[uniform_drop: 0]
[drop_seed: 21238]
[top_rate: 0.2]
[other_rate: 0.1]
[min_data_per_group: 100]
[max_cat_threshold: 32]
[cat_l2: 10]
[cat_smooth: 10]
[max_cat_to_onehot: 4]
[top_k: 20]
[monotone_constraints: ]
[monotone_constraints_method: basic]
[monotone_penalty: 0]
[feature_contri: ]
[forcedsplits_filename: ]
[refit_decay_rate: 0.9]
[cegb_tradeoff: 1]
[cegb_penalty_split: 0]
[cegb_penalty_feature_lazy: ]
[cegb_penalty_feature_coupled: ]
[path_smooth: 0]
[interaction_constraints: ]
[verbosity: -1]
[saved_feature_importance_type: 0]
[use_quantized_grad: 0]
[num_grad_quant_bins: 4]
[quant_train_renew_leaf: 0]
[stochastic_rounding: 1]
[linear_tree: 0]
[max_bin: 255]
[max_bin_by_feature: ]
[min_data_in_bin: 3]
[bin_construct_sample_cnt: 200000]
[data_random_seed: 38]
[is_enable_sparse: 1]
[enable_bundle: 1]
[use_missing: 1]
[zero_as_missing: 0]
[feature_pre_filter: 1]
[pre_partition: 0]
[two_round: 0]
[header: 0]
[label_column: ]
[weight_column: ]
[group_column: ]
[ignore_column: ]
[categorical_feature: 0]
[forcedbins_filename: ]
[precise_float_parser: 0]
[parser_config_file: ]
[objective_seed: 8855]
[num_class: 1]
[is_unbalance: 0]
[scale_pos_weight: 1]
[sigmoid: 1]
[boost_from_average: 1]
[reg_sqrt: 0]
[alpha: 0.9]
[fair_c: 1]
[poisson_max_delta_step: 0.7]
[tweedie_variance_power: 1.5]
[lambdarank_truncation_level: 30]
[lambdarank_norm: 1]
[label_gain: ]
[lambdarank_position_bias_regularization: 0]
[eval_at: ]
[multi_error_top_k: 1]
[auc_mu_weights: ]
[num_machines: 1]
[local_listen_port: 12400]
[time_out: 120]
[machine_list_filename: ]
[machines: ]
[gpu_platform_id: -1]
[gpu_device_id: -1]
[gpu_device_id_list: ]
[gpu_use_dp: 0]
[num_gpu: 1]

end of parameters

pandas_categorical:[["Bumper Cars", "Bungee Jump", "Circus Train", "Crazy Dance", "Dizzy Dropper", "Drop Tower", "Flying Coaster", "Free Fall", "Giant Wheel", "Giga Coaster", "Go-Karts", "Haunted House", "Himalaya Ride", "Inverted Coaster", "Kiddie Coaster", "Merry Go Round", "Oz Theatre", "Rapids Ride", "Roller Coaster", "Spinning Coaster", "Spiral Slide", "Superman Ride", "Swing Ride", "Vertical Drop", "Water Ride", "Zipline"]]
